Rank,School,Name,Adjusted Rating,Deviation,Matches,Rating,Hash
1,Peninsula,Sterling Utovac,2176.3263923615527,77.85678558914505,70,2332.039963539843,f8cb409f9ea19110f65840b7c48758cd4dd3a6d0aea0260727634ad49afa06d5
2,Lynbrook,Bolang Zhu,2091.1827507382036,73.56309871975489,86,2238.3089481777133,666f252134bb35d01bd000c25e76fddc43274642281d39c5361d45e5e49b0f96
3,Harker,Siddhartha Daswani,2091.0538320432834,71.59724500227681,77,2234.248322047837,1a6be0161e0c86994718700367efbf56d5229bdc5f0153ff404c74a975e4c14d
4,Lynbrook,Vikrant Vadathavoor,2082.836633896288,69.1533783783733,72,2221.1433906530347,53c28d3ae691386cab1e9c4917afe4694ec013d934d43c589dec1ad373bcce08
5,Lynbrook,Om Modi,2049.2089990165414,73.06278739387196,79,2195.3345738042854,9d1cfa57c26466aec1eebe7d0b38d554bd249ba8fc5c63bd83f3fc835c0006a5
6,Marlborough,Olivia Ohr,2015.627852654539,74.2069517757001,78,2164.0417562059392,b0bc9d0289f958f27e34c11aadb9d2ebcbb1b90807d84e75779ec410ac44bec6
7,Plano West,Angel Ribo,1982.0972325009802,86.3848677397184,26,2154.866967980417,43bf4e270126977636f2f2facd9fbbf2ede77a7acecbe82e6bd425591162e785
8,Greenhill,Sarah Koshy,1973.2320862511697,78.43362916223717,42,2130.099344575644,90fed1117f82944bc029fb51ee45d4d6e813a10dba77cecd650b0237d40b818a
9,Monta Vista,Ethan Yang,1971.889768104135,75.47063596628422,47,2122.8310400367036,7d5319c5a6cff8cba30ee8b6fd4af7b832c5dbc4d8cd1c109d9a1564a4fe6966
10,Head-Royce,Alexander Jayaratne,1952.924237601301,93.378964333028,20,2139.682166267357,219c795db87b5ceb49438a25b98773513d3ff5b5d1f80bf87f038ce11c9afb0a
11,Riverside Independent,Shiwen Huang,1949.40054845756,68.39016656957162,69,2086.1808815967033,2a9d196f9ab181e7fe3aedac2c42ebb89cf616cefc6678281a6789144187e905
12,Horace Greeley,Salma Gheith,1938.461209215921,79.68162095613246,46,2097.824451128186,f0e50d1c93bda03618a49f952ed094f2a8a0bc5cdd8810cf630a58889b774eec
13,Harker,Sanjith Senthil,1931.9152086526733,83.72987007515621,44,2099.3749488029857,7796ccd3db3f23f54c0330e34214f2cae635c68ce43c7aff8535292bcf277e2d
14,Harker,Sofia Shah,1915.6703973633296,73.68360546502404,48,2063.0376082933776,c73f4b0c90bfdd9f8282303f415385ee350c2e67665e01fbb3c8a49c05a9a39e
15,McNeil,Atharva Srivastava,1888.8127987914845,80.97639902010202,34,2050.7655968316885,c1b75d0424cdbaf44336bcd83642f940e2166e73c1d40d22a49fe3ea3a794342
16,Interlake,Jayden Park,1885.1129940235987,90.37840419076021,26,2065.869802405119,73be3cb3c3291f1554f9abee0af3126bcd26ef8bab3532e6d7728644c9b11fb1
17,Memorial,Erin Jia,1874.7270427385308,73.58219767263914,60,2021.8914380838091,cd8261fac811dfc1afcd0a0895a087af672bc9065a41794c5ae94098f590e146
18,Harvard-Westlake,August Sone,1864.7139206344577,72.87714441150952,62,2010.4682094574769,ddf2811fdacdb128b3ef9a4fef6b793087a22c4c38995dfaaa886a612ea310e1
19,Harker,Lucas Cao,1862.488104301427,83.5808946844197,30,2029.6498936702665,bd38126ec76c5aace97ae7246ed6d95d84c860a45d3bd7329487681f1a1add29
20,Sharks Independent,William Li,1862.2079855044926,84.62104370170529,31,2031.4500729079032,bf3fa7e8c975f8735b684125e079a66c0fe1438010ec94cccf04950c3a4e9887
21,Loyola,Thatcher Hartman,1859.6576913167992,70.62538225147773,73,2000.9084558197546,4b3c844bd767661f8db32336b4df062d57bc9d71b07ff105e39f7444b928ae69
22,Greenhill,Dylan Millimet,1854.2725937649482,77.62624451664335,41,2009.525082798235,a3006e84181689e9b1eade371a84132af6350b0a7aef3b5be4b1af2733cd8d68
23,Harker,Nikhil Bawa,1846.0781051536924,85.47442477018863,34,2017.0269546940697,6b720224677d7d51070a0828b6dc140fbcd48e92fdaab51be0d4efa4e65ab8dc
24,Coppell,Kaitlyn Tapia,1842.6138527867395,75.4558162489004,56,1993.5254852845403,49df2a8e95bd6faffcaf5ce1d44c409bbb8dd44d261e1932dce0bd7964387251
25,Harker,Tara Prem,1818.5633152143243,77.95804263565276,44,1974.4794004856299,b90316b71bcf3e33ae6e58d5edb770a87b6e5a57ad40a38dc5d8981d8ed08f5d
26,Langham Creek,Elaine Yates,1816.3945146216968,87.04350879029651,27,1990.4815322022898,d529dc1408709b808619224e681782e875a6ffb58ba39f2e6aee836de97f7ba7
27,Harker,Angelina Antony,1793.5948513137146,71.80649432078417,54,1937.207839955283,1a7cd192be2b7dfd340a8e4b5e331668ea01cbfce585214fb8004b5392bb568f
28,Marlborough,Abby Merges,1789.1872795025645,69.6708070040264,63,1928.5288935106173,aff687d3c40a5d5d4b960923c9d7aa948e6eb203dc5ea9e34e7e6f6fc21f9326
29,St Thomas,Craig O'Sullivan,1782.221573531297,75.93930394977437,48,1934.1001814308459,e749b48d5d8cce3b218c8eef0391de4335dea57d429ff3d074b18250f24256ff
30,Harker,Ishaan Dhillon-Patel,1778.6564067622264,78.69166038292758,36,1936.0397275280816,c92ccd5493029870b21ba1cc15b0737fc5bf2e52f3f84aa52753b669f673e81e
31,Kent Denver,Cian Moss,1768.1748884151168,92.57337073160349,25,1953.3216298783238,80499de03dbd8e6d60276b5d0a17d73050d7fadccd20b2a3f12f35173e3e3b10
32,Harker,Arush Savla,1766.8703384680362,91.5153962786531,23,1949.9011310253422,0eac76a7ba072f49e6d60c127104f0385b01bd09cee084804d59cfed188ed0f8
33,Harker,Anirudh Subramanian,1765.5699278186753,83.29824738491037,28,1932.166422588496,14aaaa04df87d05c7442aa4ab52ca68d8073a80f74678ff54d78f042bfab7d09
34,Mountain View,Andrea Wong,1762.3554513326953,77.28749300119934,39,1916.930437335094,a4ba2148ee242b3e27d079799172b5a09cb68b7cdbcdccbc983b6b7b1a300bd2
35,Horace Greeley,Andy Mezgravis-Miani,1761.4305495684098,79.2045747639208,32,1919.8396990962515,b47e3d3ebb71c24032a5b2cc13f64e4376c2c16f15aa87f6c8bfa27056496eff
36,Loyola,Upton Ta-Beadle,1755.9579319648046,73.14204841130206,45,1902.2420287874088,95401d44f52c261cbdbd195f36dcb11c15c58cbc61495ed9814e9567247d213d
37,Strake Jesuit College Prep,Samuel Rubinstein,1753.1989897048425,108.79976177516288,16,1970.7985132551682,ac042e6f1dc0fc72023e38c5915123d5337b198bfe6a7ad974d4e94f2b349033
38,BASIS Scottsdale,Saish Swamidurai,1743.5630181175593,96.95620275048812,22,1937.4754236185356,15424ee79f5a5e2cef7be8609e9284618064ed23c76f689da897717bbab66e67
39,Greenhill,Vivek Thankavel,1734.2692076688963,82.45015518708529,31,1899.169518043067,b4a719d41879886d1847e89098150374295cb187779d21398d0440fd2975bfd5
40,ADL,Victor Kang,1723.335729361811,70.82005257789095,62,1864.9758345175928,8e7af505dcca1ea3d5c818bda21a689dc7aa90d3bc55e3b7cde33f380f5fad29
41,SLC Independent,Luka Mishchenko,1722.9816815382,146.7927849128405,10,2016.567251363881,d0218261994ffaf9e70561474588e15e1167c4fc5f4e9c26f220ea33f65a5a45
42,Papaya Valley,Sreekarthikeya Kankanala,1720.9368322984233,69.13426484017003,60,1859.2053619787634,a49bdbe4c4787164cac1bf91d7a771a4225e78ad8531a2dd1b4f75e70a6f7ccb
43,Cabot,Kaden Buckner,1718.9669008808078,80.89450480857116,31,1880.75591049795,e44bdf6b0afb5f618f204783c044b40a1624aa091eb6318d75a7cf7906383c8e
44,Harvard-Westlake,Kaison Maruyama,1718.1177540991157,82.95566412800535,30,1884.0290823551263,725648cf879a366ca150a601a81a715ef490dbfe681dbcbe4d7b6002ee7935e4
45,Sharks Independent,Justin Ding,1715.9325885668584,123.92655715754681,12,1963.785702881952,96f8349d28878345f0f21b0d1d3470e637df1d7cef092bdacc50b5421176e6b0
46,Isidore Newman,Dylan Carey,1714.8783105824823,78.69464666709428,40,1872.2676039166709,8b29e4b181133ebfd8cfad8be78dfd0a23cee7b69ef71c6db82c867955b16948
47,Clear Lake,Roger Zhen,1710.9327967780052,75.85872511814439,38,1862.650247014294,7cbbb22eddbf14dc8aed8c28ca3bc8103209744628d83cdd87e3dcc85b9fea44
48,Dougherty Valley,Stanley Liu,1710.6694188136719,69.39269848176937,60,1849.4548157772106,dc7ba4001d175b20ef1fbbedb1045bec0d9423564cb94f2cd4e0b9de97ac9c40
49,Cary Acad,Riley Powell,1710.4911114410168,108.80295399563538,14,1928.0970194322874,260fa6febc7e64b6bf0f480eb5f3e92bc9b5f3043cca0466dd81d52bfb01b632
50,Memorial,Brendan Liu,1704.917582294472,80.96804192039312,32,1866.8536661352582,3e507d7d0d39318c210e4346cd61a688f7c932a65edc3a3c46ea6cd067f4cc37
51,Colleyville Heritage,Grady Morris,1697.0098468053943,87.90809724895122,30,1872.8260413032967,e5b4e73b8cc4d4c1cbec31910ba043c82b0c050ab28d73c5094872b8fd5f86d5
52,Edgemont,Anya Pathak,1696.8118423467997,80.94729348476649,32,1858.7064293163328,7be5ab1223b5004846156a334c8b75ce5f54ceae0673eaa557b7d301891170c3
53,Awty International,Darina Rudkovskaia,1695.9690438946518,73.45371276688816,52,1842.8764694284282,7d71f30987bb091ff5ed6293ae5b793fbccfb3b7d9bce2f2b67bde2b44b30799
54,Loyola,Rishad Vaghaiwalla,1692.3850345502826,80.01045125655494,38,1852.4059370633925,bcc822a280bc1353da99fdda1526471a463ccd0b858cfe2f6bcdb59549139771
55,Altamont,Serena Blutter,1692.0656487148758,85.54650336023529,29,1863.1586554353464,2f4fab8fa79cc993cd070aeb35f145b3774a6a478f87bbbefaea85ff372f80e5
56,Little Rock Central,Gabrielle Torrence,1691.7111073334627,94.2005947159132,21,1880.112296765289,3de8cef993477f4fb7d544dc8e25282608fa94fe2c4e1b7d37fdfb219f9b2618
57,Barrington,Albert Cai,1691.555441704882,71.48997915542446,59,1834.5354000157308,3bc4c179da7045f703583c3344032d886e7f53d177df7545783d55c8e44a045a
58,Harrison,Flynn Williams,1690.982379710355,86.88612419980471,32,1864.7546281099644,aef2abf48360a540946c89c6c79d832b46e231bd602952d52af1da96229f6639
59,Memorial,Adrienne Wang,1689.6254694527083,93.94253171563224,22,1877.5105328839727,d754330a5c0359094f71961e43d244e1abee8fcffe43baaefaf6a94f4cf1645d
60,Waring,Micah Byron-Smarra,1684.7114877736371,74.53285624841915,47,1833.7772002704755,70894dea6872afccc36164e3bda0593d682606341a102afa27ff821afae6e310
61,West HS SLC,Luka Mishchenko,1684.232789041885,91.47172345849097,22,1867.176235958867,7fd82a6c8acb1edc0dd1ae76d174fa5dbc99b7433878ad201069d5a844e6becc
62,Greenhill,Eric Xing,1682.7661606385286,79.91882900835417,30,1842.6038186552369,063de2624b3c76cb353b97e33a29f756dd39a3e46cc7e0e037cba565fa5f3bd5
63,Flintridge Prep,Isaac Love,1676.9075745794978,101.34034791028363,18,1879.588270400065,5268ab174b57f55249aa70cc0538753f0a6bf155caeed7f4ff7e58ef1cc1a896
64,Southlake Carroll,Sreethan Karna,1676.859721445053,70.45121813902333,59,1817.7621577230998,736707c7cc27535e5ccfb453e89a942751046291131c716a526ee5d19c34fe6e
65,Gunn HS Independent,Sophia Parang,1674.660232963824,79.83210195863603,51,1834.324436881096,3a1e447209aa5437a371fdb284f81148acea4bf6b2788a959c80567833c350fb
66,Horace Greeley,Chris Correia,1674.5329930093374,79.08364744115592,40,1832.7002878916492,7e80d125c5744ba7f98807e0319a3081f605beba95f7721f5a910a18851e2e9c
67,Cary Acad,Levin Ma,1665.757302804151,88.22284515758392,24,1842.202993119319,8136a866a67663ed41375bea8c8212c52dec85ec29291c9f45144d9828b51d9d
68,American Heritage Broward,Zayn Charania,1665.3324509869583,91.57282884684405,23,1848.4781086806463,770c38617c071f7bb493b64b7e69af9c3e2365ccd429783c7bffa9270606fd5f
69,Millard North,Claire Bloomingdale,1662.742742935137,101.87926771889539,17,1866.5012783729276,e3a0e622d6f40d0c8f194f3a01854e094c914bfe683047e2e0db12a0bfbce4fe
70,Meadows,Teighlor Bloyd,1659.6662556488307,84.80862774814916,37,1829.283511145129,487f2f1c6096625b3d1f9c23aa7e258a8a72bd403a03a31293ea0cb1176e0db6
71,Holy Trinity Episcopal,Chance Hudson,1656.8440993583647,80.58616150288005,35,1818.0164223641248,b9ce32de8eb3ba870ad841acddeab961cdc5fbdfc7334bd41a7a8983a1cf9aac
72,Bronx Science,Lili Sella,1655.7905840481803,99.52123054725466,23,1854.8330451426896,4d892fa4369141f9a42ea5d4a88adddd4148845402cc9d9db5686f8b97fd747b
73,Lexington,Omar Obeidat,1654.9139186408565,88.4011151570491,22,1831.7161489549549,e1edb2d632075ea31f8af920856f3ba0e7c47de7c80a913ab99b1e5306f9b62f
74,Harvard-Westlake,Lilly Stobo,1654.5765776832231,76.67205122255854,48,1807.9206801283403,df87848db5da1b8fa50fb5a22b8bf2853817ebb0b478edb29192891df42ff6ef
75,Harker,Jackson Yue,1654.179546355243,82.14032733000148,33,1818.460201015246,9b0cb96837564ea3aea9e9a606dcd9e14246031d03b0c8d432480569613e8ccb
76,Harker,Rohan Goyal,1651.7702607943133,97.0957061684542,26,1845.9616731312217,0ca552cfe5bfbe886d3fe9e76ef4d0b0197269192a4b8d8c9d458f53adf292fd
77,Westwood,Aanya Ujjval,1651.1482383333087,72.37759707576191,47,1795.9034324848326,e47fa0d901a8daa452759716a28f7be20d3fa67d6fb77c8cc72e504a686a4d1d
78,Sonoma,Atticus Moss,1649.6458971435495,76.74755227658596,38,1803.1410016967213,da2d46f812b0215304fcf01ddad3384a527ad367e0930899b6f19f230727335c
79,Marlborough,Alisha Kim,1639.7346665090386,73.53771136543122,54,1786.810089239901,94f3c723853a53ca946939d329ce72f005f3b8e6d787332f4b1952ff7952ab8a
80,Marlborough,Lucia Sanchez Gagerman,1638.2890463300384,74.56432058861616,48,1787.4176875072708,5cb9efd99b18da41c6ee0705ed67c78380e442c4be90d1a3022c2eac5e0ea5e7
81,Northern Valley,Aaron Choi,1636.159050139827,77.49414507212485,34,1791.1473402840768,73fdbe018c6a06c50156747b4e2cd5a930bea547a67cf1d4a2b9889431a6e486
82,Dougherty Valley,Pranav Narra,1631.90582962024,73.26609347666418,54,1778.4380165735683,9ee49ae18e975721abb7b8de622916c87a89bd747a8f94ee98947bce1a9bac28
83,BASIS Silicon Valley,Vihaan Patel,1630.6599697044874,67.81273486528684,64,1766.285439435061,86b59363ac79a63f3a4f1800a52956aaf92d106b309dca9fba3d6965bedf45c0
84,Edgemont,Arjun Gupta,1630.384005888368,97.41421157031877,21,1825.2124290290055,327379636ffc7428d87d6237829059be6592018cfa278e1331dc7c4ac6d01e6c
85,Brophy,Mason Cavallo,1626.4763547746306,143.2558070678915,8,1912.9879689104137,d4ab71770fefddbe58e480e0b3dffb57ea02515c205a456966d536fe32508a47
86,Cary Acad,Patrick Liu,1624.054030561261,180.45365787807643,5,1984.961346317414,96f6f3ff7979070ad161a785b4c4fbb0e9033f6f3209e80572d2da146fc88070
87,BASIS Silicon Valley,Yifan Sheng,1621.1601868273394,72.92857105041222,47,1767.0173289281638,2700f66469d4ebf5be40756ed0ef4375dba1e6eacd8799dd21a4e6eed1a4f211
88,Greenhill,Aaron Kuang,1612.8466550644825,76.14742284309165,41,1765.1415007506657,ee1fbed1fffb26e1a193933e706e3b5482946d093ab5475e1709138f953aae97
89,City Honors,Jacob Brace,1612.4466756577303,81.90601838088641,32,1776.2587124195031,9f5e25e3f823fa84329dfbb4b9be69d70123ace993f1e6a6ecbfcf514ff1f13d
90,Laurel,Claire Witalec,1605.238543361016,149.7967495148764,8,1904.8320423907687,6c234aaebbc1d39b8487190e8d0e1ff4da799ffd54757472325fdf1d1eef608b
91,Mountain Lakes,Ethan Wu,1603.9504320853332,104.88859199421886,14,1813.7276160737708,dab660a93097a21f30498d79c63b29fea0795fe83e1505ab4f4b5037b28f18a8
92,Vestavia Hills,Veronica Zhang,1601.847590499809,92.99875085025923,21,1787.8450922003276,3944aa592f946b3adf9510d8967788f5f6bcc1a5011118734b87d3f1c9fe8ffe
93,MSTW Independent,Advika Prakash,1598.6274029151639,90.93652384860458,26,1780.500450612373,0c4b18ca60f8095e4c21db6095a8d4efd53a8cffc06c480a34e1f423598d9c06
94,Ridge,Himnish Koul,1597.4334631335876,99.25968939220591,19,1795.9528419179994,662efa7a9788735d9a79298075853f64adec3c59f8b3f673558278bad58024c4
95,Loyola,Tomas Gonzalez,1596.5327197535591,94.71197360343218,22,1785.9566669604235,cccda62fc96490d2c47846c2dd0aa7f782b9c50daf66e01422d21af512db583e
96,McNeil,Nishan Vense,1596.0258796049002,92.41895265448181,23,1780.8637849138638,79f7a1abeb9c856c41d3eeb75bc27cede00866d64650f7c999add9990438e6a1
97,Strake Jesuit College Prep,Matthew Zong,1594.3997557526304,89.2915681985109,28,1772.9828921496521,3c9e007d05bd21c36da55bbb10b3336d3fae76d9f1df4c4504d795cc3f7bd56d
98,Marlborough,Karenna Mehta,1592.6724673647052,110.43939488735006,14,1813.5512571394054,6c4c3e72c986f17a3e1390805ad1e0bd3932e4b661f6359eb6bc9a531ea90b39
99,Strake Jesuit College Prep,Kevin Song,1591.6807643090274,137.9175610750239,8,1867.515886459075,c084b04e4844e008b400687d9edf17b6b7208f95b064113d8e8668c0138fd0a4
100,BASIS Scottsdale,Taejun Kim,1586.1228624815512,144.60508858972366,8,1875.3330396609986,df84031ae9cadd30a798b0a99369f24314144d2347450f8b55deb5e9d7ad6084
101,Clear Lake,Cathryn Wu,1584.8628401321748,77.84434466675171,40,1740.5515294656782,93953612e1c71bb42d186562694e15d8dc771e9f582893f20a8fcff809fb1c39
102,Marlborough,Sophia Moreno,1584.176723698125,84.67809907575142,34,1753.5329218496279,78499018ae89e2097fd07dc37b5c0c3993b4f05f02b24c02ffb018048d280dbe
103,Strake Jesuit College Prep,Lucas Chritah,1581.8061947028177,83.9230162392432,29,1749.6522271813042,9c25e334f70e71acb2124a163a97177686e2fd3cacf02a4581d95b6b47b1c8b3
104,Lynbrook,Angeline Su,1579.947478792001,73.67904277190316,47,1727.3055643358073,49afac94ea699e0ab7262832152f7b6830541387e28571d128fb3c354021248b
105,Harvard-Westlake,Michael Reola,1578.1730341854031,101.66383570009765,26,1781.5007055855986,cadf465356a4c32201b912807c1ef404c11204404ce039e3d9439e8ad83d6a28
106,Mustang,Jason Rong,1577.484617731069,85.01403641063938,28,1747.5126905523477,af20d1b14199ea3d68fed37028c9653fdcab79dfcb160627577a6e3369b88ce8
107,Fairview,Maxwell Kurtz,1575.8297104708004,118.35339524057376,12,1812.5365009519478,33622ec837672fb5282efb8beb74923cc894bf9c416f3a2a418f0e8315cf9b3d
108,Archbishop Mitty,Aadhya Mamillapalli,1573.7848128468484,87.33934284180962,34,1748.4634985304676,bddaea01ae6a859c01cf714f0c84d132824b443abc4bcdcbcbc87d3fcd63cd66
109,Awty International,Alexander Zhang,1572.2013328682442,71.28127367653109,56,1714.7638802213064,8af98e9dd4bb5d61d80619ad6990a4534100e542fa22be087cc890d81e3489ec
110,San Marino,Kaihann Hashimi,1570.736738455605,115.62290471527515,14,1801.9825478861553,3b3b8275a579164230f27dfffb4175f95a31f95db4ab31fc4df90efc04b17d2b
111,Colleyville Heritage,Cameron Buhl,1570.2507113820802,82.8241860558076,35,1735.8990834936953,c8cd6c87e97f672e228c91bc869b9377e4d4567791d917e1be40551c67a8c9e0
112,Phillips Exeter Independent,Ezra Segal,1570.0929998129122,89.79835346329376,27,1749.6897067394998,aaba6dd7aa35d7a9b40cafe0ca88c512e51a8863db302f31620731acb37fe008
113,Harker,Jonathan Sun,1564.3317243723075,78.95640822415753,39,1722.2445408206224,6cfa31fa77b7df86415dd2f49e4d1e64fc3117e6bc7ea79c710c2bdc31e50de5
114,Immaculate Heart,Emma Sobel,1563.7000952673557,69.89197545587444,58,1703.4840461791046,f0dcf0bfe2037c1ada4827cbc5ff6a0885686a2addf8b3730e1b342f4cc6a6ed
115,Rock Hill,Tilak Datta Iyer,1563.5810096896616,80.21107240095523,34,1724.003154491572,28882a1672935c21891f0b00c47ac112df72f52dfd76b86acb9decf4c0fee822
116,Harker,Ananya Pradhan,1561.1359128465147,78.3553389740073,28,1717.8465907945292,5f674099ee83bf2c0cc60eb062747738dfd0ca2e50bb06d8a56102a3a62b3b79
117,American Heritage Palm Beach,Nico Ignatowich,1561.1210042891212,96.49344557811055,20,1754.1078954453424,b4a3b6c2d7fd9c10d61559255dda9d6a58741f0bd9d13d652db4ba0dee2db56f
118,Plano West,Skanda Gopikannan,1560.317679946409,117.27689179531694,14,1794.871463537043,2cac47c46e29f53ea2b7079bcb98e8d688a0d270a6d7ab218cd2aad5fd2a466c
119,Langham Creek,Elaine Yates,1559.5800489842154,102.18398026079767,17,1763.9480095058107,e3b4c641f93b9aef81ae1fa73a18b7f6dba72adcb78f444a0b8f5af18a7d1b99
120,Loyola,Ethan Dumper,1558.829358889464,73.9241369965822,48,1706.6776328826284,8eee524dab0a44d406900ebd2423dead5e4cc197531d9a0ba3aff31cd96f0b15
121,Brearley,Izzy Lee,1557.4753759011032,84.59957546420577,27,1726.6745268295147,29571405a0ec033bf6090e8d58c55da148e0147a461bfcc6916f5b56351a48f5
122,McNeil,Joseph Lijoy,1557.1281614511126,144.08900894558369,8,1845.30617934228,652b33f11c038150c7d1db4c495176f429b27667ede0367bef85bd878e84b112
123,Gunn,Cordelia Hayes,1549.0584249907813,139.33051764843472,7,1827.7194602876507,ac01df7dff90ddd9a6caefe14aeca6c695d6e50e3bde41b39290900845320b5c
124,Troy Independent,Jonah Kim,1547.3911402164904,104.87328555879577,20,1757.1377113340818,9758c936b2645bd5c36b87c085c31276baf29db2f8964a1595285927a220a2e2
125,Flintridge Prep,Colin Xiang,1544.5807903878485,78.84843233771585,43,1702.2776550632802,211f19e1b8fc3e45d65b4a522b8aeb3c8e4796cf90b8ab903dace8d5be828e25
126,Sehome,Ruby Simon,1543.2842420921238,100.05985380442522,19,1743.4039497009742,97a36d169d552cc13da211baf94635c25cb2b914a3b8869238566e4d3217b3b8
127,Sharks Independent,Kylin Wu,1542.5596063973321,76.85569872851713,41,1696.2710038543664,2be25dd96dba538e3b4b1f6052d1a81a0858a253c4f5168e4981ab342c8eab8c
128,Trinity Prep,Graham Paul,1539.7971115286325,83.59407035070264,27,1706.9852522300378,0b517cea70e7a2bebe33577be7e4b3bf60919b73af79765ae66b53127de46458
129,Lynbrook,Shrihan Thangam,1537.4134524337487,77.5603110227791,45,1692.5340744793068,471007c98d3f28a34dabfea63714a455b7215a20ccceb0cff041dc27d30170e8
130,Harvard-Westlake,Jacob Waxman,1536.9278627119536,81.53739363930514,29,1700.002649990564,1b4145dcd9d18e95de259bc42c97e2f135d900b93f93e628c66f83ef76829629
131,Peninsula,Wenxi Jiang,1531.964888446621,130.37002669614986,12,1792.7049418389208,c3302b86f125ecbbad937e8e5df21756c926104ab88adb92da3d633fe0d9e85f
132,Palos Verdes,Charlie Pan,1527.497894393335,109.21360905115115,14,1745.9251124956372,2bb1b13b393310b9edc2f6428d5f3cb31d129177f2b520bcd82fe56e77617f06
133,Marlborough,Rory Baskin,1527.2747199101245,78.50240097937683,39,1684.2795218688782,a5feda4f388ba37b368315f620678b60baf7797fefc059ea3c73627941c00fc6
134,Peninsula,Jack Erikson,1525.7726063274647,72.88415917525008,60,1671.5409246779648,e0f5a8f2f27376c172ffd18ce98dbab3b37633596f0fd83d3e03431dd3f75ced
135,Harvard-Westlake,Owen Fua,1525.4996621803803,90.25376278043258,25,1706.0071877412454,6858e5e26e6f32acf8339fb856ff496e9d77c692bfbe3e0d365d01accdeec63c
136,Harrison,Sebastian Engle,1525.3607237323808,80.61115269510287,32,1686.5830291225866,a186ee5d8d91cbfd9cb38add0241e55df73f0b9ca5f55cb92544e7e6024e9168
137,Dougherty Valley,Siddharth Vedam,1522.4376303901417,74.07765031321546,52,1670.5929310165727,5a67e6e1f194d1597e33ee2036478be11ddbadf610711868fd5107863529956e
138,Lynbrook,Rohin Saharoy,1522.3859441033467,83.36101814178907,33,1689.1079803869247,4f869e07cf9f3aaca955a27de64d701a528cfbd3d55957ebb51e84c61a379661
139,Brophy,Vincent Wang,1521.9966260689473,75.20453002996702,38,1672.4056861288814,ba83f84c9b513fe26407fca58db2a6ea12f0fb146c7d73205fe4a07a56d7b47d
140,Cherry Hill HS East,Chloe Ren,1519.7554104371366,109.51796584531482,14,1738.7913421277663,bcb6febc3eba31caf99401f3c2ee1f9ee6690d96efc9965e7a7858311fa92281
141,Lovett,Evan Lee,1518.340106599809,115.92631435169407,12,1750.192735303197,b81c2483d58b03c1b4eaa7cf9330063a62b15a2c306c225582fa9b2e5bb242b3
142,Northview,Justin Zou,1513.2962565770688,98.73739212617144,20,1710.7710408294117,fc9d6cb17607b00b1b440a3a52736c02b5ca699ba99e81639bcb7926900235e5
143,Peninsula,Dalton Ngo,1512.347257651407,78.41571018909619,46,1669.1786780295995,830afa3592260646b659932e491049e00a91666d05dd1cf538399b106e6359c2
144,Acton-Boxborough,Neel Kannambadi,1511.5924060558016,98.9176186030165,19,1709.4276432618346,7c7d946c3fe493ddaf447e9c3acf7d7ee8b9fdd063f9695b13b0168bac30937e
145,BASIS Silicon Valley,Jason Kuo,1510.8253497754306,79.82936873018221,37,1670.484087235795,0e840205ff89c92626b8e0537e7a6d87de3fe82207a2f893b66b9f80e9947b3f
146,Berkeley Carroll,Jaylen Hilario-Peralta,1510.3062721810807,84.01886756298298,27,1678.3440073070467,9566bd6c452256797282a38a3a918d3a24373594cf600a30d7485304db35259c
147,Hunter,Aditya Carter,1510.0427666584628,112.02247759185296,14,1734.0877218421688,274e6f8821efc700ada6e668926daf556a2a4add44a2dee225cc112ee7748e26
148,Monta Vista,Steven Chi,1508.6540209632426,73.6779371149839,51,1656.0098951932105,119bb37c1e9c487228070d493b5d710c3c5899ae6ba8fc03e5786168fa3e1da6
149,Strake Jesuit College Prep,Ayaan Yakoob,1505.4228252901078,118.528697773863,13,1742.4802208378337,4670d0470b85185789212c15af52586fdbf57e56fc0b463f034fba0158512742
150,Kent Denver,Akhil Ayalur,1502.313243930396,136.79277516793118,9,1775.8987942662584,44b96c543cb7a04a68bd901fc8c7d6da4cdec20f80e1e8c369218077bd5ccf8c
151,Iowa City West,Faisal Hamzeh,1500.6447711975131,145.33641979083555,8,1791.3176107791842,1593eb37ddaebc01336c2e8f616330e32bc7d42c61e3f1ed9cf931dff7b17ce9
152,Lynbrook,Nilesh Mudupalli,1495.6510640463825,83.14931998825278,34,1661.949704022888,b3bce48006b93a46fb5fde004ab85d179d750d0a287e9dab14dd3e480f547265
153,Wheatley,Ayan Mahajan,1493.9315990201949,101.8150075236809,19,1697.5616140675568,532a9efe23d724927272cd1f8267673f9882b00d873833e47d62a3a30e985ae6
154,Equality Independent,Brogan Jones,1488.1696036204391,150.44855244531206,7,1789.0667085110633,24a10eb677a0e472f2c1a40e936802c9f9c1c9fbd1cc3ce5e76069c522f39578
155,Gabrielino,Oliver Li,1488.1553384827191,88.27958979876362,26,1664.7145180802463,ffaace6cb72fcf8e61d1a8ac07a80b943d6e0639f9ce1f32dab5d7db0b12b25a
156,Holy Trinity Episcopal,Austen Richardson,1486.141755724217,86.1882039491684,25,1658.5181636225539,f5c05b7d7bb6773d24fd7d3efe16ca4c147e32dfad63a854e8f8cb8a834955e9
157,Marlborough,Sami Shapiro,1481.2300813148336,78.9635201957096,43,1639.1571217062528,cd70875256d04f07ae314b18ebb407fb249077a7639687c60d15931abef916fd
158,Bellevue,James Sun,1474.883209929743,118.17976061716993,14,1711.242731164083,c57fdbaf9d674aa249d3525be78052d64f1cb2dd4cf61780d7668e95b521b5a7
159,New York State Independent,Lori Li,1474.1387771166565,186.762132642911,5,1847.6630424024784,da8be5561dd0ed3ffad27f862efcc21010c9c988d3808b535ddd386a69640067
160,Northland Christian,Liam McDonald,1470.405893328921,104.50095219764401,16,1679.4077977242089,e13730152c6e7e8107c89f4eebef19e6064426d875bd3d6ce78f3cb2e8453a12
161,Marlborough,Leah Fischer,1470.2264433485618,72.61614079011706,45,1615.4587249287958,4e76333a6f87f691f96b9155efa54741b61b01d0374d4f31a5f14b6d200196b0
162,BASIS Scottsdale,Jad Vicente,1467.7062614809217,72.01900989113734,57,1611.7442812631964,03ded2513af6f5b3f830e7ff24912bbb533f4e2fa38a7605c0e2a1903391fbcc
163,Berkeley Independent,David Gussmann,1466.1229034460991,116.5523117241701,13,1699.2275268944393,0000c565c03cf5ca0194e88167ed90ae73019d5c3fc863d71d2ebc07628a711b
164,Little Rock Central,Yuhan Hu,1463.77703962842,95.97206829988093,20,1655.7211762281818,7c499bc04792ab95c4ec03954c470ba66d20ac7bf1e1b34a68fa7fff4ea603d0
165,Greenhill,Michael Ahn,1463.0684887240818,147.20245537910304,11,1757.473399482288,e16c007bde639f4b745bfaa59af75d163eb13d66c1172e791fb8336edfe4839d
166,Lake Highland Prep,Adam Wayne,1460.412986670814,160.72612177362544,6,1781.8652302180649,4ac76d8008f297eac6d3c77b17c0a6494325307393b0774f2cd6663653ebb55b
167,Harrison,Paige Bianchini,1458.801524575697,146.88359139705335,7,1752.5687073698036,44a5e907c1ea299a6692a07c40ad3bc2bbd8b3a7a6dbb7e68c52a557588a2af4
168,BASIS Scottsdale,Andrew Kommu,1457.2906619418418,82.0132330577195,38,1621.3171280572808,2f6310af2cceda8a2083ee08d3bd3fb6956097a85f5191595738e3a367c2d61a
169,Durham,Gabriel Whangbo-Olvera,1456.6292816632483,121.0661074885811,12,1698.7614966404105,c9ed2b63ba1378c72961a043ea31adebe70ba1a00ff213ad52d79782fa52be3e
170,Strake Jesuit College Prep,Christopher Cheng,1456.068847799239,163.51880330143015,6,1783.1064544020992,c16fc3486f28391e09a26816036a4487aad345a4563f718c73ce18ec00fd61fc
171,Immaculate Heart,Audrey Eckert,1452.2583747227604,93.98330958048672,20,1640.224993883734,3a5018dcf4073b7a2267c86623627fa54213bb29d6faf16636f9244a7b6a202a
172,Harker,Ethan Xu,1451.8021437632387,117.5162376014993,12,1686.8346189662373,d12c0deab00557dd317cb44fa1115687d66c58bf3ab0c767fde67dae0a31860b
173,Syosset,Anabella Pisapia De Marco,1451.7079444874628,155.46694655866926,7,1762.6418376048014,c53d77e9c8d8e321d6229e985df1ff5cac9bacc2acc8a8395df9e23d634bbc15
174,OC Policy Association,Jasmine Shao,1449.250729534423,112.68037399336362,14,1674.6114775211502,922945433483342f98ce25bc6163e7dd5b6edf465ee844c196ab21088c23f6a0
175,Harker,Liam Lee,1442.4034898680466,82.21231258835769,36,1606.828115044762,befdbe989e965ae0f0a237faf42d6e974ccbbee47a3cfe530c4bfdcb07ddc1d1
176,Harker,Stephen Gao,1439.5787294051497,111.31563542430335,12,1662.2100002537563,f77cd7e51b6c11248920399e11dab7490ba90fb980432504f72df9b9c2c215ca
177,Valley Christian,Vanessa Xu,1437.7378636970218,89.20394215043113,24,1616.145747997884,6babbad961c8af14102bc722b6eb05340db006993828f295f49b60449014c410
178,Greenhill,Owen Gao,1431.943975255352,121.65941921059832,14,1675.2628136765486,dccd19c8009db812c55ef1da51189a2456025e9463965e08abd92fd1c0aebb4f
179,American Heritage Broward,Justin Xia,1430.6525540186647,95.711521904884,18,1622.0755978284326,aa113f85b9433b65090eb47467ba8d9586e71fc32450e0c8a4483ec835d3bd60
180,Marlborough,Penny Stoller,1429.9871895379179,164.09611918514213,6,1758.1794279082021,7bfde95675e207638a980fb14276960a84ec4a609847f58b6fba0f679da532a8
181,Corner Canyon,Sam Eckersley,1427.385925881505,153.44970932542208,7,1734.2853445323492,b17dbbf3cb5be36b857f0d90f53a4feb4a770bbff85f6ee71a8ee0260006ab01
182,Harrison,Atharv Gandhi,1426.0541228642473,141.64816119582935,7,1709.350445255906,10db764d4a393447a87136b19f3e68038bee25a443803564e4dccca962e3f7cc
183,Lakeville South,Ezana Haile,1422.4328148625355,167.06959457621178,6,1756.572004014959,67fd258895b84243408085c4dfd860fe6964d5fa29bb2d99fb9014eaf464713e
184,Golden State,Siddharth Lagisetty,1421.689142470502,120.62159546736815,13,1662.9323334052383,70f819bb7057f80372722b1525376557cf19683e51e3997e00d3a00ffb6e2090
185,Southlake Carroll,Ibraheem Mushtaq,1421.4264162825702,87.98986046166786,27,1597.406137205906,d48f8d3e23487ad5c1d8c7b17b42122a82ae8d23259220342cda4a5e2dbbcaca
186,Equality Independent,Santiago Jimenez Butcher,1417.7166278065847,136.31712146834104,8,1690.3508707432668,02028b0c58cc0e6f31cb090c6245ba517a095d50c8e6e1cea60de54c4b620c6b
187,Bronx Science,Cooper Halpern,1417.3261903194427,96.44028086796187,20,1610.2067520553665,878c83edf46fbd5acbb520471294e58ad84d8fba47fdeabb68a3beafe9e6eea2
188,Marlborough,Francesca Moreno,1416.9254336061722,103.48401400303686,18,1623.8934616122458,e0668570f1d8c1089788453918fd489b0ad00c29f122e08a00c7171b246f2864
189,Harvard-Westlake,Esther Goldman,1416.2906660435417,90.70127321231455,25,1597.6932124681707,0f55edde98d8010ca044ad38e6a145564e6036dec5a4c4cb327124e09a619b7b
190,Marlborough,Ella Pishva,1415.2065480206845,75.14632023254799,42,1565.4991884857805,16a84bdeca3ad0dfe605f7019e652fae549571afb802326c7edd129a790a3881
191,Southlake Carroll,Aarav Bollini,1413.0770085392262,99.04230770965101,18,1611.1616239585283,3a175539cbe9d730ca2126cf75ccfcecbdd59697468d0436eb4651af94993be4
192,Altamont,Max Feinstein,1411.2417170078593,92.21035246442706,25,1595.6624219367134,dc94412c43bb3bddc929b870d61e3293cc7b869ebfddb98a2e39e4bf7a0d3f80
193,Flower Mound,Krish Kulkarni,1406.089565045017,152.1656352107659,7,1710.4208354665489,c9065e5afd606d61ea772259303619fe7d57f07525cb506503cb23c4da0a110c
194,Marlborough,Daena Kim,1404.6226663855255,78.35134891225533,44,1561.325364210036,1ccd6f92ff36229f9cf5cdecdc8c3a62bedbfac5fd1bfaca202aa623fa910244
195,Westwood,Diya Venkataragavan,1403.9413985143522,92.06313765342291,25,1588.067673821198,a963dbee6e393a8e2356c1e766afbdf983253cd13ee6c7a06f504826587e0e75
196,Immaculate Heart,Olivia Amir,1403.3519205001853,82.15214908119728,30,1567.65621866258,702539363c5b80803310604020e62910239804fffa5e971091227faf133b5411
197,Immaculate Heart,Nicolette Huff,1402.1606644322756,76.65683701064489,41,1555.4743384535652,80c57e6c764ec349c96f49a6df8bfd4bb73fcb545156f74eae21c8d7f01a2f63
198,Strake Jesuit College Prep,Samuel Wawi,1401.8487584063414,118.1482298319058,13,1638.145218070153,81a24a07a860561d1a057ae947e324df75623f151516d89a77b5faecfe9352de
199,Walt Whitman,Sahaj Chahal,1400.7174164072007,89.94558269394096,26,1580.6085817950827,8a7924c019df72363008c9b8756356df490516dd86b22c5e65313d57f4a368b1
200,Loyola,Matthew Tamayo,1399.4514945939522,95.02335004908647,20,1589.4981946921253,d9476f79710288696ff5d064ff9b584be965924f3e00007974bb5172c499c9c6
201,Lake Highland Prep,Neel Aparanji,1398.8525229309564,144.26618018164558,7,1687.3848832942476,cb017db6d20507163c9c65256c87d8b16c5c77c901d24a80f60855daf5b802f9
202,Lexington,Allison Liu,1398.7841695081293,118.12044195508155,12,1635.0250534182924,c1b2997321fb56d4569870ffa87cea6f88cf5ddc76720063df8e42446f82890b
203,Brophy,Nyle Rizvi,1398.0033378333023,85.49144264332207,35,1568.9862231199465,47955e0074be1ef40fe799c17ae52a2304b0829f1b06ccae686fe5bde165b648
204,Mountain View,Christopher Shin,1393.0417722725815,83.65473310341885,30,1560.3512384794192,aa0a94d1d2c8c6e0959259a97bde59b205971997265cb4cbfc3bb810a802f828
205,Chaminade,Owen Sack,1391.8276641647947,100.85452581558356,17,1593.5367157959618,015140e5200364c3dd5ffc71d7b3fdd8fcdb9d367295aae3168b65180151736e
206,Midtown,Plamen Checketts,1391.7132337095804,90.69998675446219,24,1573.1132072185048,3876de7715da119a20cdbe1b2e1652540eb71dc0fac1b1dab97c9f33ab25f9cb
207,Westwood,Ayushi Thakur,1391.2563266526945,81.29385090248287,32,1553.8440284576602,efcfbce4ac349cc284357a6ae843128067b8e40c86e466a148eae5e4102ebe54
208,Kinkaid,Chris Mo,1389.3047067502591,94.10143720077575,21,1577.5075811518107,604f9a7c77f8285fa68e4216f77ff4397876beb19d7b71df78f0522845814fa3
209,Marlborough,Sarah Meisel,1386.7304029804955,83.21948084679656,30,1553.1693646740887,ba1cb38324a14dff0da315bdb9084289e4cfd43ad230c0c368d7853daf8c4e9c
210,Bronx Science,Sarita Satynarayana,1386.5554229914821,152.1464759900324,7,1690.848374971547,df59232fc97d548519db7d29c349b262e66d64687fe538a5134c511020a8041f
211,Marlborough,Julia Kang,1385.0908431693804,88.98570936240753,30,1563.0622618941954,81117ea2713c5b945ca4d6dcbe1f59903cfa8a453a5db65ac19f96123697d015
212,ModernBrain,Daniel Lu,1384.9934999169416,95.48856371401392,18,1575.9706273449694,4ffba743548d38040caf48c0d7d06443dff89bbaee564807c4570c76c8d5ec6e
213,Albuquerque,Athena Hanna,1380.9945713858133,156.02124248115996,7,1693.0370563481333,846ab573f1572df046f3b97ef36845c3680cfc630817905647be8c1bdd45f5b4
214,Marlborough,Audrey Lohara,1377.716031371995,75.45538361451759,50,1528.6267986010303,135533d7339c18af0f404892dad552b49f9fea67ecadb5519bd5bbefd24741ef
215,Harker,Annie Yu,1372.5521674532474,89.19816555905975,24,1550.9484985713668,7c0355e583f995024b3dc26ae1389c6dafc43517e7e740bbe6255f9c61336f83
216,Strake Jesuit College Prep,Isaac Sinaga,1371.6752294943467,151.2441223080321,7,1674.1634741104108,76059be7d5ec75f8569bebf2d3ab29324fb4f537593710ccd659c483cebac77d
217,Lynbrook,Vihaan Kandala,1369.6698337669586,83.09659256084073,40,1535.86301888864,29e5be305a22e7cd7ed7a5f4732d7bee5fe6e3d1fd62000f865f0a11a175bacb
218,Westwood,Saanvi Mittal,1368.9455537413942,80.22423947597288,43,1529.39403269334,c7d9dfc8ce6c90dc7175d2c9a9423d52c4f08c661d541e2464dbcbc0b4676773
219,St Francis,Wiley Wang,1366.7676493009267,102.84544359406962,19,1572.4585364890659,7fec6c1c79f84cfbac0eb0ed1d975184aac92fc02e25393c0878a51c89bde349
220,Strake Jesuit College Prep,Jeffery Wei,1365.5793360106636,143.42373709591357,8,1652.4268102024907,2150dc088894442cbc6fb705fadd12b8073513cd49e246449c272ba81e780944
221,Woodlands,Michelle Lee,1362.6314673407833,150.28950901080017,6,1663.2104853623837,84b64c8a2762b32de07a36e6c40273f9284e63870f8e93e64b0a177f901a8d7c
222,Isidore Newman,Beauregard Dirks,1362.6251777699633,88.40888861321359,24,1539.4429549963904,76be89b6e7cacee3ef2f9c342c9e33cd9439ba53ec520c8e32f2bd759efdab34
223,Lynbrook,Skanda Vasishta,1359.2982290886987,87.66728175220547,28,1534.6327925931096,bdd0ec2af3a6a59a36a0c43de04e80ba2631dde0397612438ea63372329c19b6
224,Archbishop Mitty,Caleb Park,1358.477930662755,96.74745202604426,19,1551.9728347148434,8d41053fca81a4efcc75e3f711138f7e5a342ab2f0c0064d465c607cd068ee6d
225,American Heritage Broward,Emanuel Sasson,1357.8521414688305,119.43955298300666,14,1596.731247434844,79fc5b536b0deb42c7c6d385bda233a7359592ef94ae2b9d4699019dbb1fbeb2
226,Loyola,Joseph Palacios,1357.4650914897202,98.34360804616237,22,1554.1523075820448,23f70553020a113689358e65b0adf6a3a6bde2a6809ab743173b373927c2fe3c
227,Midtown,Harris James,1356.7131106111465,94.83414344188012,24,1546.3813974949067,8c7b4ce99a1b8fc681095128c5e8feebb3d1a3deff089cc53e4150db4a2af083
228,Edina,Asher Kaufman,1356.6289226980439,152.80029583113512,7,1662.2295143603142,bba8f7729c68e6430c2e7a388bfd300d47408c77dd2bb65445d4b91f431ace66
229,Artistic Fusion Independent,Kevin Zhang,1354.8482485237575,115.53537609415994,12,1585.9190007120774,8c656a8ca15957fa06b2cdd83c2a24555d021fcefce4af877282ede25d671881
230,Palo Verde,Caden Betz,1354.35346845967,154.86764532212862,8,1664.0887591039273,1fb747185e1d0da1f341ddb1904266c7a99f72f06e972278f20a04cd8a8a61b2
231,Harvard-Westlake,Daniel Baek,1352.8493931900882,123.23898792370423,13,1599.3273690374967,c56a08dd08f2100ca544c0ce4b2c714bd071e69322e19b086b58cac808ec2f43
232,Park Vista,Carter Nelson,1345.781471512901,96.86032115458548,24,1539.5021138220718,43082f5fc3ef1bbbb38e58f41b447646919be4dc1fcbb72a19e7e88b5bac37f1
233,BASIS Chandler,Wareesha Islam,1345.1291486118325,95.50686304311238,23,1536.1428746980573,24c0c697a51a9fc50b3c6c81443b3e4060b7a06e7e4a92cc55dc6a834d3b0097
234,ModernBrain,Jason Huang,1343.6144442867046,102.90845248552162,18,1549.4313492577478,3f30f9a2f40d7ca63dca96881635cad6254dc366cbe63fdf437869de223da6ee
235,Polytechnic,Kara Kang,1342.0800010307137,105.75876510109883,17,1553.5975312329113,0bce8d4c38e0236ca1c5db3c39aeacdae04a48ee33855e46463bddc7fb3c0f5c
236,Marlborough,Maya Fischer,1340.2192351546466,86.19728784302785,30,1512.6138108407024,0abcf611f199400208b4bde75a59ac8784900c690d47146a0a36375d20822600
237,American Heritage Broward,Juley Guan,1339.8721533842272,154.77019746899086,7,1649.412548322209,a1168e7284bf7e58bffa029725654bdbc6d7fe0a84d8cb62708eaaa4e661910e
238,Pinewood,Claire Au,1339.6039110049612,76.64888858326319,50,1492.9016881714876,cca3c7c277912ce37e1cdda5a8ce4eaf827077d32630ef1114f5dfd253ed0b46
239,Harrison,Adeena Naeem,1338.9727228101824,106.64440246969215,19,1552.2615277495668,2c346185f0db2f69b878beadbe364b99b87f09dbad7d218e1f512e6ac53341b6
240,Hawken,Ben Miyares,1338.62846712114,125.64021561907371,12,1589.9088983592874,184bb6b7eb3bd5d01616bb0e3b4845323a0614cb95283c3713c961ab753dc091
241,Clear Lake,Lawrence Li,1337.4391532890015,161.9900044351109,5,1661.4191621592233,1872e220e28dcf25ffe20920ebfff10b54f6d5bc3236449866f54912ceb4952e
242,Lakeville South,Alice Yi,1337.142157599967,159.70455002924334,7,1656.5512576584538,ee16f8966455d27219143cd5fc870168a47634620c7c97f463ef50b1b4a0f781
243,Universe 7,Terry Ding,1336.5928471368165,103.40018117574847,18,1543.3932094883135,2771c11cf2fd8475b8c9155e2a319257aa2712e42f4f59a7e083854f6c51b501
244,Hill,Sahith Mangu,1336.0679866396592,125.77985926796109,12,1587.6277051755815,9e2947f51a2da5a752bdbffcb18c5b59962bf8cc862718b75d16f115416865a7
245,Sage Hill,Leo Zhang,1334.8775882143968,92.86356939125177,24,1520.6047269969004,ed19e7d22a23f75cfc5a24f669712dd0d4b19f6057738aa7b73be2e278f01fe3
246,Sage Hill,Amy Jia,1331.2161329973787,87.38431259506255,31,1505.9847581875038,2bab9e2b3304fba62ca27476dd75cef527133703e5660cf094fdd03e945aa10a
247,Westwood,Aarya Patel,1330.6198195675322,88.76388590143016,25,1508.1475913703925,275a24245293d03575e7184016cf072f6c4220b9e8fe0c12b53cb1bd7337585f
248,Pine View,Paul Buermann,1330.0716499024502,101.74091509198992,20,1533.55348008643,581ca193ab2157452f5627bdf638d50a8863ff24f41dbf47b0b4ae06208b3a4f
249,Maccabees,Rachel Stein,1329.417486780537,102.98096263272227,17,1535.3794120459816,c6c3cec6369530f6ef7663c56822f261c5e301a535f62467b7d1da8323014a0d
250,Palo Alto,Yihan Zhao,1327.7078976325367,162.249820694538,7,1652.2075390216128,a38e621b7b7c92a606005ec18995767786ff11ee1b2e811876a4a44198497b86
251,Marlborough,Ceci Sanchez Gagerman,1324.043946680156,97.17534251802856,24,1518.394631716213,b623d0aa3898096ef537c9ac86a5d0a906a063882a149ad13386ab013413533b
252,Brophy,Adrian Piel,1323.2757889370087,120.4199331941249,13,1564.1156553252586,77988dee45ed84eb8f2d1dd8eba8eeed4bc88dbf22af1245b59766298fcd5bc4
253,Marlborough,Chloe Swidler,1323.1624330594123,84.66582282794937,36,1492.494078715311,f4cb76c2fc4fe34b14bf45b1d101410925254f59efcefada81f0d03e66b8d0c3
254,Westlake,Miranda He,1322.4640482647503,91.1391612706972,24,1504.7423708061447,4dc290f36765cd32e146a4db3300d3b9e63b792c97cfb8f871af4553d92e681f
255,Ridge,Sameer Kandra,1320.8036320096635,115.12078549152042,13,1551.0452029927044,71270a1871650c32c69157aecbcd7f3942a3dbf37b0b57c870526906ace60bb4
256,Sehome Independent,Ruby Simon,1320.342648933995,146.49204427849793,7,1613.3267374909908,263f8e0ec67e5be2d42d79d6a5e76373a473255422079f90f28489fae13e3f0f
257,OCSH Independent,Amy Jia,1319.3319561149324,160.84511408347825,6,1641.022184281889,f2b3254613a88e2dd6335fa8f66e809bfd48f8c88b7705b75ab857779c98e47f
258,Harker,Ryan Lin,1317.1747766638698,96.58688709105698,20,1510.3485508459837,f7f9c698858bac5ce4aa404fc3155a5fecf1a604c4875a89d5eb0de91fb3f849
259,Strake Jesuit College Prep,Nathan Fan,1317.0418721799615,152.69664293991596,7,1622.4351580597934,cd4864d4889a57111125d9840290a7c3191e8f98d349a23dad814ff061c01840
260,Memorial,Evelyn Shao,1316.3682569222076,159.467278966721,6,1635.3028148556496,06e4582996770d731b5a10a55cd596d1add0b7802677d4ca4d078c6db6954fa7
261,Memorial,Ethan Wu,1312.9914039280536,145.71737359982993,7,1604.4261511277134,b608895bf927f570be64bca9a1e2070771c02b97eedae8b1b16c58e519268d71
262,Phillips Exeter,Tesu Ham,1309.3896148660476,146.6372987281036,7,1602.6642123222548,965293ebdef624b97b4de89f1e5bf4aa0aac2592ccdeacced55094ccb6ff9960
263,Isidore Newman,Sam Elichman,1307.2650520882103,109.3052593998066,18,1525.8755708878234,f34afcd7346448af5577ca474f76aab8f329a47ed10d01e12535fb9176af174b
264,St Francis,Zhaohua Chen,1306.991966248603,103.86388633866189,18,1514.7197389259268,39b21f150906ce605eaaa091e0d3ad580dbe10f191dc4ecd6cf16b2eba975b3b
265,Kent Denver,Isa Rosenblum,1306.1810024755835,157.85205370174825,7,1621.88510987908,9b1ad5d789ba628e742800fc68f5788100590178e60e45f6dc7f43d1255d3a81
266,BASIS Peoria,Rushil Guru,1304.7920641915407,156.09631339861028,8,1616.9846909887613,e5e6d7ca8930dfa7c3124049079b42d1425965eaad0a07077619b3e7096b28d5
267,Franklin,Roger Li,1303.9549533242816,105.45594986729182,18,1514.8668530588652,740721bad4f7097adc7efbe69036794fa428e62b3af6fefd849bab937ec25420
268,Strath Haven,Noel Springer,1302.8221141769257,108.26367666484965,12,1519.349467506625,f33672d7e4bd380766c003a4b6eaa7e3db8b99ad50ab778337185b38fd1e5333
269,Ardrey Kell,Ray Sun,1302.770968294784,123.14698464499455,12,1549.0649375847731,a0a98fcac5ec4fbe7683ecfacb8776457afec26483b42dcfb9a6f9381fcc59e0
270,Park City,Sammy Vogel,1301.2736341870032,151.8853005610285,7,1605.04423530906,5afbe9852abfd1ec0dce95e38614f485c0a5ac3924bce8dbc2f2622b9a79cdce
271,Lexington,Kevin Zhang,1300.5006859932964,152.13061833441174,7,1604.76192266212,dba1bf2a9543b557dfb6e26f39ba6303ae8da15baf4d492340ce7788b83cf253
272,Westwood,Aashriya Vasamsetti,1298.8162180727638,93.05637825149032,24,1484.9289745757444,8bb83c0940ce61a49bc5f5d9206e0b4c3de864fb0a0eb10ef7f49e498013b03d
273,Harker,Luke Xing,1297.5551426065897,87.92157307011657,25,1473.3982887468228,82783241947cc1723ed686d5b0f65f6cba456d4ea5375e66dfe009b5481e92df
274,Harrison,Kevin Iwanski,1296.0458691015824,122.17715142405916,12,1540.4001719497007,928c516cd13f33eb26188d20f2d032e70aed45499608bae54db9a92a9173d003
275,Research Triangle,Hugh Feder-Clarke,1295.9510997408988,179.23933979651406,6,1654.429779333927,37e0225c703c78cfccf9a82fb2d2c8494463386e7d00974ccc2f2754c7235df4
276,Mountain House,Ayaan Khandelwal,1294.2590481335585,151.31729713558957,7,1596.8936424047376,218d7509e54f77a0bd0fa39471829c7a5bf839f34fc2fa8177fb2a3e600e699a
277,Dougherty Valley,NagaVikhyath Malineni,1291.4763183278405,85.19818338258654,30,1461.8726850930136,1bd437824c3797df7f5c3a9d0036a435b948e090cd855b2a523604d6bc046c2e
278,San Marino,Winston Chou,1289.8750227439753,161.63870006469247,6,1613.1524228733601,06447e9c81189315f6aa61fd7e98bb181f2176f508eef11b7fd8cb578e94d7ec
279,New York State Independent,Avi Sawhney,1288.6665507453308,101.31390290545833,18,1491.2943565562475,4b8a66d54ea86e43852549a3c8d2caf23c7c3184d7d66e57c4777309d147a56c
280,Marlborough,Jessica Guo,1288.4947452127817,117.75676655326575,12,1524.0082783193131,d8178154296327f3f85c10ad500d0f12bec16df2e5090143931de73aad7e0a18
281,Loyola,Luis Artiz,1287.3659614073606,102.38785409807227,17,1492.141669603505,07eb554fccdb7acf1432f9b0325cfa68fd8d432728134996c79fa8b0190c4400
282,Riverside Independent,Princeton Kang,1286.8752663684495,93.65526229045732,23,1474.1857909493642,3c26cb47064086d323431e2042455086b06469fde0417d51280da7b3c950fe6a
283,Woodlands Independent,Michelle Lee,1284.6905876724518,101.41450924953641,19,1487.5196061715246,53b51fd37ce21851c3592d0d949f95c510f12f51610e852c80df4e3862284875
284,Westwood,Aanya Solanki,1283.2161479909323,156.556670059709,7,1596.3294881103502,fc9b68405c812817471d1fe773cc394bfea321f82282db47d0146f5c27c2e669
285,Memorial,Anna Dong,1282.7404943066188,158.3057802266495,6,1599.3520547599178,e4f2829353698fa7a14ac31a731755890e5a6dc5e4c32a4a6bd63bc6da780954
286,Westwood,Tiffany Gao,1282.5414603224197,104.98388859740439,18,1492.5092375172285,07cc06899ab20eeec9019a806e32403d0d6c9a55d78bb6cf2a79aa43919155da
287,Dripping Springs,Abir Kulkarni,1278.909366255949,150.77810080801567,7,1580.4655678719803,35d5bac5b138599293851b2c3952dce536a86c7bcbecdb955b970c949cee0dbf
288,Palos Verdes,Stella Pellier,1275.4909671854691,117.65594104463757,12,1510.8028492747442,788b731339c8584f62a8a20a768a35b108670cf62d6faa985a1ba6e82b9da0d9
289,Archbishop Mitty,Jay Beri,1274.789644523472,147.58211530125286,7,1569.9538751259777,c630d829f1e12f25e1ffd42a3f5a918ab49bdfbe07a38e295794bd69ade75978
290,Edina,Valerie Schmitt,1274.0346153722141,164.41862286075943,6,1602.871861093733,3d67cc0429ddea06130b1294af8aa4e31252424c7c1a91ef25c236575bd9248a
291,American,Saqib Sinu,1273.8832024476703,100.36376895888402,19,1474.6107403654385,7880bdf2ccf7afd7d7d0c87278ced1606301e38802986a39e8ec936bce3fa364
292,Marlborough,Gia Clarke,1273.0666692385057,93.11225801438479,24,1459.2911852672753,495290702242c0da2cf80288416657485cbe5cd50d2473fdf75984b05159006c
293,Mustang,Siqi Yuan,1272.9722786047378,155.06415987139752,6,1583.1005983475327,236094b235d5ebc9ef395f39b78b068cecc29fb59397d04c0b1b0eebc6e783d2
294,Sage Hill,Isabella Huang,1272.9494179908672,91.84876907395521,30,1456.6469561387776,26440186730ebeaedd0282b7b27faddf53ef2fe0cb1902708df762f1039779c2
295,Bellaire,Kalyani Gifford,1272.4628473672976,98.01450048059125,19,1468.49184832848,0d6f91d1a6ee49ae87229758f7b6a8424c5759d1e73c2a53ab10b119f0fa4a3b
296,Flower Mound,Surya Dasari,1272.175395540968,156.25415679189007,6,1584.6837091247482,a9efaea4808c9f5f3fc3906309c31939d943597e0f5739041bd491f63cffcadf
297,Strake Jesuit College Prep,Franklin Barron,1271.3092749720522,129.19685671197914,12,1529.7029883960106,76522d0a466ddfe308eedce2e29db9caaad721a981a273f86000cf066c7ed8b8
298,Harvard-Westlake,Elijah Yguado,1267.6880382746212,88.04248576223704,25,1443.7730097990952,b76b414cd869b0ca3e3bd3c2c08e92aeb6c090805e7e50c8e7e620d3261d3b4f
299,Elkins,Sid Sharma,1267.6423772534097,90.90860785670272,30,1449.459592966815,17d288e0496a469371c5b8769ab61cdea074456a347358b3d157c7d5e0b8e5d2
300,Kim Independent,Andrew Kim,1266.3324346677039,129.56424719692112,10,1525.460929061546,f1a76f537f293cc78fa4e42aeeee43bbc6741bf0cec81f7df153e8311a823ab2
301,Klein,Gavi Siger,1264.7881049831478,151.08271941952856,6,1566.953543822205,42ef1bc852eb6b3b7e442df0ea63314907ee8f30b779b7e704f6aae1782360b3
302,Papaya Valley,Adit Agarwal,1263.9909303138993,151.35721917987618,6,1566.7053686736517,1248eac5fe8f79b81a50f04a512fe8fe9db31eaa7a0b57f148d5c435b5ba8989
303,Sharks Independent,Justin Zhou,1263.2530546240048,107.8826054322031,17,1479.018265488411,e6bc51a885951fb4f17b74f1ffab3693612f2a3830c6fa98accbd93ab7cbec7a
304,Altamont,William McLain,1263.2304167149096,93.16175672219426,24,1449.553930159298,60144b5b10cec721605700d3aba47a545af07d066ba982385b21d9bee52a967b
305,Louis D. Brandeis,Siddharth Rao,1263.1604666976132,153.53892851230222,6,1570.2383237222175,f8fedf7b5389b13984930e0aa62700027150f00204437c578a9b3547124aeacd
306,Strake Jesuit College Prep,Meddy Ma,1261.406688241547,160.21701072223746,6,1581.840709686022,9574c908ab528d0d2561ef6f542dd37db439a7d49258d2f5821f62b6a055f354
307,Durham,Shreya Joseph,1260.6526979337648,162.16835200685082,7,1584.9894019474664,2ebb95ef8ac9fe4d088cf27e10a35e12b67f46d3d319dcdb2d76668924f2cb70
308,West Des Moines Valley,Edward Reames,1260.1322340758793,160.43302974608193,6,1580.9982935680432,da4a58f89a093bd50ae2ce88e71732ced3eaa6ccfdeb3f0d13ad8084b530cbe7
309,Princeton Day,Maximus Wang,1255.3951912164616,123.8886380559176,12,1503.1724673282968,df81aa4b39a5d3bc3f611c1f3e58b08604252d07121a6c53c99e0ad61a01d38a
310,Evergreen Valley,Adit Agarwal,1254.7525569849886,131.03749854294642,12,1516.8275540708814,3faeb6a99b0e7c2db69ff51e7cbea81bea134237707eb038d97b9f696882e931
311,Clovis North,Isabelle D'Mello,1254.6347820035944,157.13251695718156,6,1568.8998159179575,dbac9aaf1c35ae23a430807a977d8b1e8472b373cbd78057859b1097b5795d96
312,OC Policy Association,Natalie Chen,1249.40436001685,94.56706760556524,22,1438.5384952279805,738b2345df26d8ad30af2eef68ad2bb505e19e67df7ff8e487f78c858369640d
313,Wayzata,Neel Shrivastava,1246.1786970566382,129.6199572155609,12,1505.41861148776,3943dfdcd09601d1bf896ecadb255ba628fc1010c6941b69e6b0f44a768589d0
314,Bothell,Menalee Perera,1246.0438060779743,158.4359796456713,6,1562.915765369317,e6cec2ffb934efe64b0f7eb622c47a70de38f6a402cb99db2652125ebd3f59ad
315,Marlborough,Sarah Kim,1244.1148890631362,102.5791405848641,18,1449.2731702328645,88d77de511454377ce0fd1f2869d0cc7961bed01047d7cad67e9366457d181dc
316,Heritage High,Rachel Lei,1244.0088143900455,127.00476800644434,12,1498.0183504029342,f846428ec188ef02f626cb37eedc0e8482b23d1b5362b41698ff0cb89a8943c3
317,Jericho Unaffiliated,Lori Li,1243.0329097804963,168.35556140299266,6,1579.7440325864816,31e5255024e657aac3dc6c9bf9124510fb79215e05c46fb8cf6a1f4c32e39157
318,Phillips Exeter Independent,James Moon,1239.7625392403224,118.24538805519765,13,1476.2533153507177,a824a5f80c96bc2904495b2d8da90db7c66de0c03b4c6eb1269919ce15070bf2
319,Stuyvesant,Yuna Lee,1237.5665570517294,106.20224805299772,16,1449.9710531577248,fec93014b23b3e4a8a6ab5cbdbf52ba39af973c3cddd90be6cccf2ed1f5149d2
320,San Marino,Caden Jin,1235.9308458976607,147.45548730086696,6,1530.8418204993945,6b44a3566f0a5814fb84f3477c0c073ac2b97d2d4b80cb7f5c48183eb54a3fc5
321,West Des Moines Valley,Linni Vo,1235.8687883183627,160.71158055693692,6,1557.2919494322366,3de51b3630d7ca32c6a267304707d0338cda35d52da848ac87bbdcc263d90c45
322,Hamilton,Charles Wang,1235.737631352411,161.3322200974647,6,1558.4020715473405,7216162a7d59992b9f6ff6bc1bdba57fe84db26d5db80cb8c36ad625eb8481ca
323,Harker,Derek Ding,1233.6334945226135,122.7990219478357,12,1479.231538418285,754bd46712a05b75d242d0e37d56ac2c8b5ae93dc09aeaf00706d8fd53aafdfc
324,Harker,Jason Kim,1229.840995125079,120.17126849940294,12,1470.1835321238848,d8c68d3c450986dd5199558fd853ed16e23c3a68d3ffefca9a5be0dba483a0b5
325,Bellaire,Ethan Reichek,1221.8199098932016,102.68948511638719,18,1427.198880125976,9c606bf21bd3eaf5e10c23998e0adf4e5f964a9ff0df0dc66b732ce7d3604bd4
326,Riverside Independent,Oliver Tan,1221.1509443647196,85.92518364650383,36,1393.0013116577272,21e5f0992bbf57abc6d7f1eae374eb3a0804ebaa643f2b7191234bb7172dd25e
327,Westmont,Mia Seidel,1221.1236976311902,166.03870722458913,6,1553.2011120803686,5453a8b4d04f2cfdc3499040342a04d3d9f6649fe7a4cdc6e97b973a75ba9799
328,Mountain Brook,James Burnette,1220.775345484437,129.80511626270484,12,1480.3855780098465,ae2fb4be3a29cac80396e5417f420428aed0d256981024ee90ed3f22fae3e189
329,American Heritage Broward,Shyam Muhunthan,1216.6551131799504,160.21980782290532,6,1537.094728825761,f9969e92b4d2d0bef945e2fea8f995d17ee25afe5ddb51719df2bf06fbd95e28
330,Lake Highland Prep,Shiva Sambandam,1216.2102442392186,172.8326716806479,6,1561.8755876005143,693f8981412ad2a39b6b60b5092e9ece249501bcbce528db0a4d7476f43e3cd0
331,Ridge,Aditya Bajaj,1215.7745094274542,161.69112461039444,6,1539.156758648243,55d0917488a3394e5a6b31794c52b9f838e1f9ed28730ec60469686f2a179ff9
332,Northwood,Natalie Chen,1215.5059713828073,125.65893073552638,12,1466.82383285386,d807059dfb105050e8025f738ddd19a28f923df89abcfa57cbd1e4e3ba445b7e
333,Loyola,Kyle Oh,1214.3106694346723,112.50195958143924,18,1439.3145885975507,6f0efe99a9ad1bc058737e2951888699cb719793794538daaf7518a1a8c64074
334,BASIS Chandler,Aaroosh Reddy,1213.6968106964878,172.61755554995142,6,1558.9319217963907,8dd3d81074bb43c84d4cb0ff83f964d25f12229af3341cd203ec42f7febde331
335,Westmont,Chhavi Malhotra,1213.4034984587136,182.6644883739684,5,1578.7324752066504,3dd7fa1d4f9aa7d160e517fd2f4f5bc3f79c99c808fcdd04d1ee171e54a1bef7
336,Archbishop Mitty,Ayush Gupta,1211.4596748432298,89.82169424847814,31,1391.103063340186,052d1c9bc918ad931119c61e06454efb4e9512f35c17a9decae7c33c5d28e751
337,Gunn,Elliot Engstrom,1209.6754661105551,98.7196220776485,18,1407.1147102658522,2d2586fd61ef9eae272cd039053e5fdb36a7509e47d740b5a602ca0c2fc9e8d8
338,Able2Shine,Maxwell Hu,1209.307515651344,105.3431348550357,17,1419.9937853614153,6b2afb90f50b0a6df6fb0e81055c6d71b333b93e8060c251f8a4772bb61328c3
339,King,Derek Shah,1208.680434499438,92.4484053964184,24,1393.5772452922747,f02a0921a81edd8cea7908f202f965bd9cba1a26c365f39ed9774016e9713d15
340,Strake Jesuit College Prep,Eric Xiong,1208.0213739250587,122.29861074271129,12,1452.6185954104812,2f1acc62892f9e456fdedb9f372117837b568cdd1bcc0be400a0809ccbfe9fe0
341,LAMP,Jongwoo Lee,1207.465567534647,161.7884792770468,6,1531.0425260887407,da32274e548aafffd03302e9341be0925073e88062fa86b2737539797a39ad19
342,San Marino,Victor Corzo Torres,1206.9445684613443,169.08352603586926,6,1545.1116205330827,c57100a0288f80bc108cb1e7293bf478439355a4bec4523078c03eb909adf575
343,Millburn,Vidushi Sinha,1206.451848025417,161.7707948185976,6,1529.993437662612,7f69fafb236e3b22f7f0b865210860e876edff39d2e911235c66489da44f3bf6
344,Strake Jesuit College Prep,Soluchi Aneji,1206.3718259255452,159.43641487912066,6,1525.2446556837865,40be461db43ae754fb91d16b196c20bacc70fc9de024f7f31e503eaee1fb3afa
345,Isidore Newman,Maxwell McBride,1204.0091533881584,131.34856844307103,12,1466.7062902743005,10122492fd463c52a03234f664cb788296be5b82e65e91e99ce21ab1db5078e6
346,Northwood,Jasmine Shao,1202.7146649796514,151.618266633101,6,1505.9511982458534,e223c0ecddec7249c81abe916934e73e96fbe4a94a0509cd826a25052ad302a3
347,Peninsula,Adam Khaja,1202.6216198589777,84.86311299118805,28,1372.3478458413538,645c345b409876ad7acb63f9881b2035b10ed3717d94d753edf6c968bbb22a99
348,Marlborough,Sophie Weiss,1202.4732934439862,85.30832686545287,30,1373.089947174892,fa93a1a0126e5ee97f2e7f0a466443869bcd21ec783301526ecf070786137120
349,ADL,Hermes Yen,1201.173173795263,156.9610277572482,7,1515.0952293097594,65f9dcb02eaaac8a790e85f48581a700930594b263b8cda16643cfe44522770b
350,BASIS Peoria,An Nguyen,1200.5335804003182,171.36797733458786,6,1543.269535069494,a0c701abf8f9ef29e013eb6fb60e1448beb672f38344d1be89f4bbf0e3acc22d
351,Southlake Carroll,Trevor Bean,1199.9642387310948,169.00913231572216,6,1537.982503362539,4b250eaada0ae2babf37efa2e4a5fcc43856a5bc35a47dfb0f759e4001ee4156
352,Peninsula,Xavier Burchfield,1198.5921254264854,126.36470318445753,12,1451.3215317954005,dccb3749996ac3a10ff5f45586761cb0ae13322f8427b2620368c0d0f509ed59
353,Strake Jesuit College Prep,Benjamin Correa,1198.2583187227096,154.85508087546523,6,1507.96848047364,16d2987145326834b61032c1f18d08a38781bbcd8c312c428a540c7f3f98c584
354,Monte Vista,Moumita Balakundhi,1197.314980403598,122.73674111227511,10,1442.7884626281482,bd5bcd07e2fe32247587243d6111874a258188f16ee38d4ea507e686fb008fad
355,Stuyvesant,Alexis Qian,1196.3525534734595,109.81065110449919,18,1415.9738556824577,1fcd4d21f1121fe3250a7aca3bd33e3db8978f8c1ecdbe6310e46e95cc5356ed
356,Marlborough,Joy Wei,1195.4191887549903,77.50602289783033,48,1350.431234550651,c5ae3ee1d27a85e82969f087d3cc2d7e970924bcbbc6d24b2808420e943410b8
357,Archbishop Mitty,Ryan Torino,1195.2007325884133,159.01976459569957,6,1513.2402617798125,67cacb7d3056e3436ef6d0656d794efeb301b5a98b51999597e110b19a5af3fe
358,ModernBrain,Stella Pellier,1189.9466638955887,102.15934448829641,18,1394.2653528721814,24594af29fc915613a65fe1664ad4551746e84ad6d3e9d33b849c7afaa621a89
359,Altamont,Jagguth Gutti,1189.6055550894625,166.89540818367922,6,1523.396371456821,7d8968bca9b47a2fb7209e2dafb6d91145582d1a658dd88647496447762367ce
360,Los Gatos Independent,Mason Sterling,1189.497973054747,90.60185501242768,25,1370.7016830796024,6d8ac6de9ecb673092f4f561ca4f86f16e2bb465febaa964376ff187acdb3d36
361,Ardsley,Naumika Naresh,1189.127465228185,166.32559442120427,6,1521.7786540705936,b0962d37e3857162faefeb4e3cdf6437996db0371630531d57919acd8a8aee38
362,San Marino,Ethan Chow,1186.6133092909408,99.94545022354541,18,1386.5042097380317,d3ac2359866b020b32bd159d97d62891a48646e015625a8983a627f118c4fad4
363,Iowa City West,Jerry Li,1185.0679547173097,161.3819936883124,6,1507.8319420939345,d0c6f9d42af67ca5e90d4983d271e659ef1a291917ff155f12c8ab86f1cebba8
364,Dublin Independent,Samarth Gaggar,1184.553067377466,162.82519255854933,5,1510.2034524945648,129b16e0ff9ad4b17cabbd8241ff9c9977ab3ccc9121ed1d41959b7df050fceb
365,Brearley,Irene Moon,1184.3764210338838,100.93796849637043,18,1386.2523580266247,7b9d4706b103d9800909cc64d5a84f8c87d8c09e5a5ca3eaa88fbb1996400b3e
366,Mission San Jose,Matthew Wang,1184.0839243956602,113.35865466053785,12,1410.8012337167359,619a89212dc9d9598dacbb62ec5a22e0da4287d59daddec25aeff9f13739827a
367,Harrison,Jordan Blake,1179.8493937484047,153.53262534513385,6,1486.9146444386724,341cb0dc6fd08ae508b23f7ff8a034e217fd4c58f923b2855893e2a8bf79f252
368,Arcadia,Ashley McDonald,1179.1284232777825,159.35413125306098,7,1497.8366857839044,c90e5880dbbbc26652c596bb57ac673c1d99b7f2cd415f76dc2a5d46b4518564
369,West Des Moines Valley,Dannick Nzimi,1178.9430325462185,96.40386581764473,24,1371.750764181508,f1d482117e01b9caef7557819fa62d0a4b9a663cb7175204eae71571058cbc48
370,Golden State,Jayveer Mehta,1175.5351085297925,112.75111352148998,16,1401.0373355727725,2658ed06218eefcf68470cba03b228cebb650493763334641f0f641ea123a999
371,American Heritage Broward,Nelson Shi,1174.7080569123445,120.72109056629698,12,1416.1502380449385,93163524146a65aaec3f0134b967e37d6fedac165349100be1299adc77116457
372,Highland,Louise Pedersen,1174.3283702222452,168.52380870193684,6,1511.375987626119,823035cb04e56b61e285f48e68875f396cfef894ebf61fc83aef726d560be55e
373,Loyola,Agustya Karadkar,1173.9230840671664,100.60758138217203,18,1375.1382468315105,284ff0d813c40017acc259c6da00a20b3048c2e41eefd521d2418431b3ea2784
374,West Des Moines Valley,Abigail Miller,1173.5765052072768,162.19946635554433,6,1497.9754379183655,f1202a93cc40967b1c28bba6c18f0952cc8ee2249c1d88358d97030ce8a3c237
375,Golden State,Patty Peng,1171.824512219768,165.2824457779221,6,1502.3894037756122,7975daf89ffadddac2b5e64c2bd1e23600e4f619d85a79b54339d42de65814eb
376,Strake Jesuit College Prep,Diego Villareal,1171.4652246645298,130.6777752695716,12,1432.820775203673,cdaf14c00cd6f09734efa32759739751c3c50c5c0677bd3af66ea7d62e34b909
377,Montgomery Blair,Olivia Ren,1170.2650466629163,157.65092307025387,5,1485.566892803424,3448b825deee5346d359585c34a9a54bc2ec22fa83a7535b772e3b0d6168079d
378,Research Triangle,Karan Parekh,1169.0430705856336,112.25000587818066,19,1393.543082341995,bdb8359671a1e88d45c0c81682b7e859e75a2ee09da7c2b91506892f600712c2
379,Dripping Springs,Annika Gillella,1165.819088339685,165.59438142353932,6,1497.0078511867637,c9cdc99506fc0909b352258aa58c95a6eee641db6fc3afb917b3238ed47f8fc5
380,Vanguard Independent,Hasini Kandula,1162.8854103704814,163.73817673635062,6,1490.3617638431826,f62896321a2b6df42fec543f70a999894eaba97600e752cf46b6f2e318274d50
381,Woodlands,Leah Bronfman,1162.113541379938,164.31815103885873,6,1490.7498434576553,92cd399ca07a3cc2987d8c631b4ff5f725e0b13511a1a2ac9f2687d76b97048f
382,Marlborough,Elili Flore,1160.9737687054303,94.93945309441227,24,1350.852674894255,05bf9640d1e38a4c3506e55ebf7616b791aa4099aed565c5b583f31d60c303a6
383,George Washington,Isaac Forstot,1160.2540644443468,157.94499612156332,6,1476.1440566874735,e923db09418b4cc7daf9a9168f6bfe821dcc454e6bda0d7b196bcc3da41bc68d
384,Altamont,Manasvini Chava,1159.319149338566,131.10616253313228,12,1421.5314744048305,c8093bb2d5b3d4df93782ba36605f30e48da359e2c00b9c414cb507c5dc5cc00
385,Lynbrook,Rachel Tat,1157.2686290917497,136.56014321404953,10,1430.3889155198488,a165389d7820eb221068a5e893df896df5bacaef7ff922b6faf61c51a980cbc9
386,Brophy,Kellan Lynn,1157.266124813219,91.71552237328612,30,1340.6971695597913,c9faeccbdfa59407447bf8e355ccc56dc827cfd5156f3ac0d5998ca382e3a3a8
387,Los Alamos,Erin Brodnax,1156.7430393894324,128.16560094824393,11,1413.0742412859204,0edcab4e569325287f0d29d7bb6711bd7958d82f872e48fc8a9cbed7086c5640
388,Coral Academy of Science Las Vegas,Zoe Kristosik,1156.327614681897,160.61540811265388,6,1477.5584309072049,4ee16245831ffdc599a69c5f969fdc5f7e2c34e177859c2f0a0c040fdab61a4b
389,Albuquerque,Eesha Gunukula,1153.708127909515,168.93736788701136,6,1491.5828636835377,c665b99b75beaefed751fe32ee756ff4b114a42f981136b3d3128ef4f3c141e6
390,Montgomery,Duncan McInnes,1153.706992841917,98.30261788101052,24,1350.3122286039381,c24cb7c9f4f518242c08ba855587eb5ae4baea6a1c897ab41571dc7b1652893e
391,Gig Harbor,Autumn Coovert,1153.2935983379668,161.3500841896043,6,1475.9937667171755,c5381ed16a151e800d71bcae46ac049fdb59f1dc569aa0e50133ea8b0836618b
392,Eagan,Ethan Mann,1150.7164204802705,166.89824269744224,6,1484.512905875155,6eda058af8175def05647ded183c4d60953356e1d9db69433915f44b6682ae48
393,L C Anderson,Palmer Mcnelis,1148.7894182934253,168.92901864169505,6,1486.6474555768154,fcdcf7fe0538d02d83b7ea03993e1d428124a1e6d7a1ea926d974ca6e846868e
394,ModernBrain,Grace Chen,1148.6621525737653,109.71361863555572,18,1368.0893898448767,310d84d87909fb3bdf4ccb8ecb1ac755331bcbf08fac42d2acbefbd7c2542e6f
395,Phillips Exeter,Kate Gilchrist,1146.035236687511,150.82230243741137,6,1447.6798415623339,7adbe08ed4e113d7664a24ead3fe3cb8a61d96cd6d8397663ab6bbb37c75fb09
396,Immaculate Heart,Carson Mueller,1145.796776967526,97.81470682410855,24,1341.4261906157433,ca07c2034660f830a14cad42677db7720b1360813acc0a5230cd4e7b9d65afd1
397,Westridge,Eliza Kim,1143.4375937141187,115.68432742585308,12,1374.806248565825,c67d7a47ca2cb6fdfc9668e65f02a06f7e56a73d922f9afbaca2a41f6211e69c
398,Polytechnic,Ryan Kim,1142.8585887908853,102.83244185117209,18,1348.5234724932295,43266da1bd8728d79348816be240cfc60752bc3439924591e71aa4119d014df9
399,Hunter,Gabe Koh,1142.548402724858,157.2518536115987,6,1457.0521099480554,4cc5dc9736a1c99c16ecb26679ce25be70271df4a7b19545b0fb3f5e3559fd9a
400,Bellevue Youth,Zoe Fulay,1142.052423880125,130.07559203433124,11,1402.2036079487875,3ffccbc115c74fdba6c7631ac51b76a820d9bb475fbc7283532169ee95249d82
401,Bellevue Youth,Kevin Zhang,1141.9089506641542,126.2017153103737,12,1394.3123812849017,338df8b8c8989396979e9dbc01341b83476124e26154e40e0056310ed53ac638
402,West Des Moines Valley,Seth Smith,1140.7957936694672,119.38547865691659,12,1379.5667509833004,f032379520042243383e14ecf5156a004b740cc8ccd44edded41c01d60bb19a7
403,Galloway,Charlotte Dinerman,1140.7357093138976,121.00714738149993,12,1382.7500040768975,367e2b8870b0aabb865aec0e0819536a20d06de5e6f404516a9e66322a0b332f
404,Highland,Leif Kious,1140.307636780175,161.52200565378328,6,1463.3516480877415,d423addae8bee032b8b2466b282338f72fe24a76cafbb8a64b579ec83b2781db
405,Mountain House,Hasini Kandula,1140.2492682684276,160.76073796228653,6,1461.7707441930006,a9ee765b6820d23115f0c44c5f8c9fcc444275c655d6fa5895717239916631a2
406,Dripping Springs,Amani Ahmed,1139.4399102443288,171.8802989217148,5,1483.2005080877584,b5ce33f131bedc49c66268225e47a606c54aace90ea1b7ba65cefb44adc7dfad
407,Phillips Exeter Independent,Tesu Ham,1138.1798204275167,155.50819556978843,6,1449.1962115670935,d6c9912bf17acbfeb00173f2c19bfece5660334112b2a59bd699f7d28354ad15
408,Stuyvesant,Kiren Sitwala,1137.960341251805,103.47157542667031,20,1344.9034921051455,8ec07bec1a149630184b823143cee5f13d034d67d52c5cc0b3803be56dbcac18
409,Bellaire,Leo Cheng,1136.8956935691608,163.67182774757478,6,1464.2393490643103,ca8432801e6305a6bcabe1379737870712a943c60032792ecaa9a0f5aec1a65f
410,Lake Washington,Karan Khanolkar,1136.20645258935,155.6637390805787,6,1447.5339307505074,bf20ae6bccc8bdc193a770e61690f7cd2c4b7fb136056beebacfc4b81801375f
411,Dougherty Valley,Toby Tran,1136.1031371079785,102.26896625697917,18,1340.6410696219368,0769ceb9088b361dd540677deb6efcafc28c152e1212e871c15eb4b4d189b659
412,Edina,Zitian Chen,1135.5041215438819,164.46822687381518,6,1464.4405752915122,bfe77e22c370ab4ea35fc72988aa4ebe139d724ca62a70ca98800ede9400ebaa
413,Bellaire,Nathaniel Pate,1135.3102140018098,109.18274903521662,18,1353.675712072243,a461edc804ec9e678b19bcda43bc2af9a1f2463fe1977f20da55beae1a5d0a3a
414,Marlborough,Sofia Cwikla,1134.7577982682176,102.52822490253163,24,1339.8142480732809,177216a93b28c73605311d8c85be95e8e85a0c5721711eeb478c05f896a8f30b
415,Lexington,Noah Perry,1134.3556312507799,106.71253751329166,18,1347.7807062773632,6534fb341e53f3b9ef6678445ac5a208e32c525528a0bea2ffa3bb27dd92e0ad
416,Phillips Exeter,Hanna Zhang,1132.7399671973194,161.33371802283125,6,1455.407403242982,cc2785070619442096c11a4a61683d3a2c57ce05d58d05127a3050989d68f86b
417,Harker,Alvin Siamwalla,1132.371900394154,89.36249637219191,30,1311.0968931385378,03337dedb7ac34b9073ade7182f594b1da42f4757fbb95527b9e95a00bcf87e4
418,Dougherty Valley,Matthew Jacob,1132.1997271688617,86.97477840565932,34,1306.1492839801804,72919f388f46a057cf25f8ebd1fb905650e575c9b01b533eb596690ac1196f55
419,Flower Mound,Shrika Mupparapu,1131.8806100810052,170.68472351055277,5,1473.2500571021108,9e1dd5381a5a1c1e5a93b5ba30d3c6bd39b560c75381e079a865f641344dbed9
420,Westwood,Mia Shetty,1129.7649565595082,92.34500947951106,23,1314.4549755185303,a4fe62bcaeb08ffd1731e0a985a33f879627d0452339ce0d27af714634b0b71e
421,Trinity Prep,Sami Haddadin,1129.6307270378277,101.2715497547662,18,1332.17382654736,fbad8fc215f765060438b9e898106af6d7ee098490f8c60785e21566b038c7df
422,Los Altos,Neil Marwah,1129.1522544657264,121.80281598560443,12,1372.7578864369352,79e1a2cacf63447437d7eee3c3fa3c63f40aa70a4490ce20a34372e70ccd7f4e
423,St Michael Albertville,Benjamin Dayton,1128.0834739402915,161.10692473873326,6,1450.297323417758,6663aea34fd3016f004978d5eabd307874861f74eef6ddeb9be0ab2f4cbb43c1
424,Archbishop Mitty,Anika Goyal,1127.8083850252797,107.25628683264584,19,1342.3209586905714,03dc101cbe41311168b8cc5b92c4ab958e702e727edfacf8dd28658583ea89a7
425,American Heritage Broward,Cristina Alvarez,1127.5810256322304,118.18516970901878,12,1363.951365050268,e6d70d12bb05b773827466f2c69123d01c390b4238ebf6f01a40792cf1a0b058
426,Loyola,Edward Min,1126.198290869653,109.55649677772303,18,1345.311284425099,b2b2a14e0865cdb90b6ec5109e91d0513b01a1de3f2ed9d5e5b98c6d314fcaab
427,St Luke's,Salman Memon,1124.6110463706952,95.36499711898652,22,1315.3410406086682,012ae582b736f3f4071692b99baea00cd77d88804fdcfb320efc881a5f134b46
428,Harker,Jay Agarwal,1123.9709902488344,115.18271640889074,16,1354.336423066616,8e9102f9448e3df8706a2ae4e55ff39e7be29c9e5b1427fa5f9eec3dafd98c85
429,Colorado Academy Independent,Hendrik Jordaan,1122.5690478438441,175.32938720007323,5,1473.2278222439907,c07e53ec87e8b8b5a88a0b36d72d8ee5d60bebfa2ca79e669b250f05641965c5
430,Oak Ridge,Evan Garrett,1122.2271062875498,132.16381733091964,12,1386.554740949389,09cf9b99bf384563dd914d74380c6dcfb451052b481820fca223ef2ae950407b
431,Prosper,Sanjith Tammana,1121.9235571960412,163.16255459673346,6,1448.2486663895081,2a142cc4c19840d0e567c137929aab9b6415c239ba495c12dbabb38514f37f01
432,Stanford OHS,Ellie Shen,1121.901820673819,100.90128712658463,24,1323.7043949269882,346076473c17dac71fd9634f0bedca71aecfcc84733201c348e4fae5d284ee97
433,Jordan,Miraya Vasan,1121.463315108876,174.19367072315018,5,1469.8506565551763,ec317d96dd08c070f5b8247b354694ddf0adcf3a731b7462b53931a487305e82
434,Bakersfield,Sofia Bye,1120.7111924372393,117.4496699501941,12,1355.6105323376275,92be8e5106a51af96d896c89e77a5cc586ca010f37ed39b3b0abaf202eb73c1b
435,Harker,Jessie Cao,1115.987370010799,101.84389889952925,18,1319.6751678098574,c4e0027cf9be4c6d3f518ea20a4f87fb7b91f8083a2b2376ed9046df78ddc594
436,Peninsula,Jiayu Tang,1115.1314547174898,83.80027317349045,30,1282.7320010644708,252303dc1b2d613e58423ed0a1c38d17d0e450d67ac44288eb976c98fdec19ff
437,BASIS Peoria,Sidharth Rajesh,1113.747287574839,166.76636259166023,6,1447.2800127581595,5900a1bbe3df126b816de21346e0f000ea885481e95d90bbf5d39de1f234d6ca
438,American Heritage Broward,Cassandra Beane,1112.9992996387564,160.8522350928313,6,1434.703769824419,575619817982513b2c184ec232e70703ac4bef617e24ce5809e313371da8f83f
439,Plano West,Ryan Chang,1111.3267032059487,162.53084220532594,6,1436.3883876166005,e3dadaa439f2f01923e4da9ea11a2aedd6dd8711cd0996f2b85269e171d4066c
440,Westwood,Ahaan Junnarkar,1110.8916910825842,138.3885670422475,12,1387.6688251670791,52f0425b82ea857339255b100575eb06a552e1dde2e09d44063b269528f9bd7b
441,Earl Warren,Natalie Aguilar,1106.820580765009,157.61759569541502,6,1422.0557721558391,5a2d574ff83d9741943b4b5458e25a2c2183c565ecf142c8ecb9360a26abb9bc
442,Park City,Aidan Bizirca,1106.7411686322523,171.9696049129714,6,1450.680378458195,03de667f0c7e46c7cb92e2bff6c8ca4fe762978c597d4d1230721371906c76c5
443,Westridge,Yuna Wu,1105.7292297865229,104.78107159059827,18,1315.2913729677193,1cf8126c9b383018c6aaacb945975e09a7cd91a7ee764cbcacdf2b7d4f52bab8
444,Ridge,Amandeep Manda,1104.5712996304067,162.8034061170172,6,1430.178111864441,1cc32e70fe0373bc5a28346ecaa231b5365114df622fb9c2c95a1457c12ec2b2
445,Friendswood,Presley Auburg,1103.3118153322362,160.6207297116683,6,1424.5532747555728,6a4892c0750ea4070ef9dd00f69075cfbdd4cd431ac1c1a240325123a9ba82cd
446,New Orleans Charter Science And Math,Jaden Williams,1100.9649801309545,99.08392734983893,22,1299.1328348306324,8f66b218f7bb440f1b29c43a9e1de8009ce48ca93e0176f23c5a41333bd371f4
447,ModernBrain,Alex Huang,1100.9595506179207,102.69863489827566,18,1306.356820414472,356259c04df0c9e06630510aa73e2885b3146de521c30e50dea03e7fb4bc3192
448,Mountain House,Saket Ganti,1100.6622812511996,168.0290246792827,6,1436.720330609765,a60e14fced3466ddba87a93c5f38b97110c7bd0cb0b28da7513a5da5356761ef
449,Albuquerque,Sowmya Sankaran,1099.8804567313248,172.132387122906,6,1444.1452309771369,3858f2a4c47aaef79f4586d2e660a468bdffabf06bbebc44ed0639446257b7a7
450,Marlborough,Clara Merchan,1099.465771833899,95.82785999701882,24,1291.1214918279366,e0a7eaaa919847cd70df529f2f266bc5d9d05886276771ec35cd25323afa3733
451,Able2Shine,Enoch Shao,1097.1085812537845,160.39713736624847,6,1417.9028559862813,b352d95582a9ea04d95acd6d48c82a9807dfb9d17b463fd6b7bceeae55542de1
452,Minnetonka,Isabel Chen,1094.5887843816652,164.18527420863788,6,1422.959332798941,72638c377ffc342e7dcf27e77f2f30168ef9486cc215ae8641e8edba2acc60a9
453,Corner Canyon,Melanie Smith,1094.5154290144021,167.43698729081564,6,1429.3894035960334,1bc21fb53097bc1355c87fe8e64707d3a144d0a1a763c56c5af5bc7cc5d5afc0
454,Stratford Prep,Ishaan Jain,1094.1104715648496,155.48649670879124,6,1405.0834649824321,6eb4a6c65352382cd433db2874e1bb8dbeb4224003d16d8b45af1ffc9e43a837
455,Vanguard Independent,Saket Ganti,1093.952869922332,150.691268250082,6,1395.335406422496,74f51f0cf8fb4e845e9741e792a5b931b15ab004002e137e8a3bf8e2f7ecb3d1
456,Edgemont,Samrajya Singh,1092.7993883832469,118.83964478758091,12,1330.4786779584088,d08bc7b9abd1b98d655f771806504ec04183c50891cdc9a253710e0df7db4017
457,Apple Valley,Joshua Bonilla Rivera,1091.9614449940568,164.58091312491598,6,1421.1232712438887,cab5e21c6c926efe73a31bb04e13371fb45344ec535c630d929885032def7f21
458,Harker,Elijah Levanon,1091.726552778398,172.99877940487448,5,1437.724111588147,c584e18fad9bc3fd9a8bb638595e2d91f7d110b5675478cbe937e7fe0bfb5465
459,Geffen Academy of UCLA,Josephine Park,1090.89023334547,121.57823809963281,12,1334.0467095447357,fbb1aa51330dc956259b5eb2b606ded23a2b32543dc5c4bbe2ae8f86100d06e9
460,Chaska,Natalie Pfeiffer,1090.6127378227475,164.74730839583623,6,1420.10735461442,3eeaee9abec35169d46149aeb995bbc966f5d85654f52a5ec78d38d7b0005d93
461,Harvard-Westlake,Sage Bonotto,1090.2248080765607,110.81601261655491,18,1311.8568333096705,ed74571c0b76e7f641e9ab0ffb257f7cfa84971729731837cfa89f26af4849f8
462,OCSH Independent,Leo Zhang,1090.0671802903596,185.53697084652276,5,1461.1411219834051,824d9e7b7429a4de160b0545cb8c46affe0c41db61beb86f1d10922905759870
463,Littleton,Maddie Kusner,1089.0478666746844,162.0324050517587,6,1413.1126767782018,d4d62f32dd8dfc34ae7aa13f5dcfd156d562330b37f06f4f61bcb1a551a254af
464,Westlake,Siyona Biswas,1088.7633601626717,130.30020447442456,12,1349.3637691115207,3d50734487960f49930190b22fe40bbade99ed8d491b46ea9db55a3590efd2f0
465,Nova 42,Ethan Wang,1088.5436155611474,171.69398793000124,6,1431.93159142115,989c469b2e9749087e34505b9031056273abfe7961e19f1baec0cf472ec46160
466,Immaculate Heart,Camille Johns,1087.9550456019256,120.73592369572978,12,1329.426892993385,0a6659dbb1e3fac176930cf84c1dce83e33b5059b947bbd3b4e1bfb1aa3901ba
467,Edgemont,Vivaan Shahani,1086.1965768247637,101.64652640349313,24,1289.48962963175,c55aa5d1c081aa630fd742ec20e501d2a2d6329c172b66a6b6b290e952a2a5ea
468,Boerne Champion,Max George,1085.7937149537674,174.35517943655833,6,1434.5040738268842,48106257dee6b2e6f2352f68b3c9b2920a7a8eecdb069094e7d68a3691fcc807
469,Cupertino HS Independent,Ayeshwarya Sisodia,1085.0061213907077,176.1489288395865,5,1437.3039790698806,a2c122e61e8363d57d936a19654b978b1eff8af7f38136fbbb0eda64bd90dc07
470,Sophie B. Wright Institute Of Academic Excellence,Brandon Phelps,1084.6423751892594,186.05537075450846,5,1456.7531166982762,b138a9a60405496cec743b2903589294a427bf6be7359ffe4bbdacb51f946350
471,Carlsbad,Noah Johnson- Serra,1083.4452010958248,162.17935228624594,6,1407.8039056683167,0bc1c3a3166f99ee395e019b3c85532af8c2f924de7c4040a8bfa250007e09c2
472,Loyola,Thomas Corcoran,1082.9430890492838,99.04137973242348,18,1281.0258485141308,adccb042e15ef6621edcc21e2451f8f8fe36b75d0d3d512824a7ac95bf31763e
473,Walpole,Shaurya Panchal,1080.9980396193957,152.83757822377117,6,1386.673196066938,8d828c650b6a0d7bade43f0a41453271d14a22abe7b9b1c4842bc9faea60143b
474,American Heritage Broward,Melody Cheng,1080.4503925930346,166.0112920432463,6,1412.4729766795272,11955ed98bc4121b1adf55d0b2a9025623e818feea5d09f366b29167c17434c9
475,Park City,Mia Sawyer,1078.645778118263,128.64468493544047,12,1335.9351479891438,7061db75fe99177f065eb7bc2a6f367a64e6ffc58846b2ca8d965d4053ce08a4
476,Argument Institute,Advika Prakash,1077.5209602394714,166.7528815919866,6,1411.0267234234445,1ef9bc08a496b88ea3e95ec7216e7ef525689affd6b41c4ca8f256061730dc56
477,Mountain Brook,Winston Rocque,1076.6876597477417,137.82384361563302,12,1352.3353469790077,c325261dd4230121e9ee0e863465e1c527a79ab1bca3705b36de5a6b5743f875
478,Woodlands,Ruhaan Pant,1076.5384989081317,168.8254529785233,5,1414.1894048651784,91a0ff192dead52706fa34cb922385ad3ee0654f564207ff30f5e59847b38943
479,Bellevue Youth,Aryan Rao John,1070.960218005277,160.52542961004445,6,1392.011077225366,741311117fb5369a715853a600c9b771d3249c9a5a63c4b13c089ea02b021c82
480,Gunn,Ira Tiwary,1069.4469889655427,101.14719354743617,18,1271.741376060415,64d66f3890684cd7d653ab3803e2f836d087035d1ed277917fdae569b1ef88a1
481,Earl Warren,Sofia Garcia-Nunez,1067.6345378574308,158.04964886085133,6,1383.7338355791335,0a4c3b9900edbec4ff98130ce1cdd2fab09d733674ffda18208477ee3095be08
482,Cary Acad,Teagan Bolt,1066.9109260923092,159.91894732713743,6,1386.748820746584,ba2888e3f1018df8b6ccf91d2ecb47cf9614b776d87414ca13f61cbddc37a28f
483,Bronx Science,Saide Feliz,1066.1656908201908,164.9911447023032,6,1396.147980224797,b3cd7535475bf4ec90f938e9114e59d17bb181ea47a7eb7929933e341a1d4da9
484,Midtown,Nicholas Fedorov,1057.9935408091885,123.45844454920507,12,1304.9104299075987,234ca302460d1e1ef0bbb73b4e07eff07ea5cbb61c4a8f630efea822260b8910
485,Presentation,Camille Chien,1057.975825919391,134.31637585873347,10,1326.6085776368577,36272a9b923fd1bd2a20cdb6a771a87020cb6bdbf3aaf61fc2c40699c4052975
486,Brophy,Charles Chen,1057.9004711685986,121.46555046713011,12,1300.831572102859,43a156c69e7ef3f24fe61d8264bdae2e6f09d7eb6028237c24198583a18be159
487,Vanguard Independent,Ayaan Khandelwal,1055.895507525132,175.44907913670872,6,1406.7936657985495,3e1b994210a833990988341af801ca994454ee5f26755a894762f3aa368fce77
488,Albuquerque,Videet Modhia,1055.7544358737955,118.77160746435538,14,1293.2976508025063,ccd3df85f8a68c3c30c66e1ff656bfa9db0c78d1d1aef418e141af38803f8217
489,Valley Christian,Aarush Kamma,1055.682002856425,167.96168939858137,6,1391.6053816535878,577d72dbaa1389aa067bb8485fe9f6560a143f67d7980371aabd300afa19b13b
490,Hamilton,Grace Jiao,1055.502286287705,129.06153420897715,11,1313.6253547056592,ecce4bd71f2a7a8fb4b1a016e44a125ab0f72a771249ce0e0f6db7e230299d6f
491,Trinity Prep,Chloe Kang,1054.568579308684,127.22222051925792,12,1309.0130203472,85afea7d578c22795b7634c30de479bfaeb5b7ae8af7973b99ec8896b1521e11
492,West Des Moines Valley,Judah Carpenter Hutchcroft,1053.4336993641143,124.15787237050779,12,1301.74944410513,a7ff0d95dc9428b7480c30bc9f6e86953a806b884025ce3efd0c439c3c256cad
493,Golden State,Chris Wang,1053.2661157114055,106.15907934957443,18,1265.5842744105544,87701b69bf2c215796fcf6b6349a462dbab1246ac30e450cb26e39e4f58fba54
494,Awty International,Richard Yi,1051.9767202982353,95.04419176574385,30,1242.0651038297228,dd6fd2370cb7f56db7c1b88d6b5f72487fa4ca51efbe854e1449e65de30643bc
495,Wayzata,Kieran Finnegan,1051.7404673406259,165.44771640172016,6,1382.6359001440662,7b3a818dc16841442f693981d4ee0e113ef2a02cf4ba8129980247bd9172bc21
496,OC Policy Association,Mia Velazquez,1050.327562566482,124.76179281084663,10,1299.851148188175,e7da12f10de54c00f2c82c6347f00827c60a3da382609a520fffc436da42da02
497,ModernBrain,Aaron Mao,1048.5147113768246,116.94559378285096,12,1282.4058989425266,e294e15c036d823a04394898fb7f88a408bc9c363f4aa219e95e32a6bbfe9bf4
498,Polytechnic,Elizabeth Huang,1048.19625410418,104.58566539697064,18,1257.3675848981213,d847b2334c557b6400c1f8d54e32ee68277fde9cca87b1553a27eca98ac7b42d
499,Madison Central,Lawson Kennedy,1047.2675156709395,135.74104457027474,12,1318.749604811489,776f01e0ab3e78f7351e6d303b2d53033cf32a480ed08a107a04bbc29743f909
500,Harker,Guhan Nagarajan,1047.196109241313,136.78373850902923,11,1320.7635862593716,44c301f086bd86097370224eb6eb651a86dc644ce90657471d77d4607cd76b89
501,Archbishop Mitty,Nathan Manikandan,1046.8058509994166,92.20934997608308,24,1231.2245509515828,c1c704418bfc2b41b8f37071ce56e2c0d3d3fec91187dc2e77b3f77b535c31a9
502,Woodlands,Philip Dominic,1046.346984089537,173.82927884564478,6,1394.0055417808267,6594938a1a4a7d50da93993d1d3ac8b0d704fb2b5559a1a2bb0d6a8155a8a692
503,Harvard-Westlake,Feliciano Serrano,1045.7667430210088,101.53191389116837,18,1248.8305708033456,12a5266011a5b860b3925df9609166c81f0609a2fa05f99bad12797dd6c2f8cd
504,Dougherty Valley,Atharva Kudethur,1045.3208613279328,98.02456534073569,22,1241.369992009404,2b133b0074340aa988554c11e8f38ab92e93a9c364f22ae1c7604254e0eb83a3
505,McNeil,Prisha Parimal,1045.0369295711514,131.1000362536383,12,1307.237002078428,d7f086d5643781ba93d2b0bf651f07195c6f7543cf68d06edc8fedcfad1ab620
506,American Heritage Palm Beach,Panav Patel,1044.120474037118,120.29582465893964,12,1284.7121233549972,97cc3c730edacc995d2f459b9105aef2dce2056dceceb38cd6d79d60749eda9c
507,Loyola,Michael Romero,1043.9834439097638,90.80929465335961,24,1225.602033216483,98691ffade9d788c898b9e0511bd8b5f794619c901ca9c70f9b8eccb87b15fe4
508,Heights,Sarah Cruser,1043.340010315824,183.64589889915908,4,1410.6318081141421,1ae9c73a37e3694fc6c7b6959c947ea7071b0c06e5c3e64ed4e20ae59d838b00
509,Bellevue Youth,Mark Yu,1043.0951318813713,121.52839709597723,12,1286.1519260733257,f3ecf34b3feef62dcd48fb7ca7104b68b9d1f291e7d0b25e320b406291577a96
510,Prosper,Samhitha Gurijala,1042.6123915249832,171.43251597558955,5,1385.4774234761624,d2ee1d788149e846cc82082596a5ea3271390e331feaa6cf4918b3eb27f81e27
511,Grapevine,Isabella Hu,1041.1668810590286,145.07678976376445,10,1331.3204605865574,578593e50a71b685ca214f5a7847821ac7fe55335a34a807c5d70e932a2c08ed
512,Mission San Jose,Saran Thummati,1038.3690971474684,165.78359604977896,6,1369.9362892470263,94e0b4ecdf7f8d05e4b9f36390842bb345b53bbead27bff937f86eb707fbb747
513,Iowa City West,Vivaan Dudeja,1036.4970004117026,126.08281329968386,12,1288.6626270110703,9f9c718b782a190d2f2fdda4dbbedeaa22adad5cec6c3126dc9f76856074975a
514,Claudia Taylor Johnson,Ronis San Mattel,1033.4015412936826,180.07465859562868,5,1393.55085848494,c32dd274c015c60f858790a6ebaafa77bf1ceaee95fa1a4859a7718527c8a611
515,Stanford OHS,Yi Jei Zhan,1030.7044892300082,188.60248497891794,5,1407.909459187844,315fa7ac0c356922ea6e77cac2ddd80fd3c7eefbedb9a2907c24e31d90c8940b
516,Mission San Jose,Arsh Shah,1029.5613111884059,183.5044087171844,6,1396.5701286227745,3968bfd45ae7722f43fe61cf14f40a81cfa93b1662dd517b3e23fb82d1105332
517,St Francis,Joselyn Coon,1028.7424602943447,113.9530464838813,12,1256.6485532621073,b4b41013f0d936e0a876a89daa227f4ccfee072551b0f479fb3d6b9e7788d30c
518,Westlake,Priya Shah,1028.3879642461145,121.84196836651105,12,1272.0719009791367,4d9c8b51092a2425b0f05ed046cafdcc7308d0ec458a7ecfb5155401a90c2802
519,Saratoga,Diya Ramachandran,1028.0968734108194,152.0144877687983,6,1332.125848948416,3ef834b171ea16f18ed09e22afba37d4d54ba1ad36d1fd572f59a7a840e4e68f
520,Golden State,Matthew Y Wang,1026.0607117845395,165.76145787073017,6,1357.5836275259999,cfa3ea9ee70a035211e531323b9000194a3aa99fed266e4b69eebdc69783c8aa
521,Los Alamos,Alyssa Sun,1025.9540575254216,163.76336596592117,6,1353.4807894572639,321f7d0ee931f5db635dee8fa191fb45f3fd597bec68b172874e88624a720aa7
522,American Heritage Broward,Sofia Barrera,1024.59346098685,161.9167227638176,6,1348.4269065144852,7f8a7be18f34a8fb8c7f7121879789ea4c6a5d629ec76d957b52fb1cb9615c73
523,West HS SLC,Keshav Sainath-Iyengar,1024.5556422915283,173.338497833306,6,1371.2326379581405,16f15ba5f0bdd4cf6a99e26d42bccec0b778682f0129de8226a9341dd4e94fcf
524,Peninsula,Ayan Uppal,1023.8454174196186,98.93183715743588,24,1221.7090917344904,c4091ad56ab8b08bc96fd64cbd4cb8c7cd9ec06f0615a1d9e755e4e8e7a4d53e
525,ModernBrain,Rena Zhuang,1022.9068222217172,112.86096463220403,12,1248.6287514861253,009d7fce6c626c5b271dfac8dc0b28b8fb9db8515e8e6ede3ef5039f3e7fbd1b
526,Desert Vista,Jacob Li,1020.7243350980086,162.33487363915017,6,1345.394082376309,20511bffdff1252853ac6901806d929c075c32cb394e41c9e90cb79996022574
527,Harvard-Westlake,Trevor Kim,1019.6757094839246,119.9009206267536,12,1259.4775507374318,b6d4dbd680c32f1bf4f8e93dd313daccc13c8da88b30ccb1c74f7c5548e69578
528,Dougherty Valley,Devansh Karavati,1018.2561509206473,125.6432070167748,10,1269.542564954197,b587b5f39d3d4601968faa566c305074aeeb8fb0291f04001234a5a674410b5c
529,Lake Highland Prep,Sanjana Mannepalli,1016.274467537284,151.63542285908423,6,1319.5453132554524,09682350b5a47306a15b8b7d8c002f51b39c8fe1bfbf87b0f753777e44b859fb
530,Bellevue Youth,Isabelle Eunsoo Han,1015.9328674331273,160.7716425866765,6,1337.4761526064804,0535f266c7e5855ad5b6e0958deaf7e8d4658a09f554468572aaff53ef6d6c08
531,Danville Area,David Nemoianu,1014.7078434086682,150.65794650449834,6,1316.0237364176648,6809867fb1a9ed879921bcfc3e36529366847dfdf9c8e5ff6a07e539173d0c13
532,Harker,Aayan Pujari,1014.7060395802295,107.90975476202046,16,1230.5255491042703,195c46045a187635a6c40fcfc435400efc3aa108642091ab005940dc01c268de
533,BASIS Peoria,Vedant Urunkar,1013.9792770409397,160.103370972463,6,1334.1860189858658,82c873a29b9c8a3cc9613657496fce98e9157f2ef2b230d78b9950e18ee1089a
534,Frazer,Jaganesh Ramkrishnan,1013.1783890280605,157.79863856461048,6,1328.7756661572814,0108cce99c7b4f7a0ad643e3c8037d8ebb8353a1077af1b3b21f510da104f747
535,Theodore Roosevelt,Isabelle Raymer,1012.9713547192221,164.48754871777655,6,1341.9464521547752,cf4868263762e5da9228c5512b1e1a9b4c8bf04f3e7774935128d78ec9f9975b
536,Immaculate Heart,Semiah Huang,1012.3016671844927,100.87340215731155,24,1214.0484714991157,4e63d017a3d3b0f11c9f7984c70031a80b0e0969ec541fad9c92bbbe7fd1cbcf
537,Bellevue Youth,Mikaela Trinh,1012.2061340614622,122.49588177021195,12,1257.197897601886,ac1065a262ad97ca9eae02b4c37694afa1e722ea87b305f4011eb3a7c201c679
538,New Orleans Charter Science And Math,Lawrson Dillon,1011.2411470188297,123.09235947394458,11,1257.425865966719,6400e832e2dcb31012753970dd1ef38d84351d954d860b932e016e6b48cb43a0
539,Antonian College Prep,Jordan Brooks,1010.2051227461249,174.4491363907768,5,1359.1033955276785,17f6d33a8850b5c54cfa8f10d213465a7196d988d9338aa0a3b34462827102c6
540,Harker,Maggie Sun,1009.476880513668,155.96697069201858,6,1321.410821897705,7632985962a4b1b714603f1b8353e4d3ffc4e33d25d05b55ee812176419f3d9e
541,ModernBrain,Gloria He,1008.637070962024,115.60835036506698,18,1239.853771692158,aa103f6e2e35c7a4f8533a5fa7fb2da5866602b3fb76bfbdd58c85815a785e62
542,Lincoln East,Sachith Pondicherry,1008.6260477427842,151.62692449222192,6,1311.879896727228,8c0f49cc233eaa0a282bb442c75fecd0b14682acb82af87d3db13f75c6b488e8
543,Edina,Shanaya Jana,1006.0466467200175,163.87632815203455,6,1333.7993030240866,8f5570f96005a2253d2f5a25248807ff00273d4378256344ce87e8f96967c108
544,Claudia Taylor Johnson,Akshara Gurrala,1004.1260454362958,169.2644241937515,6,1342.6548938237988,e03f9d7ad7d7e44793e3ed127a439b5c53912b64e08b13148d24e65004acc027
545,Woodlands,Anna Le,1003.1454421966794,173.10380258452008,6,1349.3530473657195,a73d7fd2bdce48601b8dc36f36bd42e74113928b220b4e89dfcd0c027ef78493
546,Louis D. Brandeis,Tristan Almanza,997.4240272567854,158.76070078875455,6,1314.9454288342945,361a956300ebb193a8072ed75aed417a9a53e443d467e9b7d4eb5b2d29f4f094
547,Dougherty Valley,Hayagriv Sriram,997.2015761171011,117.65024196383895,17,1232.502060044779,6f1b29aea267f84de03012e1ff5787501c351cbfa5749f20ba6fcc17878b5531
548,SD,Bella Zhao,997.1296899999618,164.91526377194327,6,1326.9602175438483,3be1b9e62793e37555181d9f7978b27efb25fab22c1958358abc0959e64a8f3f
549,Equality Independent,Elliott Wildman,996.2741819540288,148.95057204296185,6,1294.1753260399526,06b3f61c5fad3eb3567137529b30c285080a14f9cf2b00e59452463038550855
550,Lakeville North,Jiya Bahl,995.123362128792,164.22358999108994,6,1323.570542110972,6b5b8d9123f35c9083492b9634827a7d7ae82f0cd1d8f4716cba7a15fedad3b6
551,Foothill Independent,Neil Kumar,994.8423685830576,120.61732321892421,12,1236.077015020906,3651f36cd667a996737ccd5250c5fbefd2c086f4efc34c003254e0322f62b49c
552,Peninsula,Evan Chang,993.6862179162649,124.94103973004451,10,1243.568297376354,0e1bc1d52fb430a4eb231e09625da0ef5b2985b850ba825413c8a0191666526e
553,Kent Denver,Delali Gnekoezan,992.5892978269715,159.75938413074107,6,1312.1080660884536,ceb7c0dd58b89b094a362298cf0dc6b841e39175267bc32bdb1c6ca42cd099b8
554,Westwood,Dvaith Raghavan,989.2750606685407,108.34613842692424,12,1205.9673375223892,8b38cb63b0b190441b6d47491e27028bbba54ba1164d9999d64bc9474ee1cd6f
555,Syosset,Abigail Ho,988.0752080349855,156.05406808656707,6,1300.1833442081197,61bbdf2d9614102584b6d79641ad884931cb9a5d6ba3a77268da3a991fb64169
556,BZ,Adit Agarwal,986.0651458822203,153.8180583922872,6,1293.7012626667947,50b3ae84ae3d37d3b48aa575f15a60e450f2b905366373f8326188570ddaffe5
557,Dulles,Diya Ethiraj,985.3228377426531,166.99692147608562,5,1319.3166806948243,5dacb658dd271e02c34c534f4cb65df82fc349eb11e49bc7c9da835ad2087b92
558,Harker,Krish Arora,985.1868193669844,109.48951557391041,24,1204.1658505148052,f884cba1356534b7770b8bcbae631b7cd1466459493264459be69e9e8daf824c
559,Cypress Woods,Aryana Riahi,984.8788899658398,169.8183248867733,6,1324.5155397393864,bd190e4cf25c258ec35e02f1ab62ae0fc678eaae19045cb7fbb5b55ef7aa20d4
560,Marvin Ridge,Gavin Fricke,979.7546631953517,121.78512486805211,12,1223.3249129314559,ad6e31d4e9f25464cdbc1bc6237befc93b03c7b3a683d2de969597ef292671f0
561,Bronx Science,Abel Turi,976.6247283866048,161.74109660775363,6,1300.1069216021122,e07e6dd038aaafa307c4259a98c6442215db419374123e3494d2740a0d5440de
562,Montgomery,Hampton Long,976.2069500523683,168.6924752102748,6,1313.5919004729178,a9d89e9855e23e11dfd65e73e36494e3f5fad984d810a2b583ad59a6f5442733
563,Lake Travis,Annika Shah,972.822739272923,174.78948046511508,5,1322.401700203153,e60d5e1dabdb5f19efdc438176e9b1313210e222ab30a4e79b24fd90af9209e3
564,Bronx Science,Kiep Leon,972.0899108814765,124.74502877040547,12,1221.5799684222875,838740f2c697a67a08e11f90d5ef89b5f87de28b6ae4a747fcdef27c77e30dcd
565,Bellarmine College Prep,Kavi Rajan,970.9552614048011,162.9943217087405,6,1296.943904822282,ecda1a96ce668b8a775a62f20e2841461781c2662f31164c64bb50cbba281558
566,Immaculate Heart,Ivy Zhou,969.1233129799638,131.58009073404327,12,1232.2834944480503,4b01a2bc16f9caf130dce607acab66d126258f7648cd7fd1db5aaca574bd15eb
567,East Central,Caliel (CJ) Martinez-Perez,968.2786777941421,169.05886580072982,6,1306.3964093956017,c8f5c6eb5c3cea33dcd93cdba0397990c5e247710379b4e3ee924e937a33cdb4
568,West Des Moines Valley,Daniel Wang,963.7805975533431,167.8014745239626,6,1299.3835466012683,83958c76698c8133062fcd2a2acc5d48357dc9b88d09c955cb96c7761c6a12f2
569,Portola,Jayden Lee,963.6314091915708,163.33938829178157,6,1290.310185775134,7e838e64894aa3098f5518bcbecd283dcf38b0392b8c01eaa9862e2bf634422f
570,Bellaire,Ayub Ahmed,961.573137365532,178.7763948008497,5,1319.1259269672314,e3f3db0ed8b70cb703231bd3c2e911ab037a5a2d01e25bd08787c1ab0959b3b9
571,St Mary's Hall,Veeraj Bajaj,961.0143136933334,161.5089418521934,6,1284.0321973977202,15289c5c1034a20af63349fc8a5b802474682c6c5f608beb4e98134698e7cdf9
572,Brophy,Yiyi Sun,958.7087925666792,171.03807958464418,6,1300.7849517359675,6720f6590d9c29775be10f17f67916bc600334d5e900fb5caf6a35e20f8c665c
573,Lexington,Rohan Boonapalli,958.1805734742022,163.1779806028874,6,1284.536534679977,80446dfd7f26d70ce21f3806ea57a6eecdd8fbedbd69a0e47dca6104bbc4f983
574,Theodore Roosevelt,Edward Brabham,957.9239663491023,166.85307997009156,6,1291.6301262892855,01bf89b4ec2e1909fd1bb532c6fc6865bcd0ee80b9073e9aed7dcd795dbe9d79
575,East Central,Maya Bouhddadi,956.6810256342955,155.36385535767084,6,1267.4087363496371,9e9332a64d887b327f893c6639c5784fd569af42998556db561d1cf45aeb4034
576,Marvin Ridge,Sebastian Rawlinson,956.3660340206661,157.6304832277681,6,1271.6270004762023,bf02e6d1dae440dfe02938d8307ce5a4477d6e21ffc3bab9fce0543ce86e423c
577,New Orleans Charter Science And Math,Derrick Norris,955.9246047918675,96.93820116700158,23,1149.8010071258707,0d57a0b1a06632a3bd0c83851e45af0248a86fe8b75539348a66fddd788d3c74
578,Lakeville South,Aj Song,954.81058507586,163.83674515720898,6,1282.484075390278,1f99af37ede06284582000d302becc6db5dfb64e7a7cd56ff31aa627a8ec6869
579,St Andrew's Episcopal,Melissa Khadivi,954.2907554759861,136.56988185377122,10,1227.4305191835285,ed0a7f8826bb3908497b3f7c41fd1309a3ce4ad1a956210b629b87a4d0f8b0be
580,Douglas MacArthur,Alana Ortiz,953.878453270936,164.2436076302631,6,1282.3656685314622,f05beb4f82d9780f0818889df017a92be0d30ccff5e9ea0455ec8a8e477604b5
581,Friendswood,Raga Akkaladevi,953.8543541442937,172.15237948882324,5,1298.1591131219402,207fbf657e8038a06b87fa3471d7be39654758f714bebe0ec19f0d1bfa42a0a3
582,Johnston,Elizabeth Hollis,952.8283415560611,161.60441166540366,6,1276.0371648868684,b0c526a6e99cb7c998c0b4e5105f97102c367265087040a7fa1735f49aa0fe6f
583,West Windsor Plainsboro HS North,Nilufar Norkulova,951.2046434404451,170.23089659603946,6,1291.666436632524,1f0c4a7293d828f29a2d28dd8ef99bf66aee80579e4382530ca92cbe4a19ca22
584,Claudia Taylor Johnson,Samantha Vatti,948.6028546183092,164.40244057912633,6,1277.4077357765618,c6e128b380d914f8bae8358477ed21ba064c73a03b02932d6f21bbac0e29efe2
585,Clark,Flora Wang,947.6682347281017,170.67012196562425,6,1289.0084786593502,d57380455da44597113be83a67752c027fc561c8152cf415925334e9c7fd84ce
586,Carlsbad,Poker Francisco,946.2306984861799,165.50410024610807,6,1277.238898978396,6daf32225b7f57b7ad96fcfae401eeed50660f2cf4b0decb2a6b6fefff1102af
587,BASIS Shavano,Hania Naqvi,946.1523100321485,160.98817333822583,6,1268.1286567086001,f135af7745a934b794d9e8f032703bf5d5b1b5e938181bfab5414d79854fde0d
588,BASIS Peoria,Suhana Chand,942.5165247489265,162.96565687251984,6,1268.4478384939662,963f0668f56d88badc94b1e1ff0b54a86d80d49d357b0a827feaefc87e989e03
589,American Heritage Broward,Shijin Liu,941.8408041481988,166.6044428445678,6,1275.0496898373344,06890060c8f839fe9c54be35dcb9b2cbb2a041357f1516f19c0854fef4bf37b8
590,Marquette,Grant Young,934.5142049861454,156.33414874422405,6,1247.1825024745935,d3a51da26603189dd60f42064a8f966713180c327b374d9b76b50ded7fb48842
591,Fairview,Phineas Burwick,934.1410714440237,115.79377714522138,12,1165.7286257344665,8391420b8d77f14be686709c19fde73e3a2e26995c118adf4b76e9f7e96c5387
592,Auburn,Tara Lane,934.0956365347026,139.08536392043672,12,1212.2663643755761,9d8ac5792d5c38aea189aebcba081974297cf81e56b2a91ccaa8e6f205c88cea
593,Phillips Exeter,Jack Manganis,932.8960618945928,160.06542356433997,6,1253.0269090232728,8328b31815465378497b742bf586a91ba279fd69aa5975e28d39b9031fbb8474
594,Dulles,Sahith Aaloori,932.5111840349955,198.56714092787362,4,1329.6454658907428,1819ccbc4fda8b2fdcb036d2c4a819f926c6f6d60cde212bf69e32f60d6031ab
595,Lassiter,Grace Qian,929.7945500404226,120.54821078905206,12,1170.8909716185267,bf34ef304ad03857cdb28716f5f9ee9a3fabdd7d02c6b54c25d375d2cab4c7fc
596,Palo Alto,Darwin Collins,927.4848438031138,165.58734762974302,6,1258.6595390625998,1905acbf9759c207c241bf431d58ce426b3a30841c4b0cd88665028dff2dc805
597,Lake Highland Prep,Sebastian Adam,927.2298788542705,167.7204629993655,5,1262.6708048530015,366068e39eb95a1d8378c09cbca056d2f1fdc447de1cda12cb467051d7c46728
598,BASIS Scottsdale,Ethan Kim,926.2518214300244,164.83496463692083,6,1255.921750703866,a69ae2d77029961d055ca61c986e20cf54c5c303e485cc1e141f8044f067784d
599,Immaculate Heart,Madeleine De Leon-Wagner,925.5981501405913,125.91281086930191,12,1177.423771879195,aec499e3165ba81149e641b4fe33b1dd38642c48d6d27505559e5a7d8765fe8e
600,Interlake,Michelle Zhang,921.5280866735982,166.16486293826713,6,1253.8578125501324,f3413daaf03783e551754a12bb909ae814a5d239c924b1b2c537a8387e8143e8
601,Friendswood,Tristan Rabie,916.6960778227065,162.21892507246915,6,1241.1339279676447,606cd096d6cedde90e31e851b3279d8697bd4722ac320ce2d8297ce8c923c9cc
602,Bellevue Youth,Armaan Motwani,916.181445914436,124.74646138265001,12,1165.674368679736,855f2ad70217a0cb60a38b5ef18b3855233173fe4feb435d2814d1b6242cf433
603,Wayzata,Sahil Neelimandhu,912.5411295981219,179.4813076412914,5,1271.5037448807047,d8a7a7946a4ddf3e37ecf862aac33a26486b48d02958da8b41729cf2a26c70b8
604,Lexington,Rithvik Iyer,911.9305857157933,158.11148663017002,6,1228.1535589761334,20ea50ead0ccaf2e82a225d2e1e3f268358bd7ef81e3bf71bde9103a226344ed
605,Apple Valley,Zachary Craig,911.1766044165861,162.0178084453619,6,1235.2122213073098,243c3f785c4ed8899ae484cb1009dcc6020257f148be369b6f0aa5cae9cec25d
606,Albuquerque,Chloe Gentry,910.9421369332035,173.4241520392309,5,1257.7904410116653,3ece09b7994e960d73255be8439cd6ce8fcf9e854966a9bc382cf35294c1f835
607,Peninsula,Khushee Totla,910.3162717447481,105.38201446567632,22,1121.0803006761007,f5dd03777d6d2d36a6c61a7fc2b9cfab5bd78bc6188f7f052cf95bdd17a1a7e0
608,Brophy,Aaditya Shah,908.773218762084,116.82842486312298,18,1142.4300684883299,b011a182c32366f4b5682165ed94cd9920a5263c29f0d982688c753491407bcd
609,Clear Lake,Seth Crandall,908.2062886233639,191.09889186412218,5,1290.4040723516082,c2e1b7212c3b786238c7cad8e820a496b25e302455d28c3842ec336292134414
610,Palo Alto,Akansha Chatterjee,907.9025581309925,159.47018086568778,6,1226.842919862368,73f0abd7802e53521f1a2fd56bc811b4996c36c1da008dd2e9b3bf13e640b7aa
611,Edina,William Zuo,907.5981401354304,167.13880539385477,6,1241.87575092314,f0f88898473f5eb3b2c903494cde189ad0cb0412ff6a7fed5b3dc7c768504803
612,Cypress Bay,Sage Stanley,904.5009645887866,128.98527629796382,12,1162.4715171847142,6639259b5d12197a22e30613a3147cfd53a5477ae498669925229e4f2c45f2ab
613,Arizona College Prep,Saraphina Zhao,904.1966957859256,169.20890249521486,6,1242.6145007763553,e1f20462b7bdd219615c5be0eef829b49cac46cfe0c6a7936fd5865dcd21d6b8
614,Pacific Collegiate,Jayden Xing,903.0785048727291,198.89709013874372,4,1300.8726851502165,f3a45343aaf70176df0202f0fd2de92856b46eb51d2666d63d667139055161f2
615,Dulles,Sanvi Kankatala,902.6918914098742,182.47420817447957,5,1267.6403077588334,50bddf9649eb9c545f2d2753d1b95ed1a6af88aa5d1b8bde15c7a3f22c437054
616,Dulles,Arnav Rasamsetty,902.3943433878653,184.10391842611057,5,1270.6021802400865,ba99b1ef11dda447ec6adf3aa14365a00ec50bb2f9e1cc90a06d941ecd8d09fa
617,Golden State,Kavish Singh,902.18989327941,96.59880241823849,22,1095.387498115887,4933a98aa948fef59b6ce193a32a8ea725a3d2249456f6b8bfb7dbd09506fe31
618,Dublin,Samarth Gaggar,901.910741097138,161.2663963718304,6,1224.4435338407989,a9fc0993fa443ab39f79366c34a60fd4c1b79751c0cf01d1f6032b22df4fc78a
619,Immaculate Heart,Olive Gruber,898.528934200152,103.64739690756993,24,1105.8237280152919,4bd8225cd30f4dd957b48d5134e817d145e7d49f2058c6f19864725881ea26af
620,ModernBrain,Mihika Gupta,897.9046448087119,111.47394192017389,18,1120.8525286490596,d26b810696bae20e2abfc7ddf615a6cbce0d7c493807ab11c1f647b5f0ad8a2a
621,Arizona Chandler Independent,Saraphina Zhao,897.0812234608826,125.97084829141404,12,1149.0229200437107,9f0a6916f7c808ec71ee4a4619a353821aa8903e5310d8152e2b49fa4e218289
622,Bellarmine College Prep,Rohit Shenoy,895.8042351966606,171.68449500364898,6,1239.1732252039585,49cebda97ce58842e6c93f2acd14b8132f562e9fdd92d8af69c466a49fe5d7e6
623,Mount Vernon,Aubrey Papendorf,895.7643346575074,164.50338179537692,6,1224.7710982482613,a66cc0627bcf03da49512d3c935ea9b17356bf4a78598efef2663ae5d94d8287
624,Golden State,Kayvon Behboodian,895.4791869041173,128.09085463478752,12,1151.6608961736924,94e84186df502480482e347d337fa1bbd636b9b2015e28798dd17dfd0c56a11a
625,Loyola,Grant Yamamoto,895.3775914209239,162.40943841223933,6,1220.1964682454025,a5cf46ab25cca1539b423cc4a2c63bbefc2aceaebf258123924745b22068c0ff
626,BASIS Chandler,Hannah Luo,892.781392080346,181.07017606102295,6,1254.921744202392,231c3297f40f6677ee6717ac14d88d8e63adf7ca6a09b025e1422f4c72ea8f94
627,Regent Legacy,Lloana Joj,892.7227996257694,147.80908464347993,6,1188.3409689127293,547c1ac3137bd4806e3c7be991958b48bcdcb0f697861ca0a8d1b3b12665481e
628,BASIS Peoria Independent,Suhana Chand,891.8814968158551,157.07246772445686,6,1206.0264322647688,847c84df8344a4eb366843f599aa61ffbf4586200fde56266125e7c6e189c09b
629,Marvin Ridge,Jackson Willis,886.6878516446614,153.17874330330434,8,1193.04533825127,98a6a0f4868822039d749afeb821bcd96116d55a2c2c2a0a0e66318353607728
630,Dougherty Valley,Manya Vattikuti,885.8266066662103,175.24818800119493,5,1236.3229826686002,3edfe079541fd3b2ed26e8f4b333931e4e69ffe19831c770a325c4028c5a0eed
631,Issaquah Independent,Alice Feng,882.6853132991413,134.26223499706458,12,1151.2097832932704,18f13400fee5b5a965e1ab4e4f0d14996a12c190bce46112bb58887a40bb237c
632,Ridgecrest,Evan Choe,880.7886922739649,131.96974854984023,12,1144.7281893736454,1e6d58b75cdc00db0b823b81230ebec7254af8629b552fee5997d9c6ea0a8a73
633,Mount Vernon,Alejandro Flores,878.6884846024004,168.79643804322993,6,1216.2813606888603,3c31fca10fe62de47192bec590a36817e4d431ad9d95bad3f5e1fb22193a3f47
634,North Hollywood,Nathan Vaisman,878.2727630610392,105.60588329405887,18,1089.484529649157,d1ac4802c0992a12271a5f7828beb615ae802a7b782a0e15c5eaec9d55f461fd
635,Isidore Newman,Charlie Josephs,878.2523831526335,118.42594117453493,12,1115.1042655017034,4c6aa6b49ced51ffc0651504c84dcf4edb271857dee4713343f3b77069ea240e
636,Bellaire,Lucas Nanny,875.672475018398,165.27546979486104,6,1206.22341460812,7d1ed0d5af40477ce1440e4e4adf18fa76cbc9cac0d344fecdd98aecf0fd1480
637,Bellevue Youth,Nathan Wu,875.3541357917302,172.65518161964087,6,1220.664499031012,3a73a31bb5cf2192aec91af9855e2bd2f3da7cbf19181ff8403e43dd972a7880
638,Mountain House,Mary Celine Verdan,874.8136177180879,158.20019169192975,6,1191.2140011019474,052b2959da52f58e2824b8456b93cd7786b96da21b8e1384590598fb2e0971a0
639,San Marino,Reece Liu,874.0802004390296,109.0104928083683,18,1092.1011860557662,f3180a4b40fa3711cfaea667eebf95799f4007320c090b0a04810ec373c776cd
640,Loyola,William Loftus,873.4976234488271,127.70431455813166,12,1128.9062525650904,6ca95b1d5746b2cef4a9403020113e123d0733310b0edf979d5a9f87cf7793b1
641,Harvard-Westlake,Julia Thomas,873.2622455807143,213.96503608574605,6,1301.1923177522065,27d9a526fff8c3130726b38d3310e4e3419cf723e3143684bd5a1c3b5a63957c
642,Golden State,Anirudh Balaji,872.8745917443795,100.93773560492725,26,1074.750062954234,f7ac95a9dedbe51a0f0a0989072f0646d7f54cff9493ca99c952bd67ca8252e3
643,Stratford Prep,Ayaan Mathur,871.6565182740403,155.99624740109084,6,1183.649013076222,b5b56fa1a52c73c77974ae3d70d74b7bcfb1a7aee77d070f215def2b70771676
644,Charlottesville,Zaki Farhat,871.263234523959,177.1517210851232,5,1225.5666766942054,d3cae5859d6ddf1a65e12908090434191a95c7afcb6ce2505356f4e1bea994a2
645,Lassiter,Adeleine Choi,870.1563228692175,123.44711573105937,12,1117.0505543313363,42e4759e15218dfec859836703002549c83576765e9d183b32fbb26aba6e6eeb
646,Peninsula,Kelly Han,869.4458738595486,127.53725088495777,12,1124.520375629464,522cd63c0987c043e2c137d37ecf9379df50ed31d13122134668c804b98aac44
647,West Des Moines Valley,Alice Roth,867.6132070900071,165.76204810737087,6,1199.137303304749,3916a88c1b712543154d89d8eed4d121e7a84230ab1d22e7c4880f10d79b257c
648,Greenhill,Pratosh Raman,863.333281805752,162.52659598393257,6,1188.3864737736171,cccf93306ab84a07e18572e37edb53915ceb135b78c363bfb4f6d1d3748d9444
649,Edina,Divya Thamman,856.0316581257964,176.94643092944807,5,1209.9245199846926,709c8511cd4458e4fa2014b32b3cd4e30df1031a2027468e9060939f2c7faf2c
650,Bakersfield,Nathan Cruz-Boone,852.658431832682,129.05915633189477,12,1110.7767444964716,8018e0d19091ad91bc2edbbdbe87f0f7e5b82880ec11f65a0fb4cf84a0ea08bb
651,Clear Lake,Muhammad Farrukh,851.1482851246599,174.92733093506035,5,1201.0029469947806,372cb1c64de94d0c4bcf5201d27f740b32f024b5081029abf77460226fd8450d
652,Vista Del Lago,Avyukth Salver,847.15471867001,111.94029381684643,18,1071.0353063037028,2d4a1f71104345dae4e37357910c0b782cfacf2b725565e5b63137d9d7609f27
653,Friendswood,Fatima Mujtaba,846.7296317676623,176.29756012780717,5,1199.3247520232767,301375515a6e5036b1c335ab147b7a90b265524314e4910dcabb05b4536a14cc
654,Peninsula,Lucas Zhang,846.076900074769,131.92877236976534,12,1109.9344448142997,a8b37416a8449078504a38da06e00e84935cc03aa0cdd5eae2a48340537d6fc5
655,Sky View,Nathaniel Larsen,844.695621807926,151.2277294681659,6,1147.1510807442578,86b398cb918edb2379e9067db9755363182f1a11a6a3d71b893f48d48aeaaa4e
656,Phillips Exeter,Amber Deng,844.6006000881071,176.52616911754274,6,1197.6529383231925,814141e97141464807129c1445c60187e0eda7f12e3b4101c665ef0ee52d7c5a
657,Archbishop Mitty,Vaishant Mangalampalli,843.5177032405772,133.02867721151767,12,1109.5750576636126,dd611fbbb6f3a79de23b4c93a7c3acc0253b154de1852528b316505d08a94628
658,ModernBrain,Isa Dash,842.2796738513252,156.92074985412867,6,1156.1211735595825,a328c20daef0cac9b10dca4e32aad8e135eba6a881e3aed67d0f32541bc7ea05
659,Park City,Grace Canada,841.8353692552597,182.3645331731314,5,1206.5644356015225,56a2c43235f8dc28bde66eb5961dc6aed20167c396f1eedcab7016572afda0a1
660,Equality Independent,Jayveer Mehta,841.4535348114724,167.8128020202857,6,1177.0791388520438,4f742d5c548e2486b896c79af5f3622eded12d3721e9ce967171116817dfc51b
661,Memorial,Lorenzo Rubio,840.7414496435665,216.72943360061677,3,1274.2003168448,d1c0b36bb86fb8d9bad0ba3b9a5e58f9e9e2fa9fd4155ee68d454b71a49bb102
662,Dulles,Akshaya Manthena,839.4485316889891,175.65949035250085,5,1190.7675123939907,7f51c6755d64ba116185659e03693393509fa0e13ab92728682f72fd7fdee276
663,James Bowie,Tia Verghese,839.2165364425689,186.95929698606338,4,1213.1351304146956,94a3293e1c579e939c2e176aefe12c13bb9bcdbd1b286f0e3407dfb7a9f8931e
664,Auburn,Jiwoo Park,838.9982220428817,139.3356568229343,12,1117.6695356887503,5c6391046c1f3b3a9966d6067557669734b2ec6335694298307e71265c79cede
665,Eagan,Khadija Ahmed,837.9446049697997,180.03983422643805,5,1198.0242734226758,7b7e5c0aec0a459101d16fd6451ca40fe0d79f607992483f73fd96d23e2daf5d
666,Dougherty Valley,Divya Mittal,836.4021508857327,178.40675357319606,5,1193.2156580321248,13dfe7832ce1f66573a51ded6b333607627c8e9081cd94b420d4b10fb8c29932
667,BASIS Shavano,Sohan Sujith Bhandary,835.9028472482773,173.59537133062477,5,1183.0935899095268,e21b0c901fdde61bbff0bbe8c60be915012c95350c064251492a556fae24ff26
668,Awty International,Colin Xu,835.6274994716634,180.73215205429315,6,1197.0918035802497,61eaaecf384a0ca43e774d1c93df2f7a8c12bed5e2f9711f279173ee23641f07
669,Collegiate,Oliver Shen,834.6925904202201,123.63512624022667,12,1081.9628429006734,869e6a2281692ccf7c8d75a531b6e0503e3db3207339db8f1044c542328fa3cc
670,Loyola,Sourya Chilukuri,831.5825294586497,114.8788197060721,18,1061.3401688707938,1bf7add64da2c8515b5b7647c2ec04e0edb097a402ac45202ddb33dd4e9bd3c1
671,Frazer,Leo Dudas,831.3548960014034,162.87174261498475,5,1157.098381231373,c6b5a3a5e1a7d1883a89189623844b401b33ca08e64186e6939755abb763a466
672,Vanguard Independent,Samiksha Peraschi Selvan,828.105952203733,201.95489245953257,4,1232.015737122798,0f361adc5275070b507fb7f7670b56eaa2902f855881e3e3452108e6c20b9262
673,BASIS Scottsdale,Aanvi Verma,827.4218200806519,125.73784257643085,12,1078.8975052335136,70df9b118fc3fe6e3ecba85f021e6db16b675096153f04363fb7f8d62705e4b7
674,Cary Acad,Audrey Fan,827.0467793134919,177.72697174495227,5,1182.5007228033965,a4a519152569617987514c59fde53c278b491803249b00e99c59ff91055f68b0
675,Jasper,Carolyn Wang,826.5203094440872,136.1528672323234,12,1098.826043908734,704a3bbf58c24bc0c11350d98e4079716aa862c489eb39542f939c2cb096f0ef
676,LAMP,Minjoo Kwak,826.4756792573805,118.72039143645235,12,1063.9164621302853,8386cef0e629bc2650d06200401c79530f6ad175542512144e8a9e18f29af045
677,Peninsula,Grace Yun,823.858158393385,112.04842783272893,18,1047.9550140588428,619622b57c6e952c0b87487d911d22df8c6afa4b3a53c159bc676fe3e3bddb37
678,American,Rohan Adusumilli,823.37588377455,168.15488181241696,6,1159.685647399384,073da46904faf9ebae928e44db651a578700913ae68d951958c2fd7ee2c63c80
679,Woodlands,Arnav Pentapati,823.3663284699384,166.4538424858958,6,1156.27401344173,0b1d8159101912d6680386b3c904b7d4a6bba75fb0f0b04e12fa8d2e3603cc8a
680,Velásquez,Raga Hansika Kotthru,822.449986565254,162.28623621579823,6,1147.0224589968504,28718673ce75bbbf8ce691b3211be09e16222b6f10a67316352b64bd250b5d2f
681,St Michael Albertville,Zoey Day,818.4433613627101,164.6835179266888,6,1147.8103972160877,378dade37fac55cbcc78032f7d14ae6e04143cbd779898341bf7029d236c3fa4
682,St Michael Albertville,Reagan Weber,817.909508067155,161.42210470031685,6,1140.7537174677886,6194323f8a6576d4c74a548fffa325b88aa29a7006938b45c5f8eb9e4feb5976
683,Flintridge Prep,Ekam Dadwal,815.544361330623,115.63594069400953,18,1046.8162427186421,6f8afe8ada1e7b1d745efba1fd087081ec2421b577cf5ab7394cd751470b1682
684,Golden State,Jason Zhu,811.7120118918004,172.18920659080806,6,1156.0904250734166,078f8d1a1fc6804355c89b1dad0873393e287664999f04cb651886d3c410a38c
685,Edina,Alvin Yang,809.66022059118,164.19218490240254,6,1138.044590395985,8e3b93c240487b6aceda216beb61122dff9c41fee2e577d7579a49777c409912
686,Sheboygan South,Charles Hamm,807.3579868689196,163.25402787933706,6,1133.8660426275937,7be62db20a5fce29fc334f542a72a5bc5cd836b806d41d0be2fdfaab4fa88264
687,East Central,Helaina Quintanilla,806.7818966912748,165.12605879582375,6,1137.0340142829223,595241d4eb00f7a999e63491567cfae97eb376de889646a198e9813c2406050f
688,Heritage High,Advik Panda,804.6108212313651,159.23979664972416,6,1123.0904145308134,3963093eaf6ce9db8030882bbd3ba10735c38687cf9b7985d7fa55f95221e936
689,Peninsula,Eytan Ek,797.8300088750959,120.70975965968034,12,1039.2495281944566,8eb4f4eaca6d107e54ca31f5f1e2cc0b68db09ff95d7b10c33c48de931d9c0bc
690,Jordan,Adam Sultan,792.6656337630416,180.87795787657208,5,1154.4215495161857,96506b5bf6237f32ad2f4f41a74254a78e94377250fe66463db9b237e502b4fd
691,Westmont,Gaurav Kulkarni,792.1388091262045,174.64384663991234,5,1141.4265024060292,788d55a7ad25c082daed455b537b1532064d7742953f9c5b834536d6e8cea744
692,Highland,Jackson Tupola,790.6290250733858,169.35300217638672,5,1129.3350294261593,0e3f94ae162e4a01d0a5158011c03c9a29a1ef650b60d704bfa4b5dc86027e19
693,Wayzata,Aayush Rai,788.2290060450101,134.6627305273609,12,1057.554467099732,de02af9637df2d33792844f2b858b51bc98905b31135dfb0a64852458ccac63d
694,Rosemount,Preksha Manjunath,787.8441007706931,167.4039705622201,6,1122.6520418951334,cd3ba09c987b23c733324e87ac6159ee591e79ef9ae96d7ed31c890e96d8a925
695,Marlborough,Evie Shallman,787.6981985600778,120.76954653116309,12,1029.237291622404,de9d1c9c0ad4037f4aba7a27ebf9b2a3aa9fe5abb43be98418a800c0e8047881
696,Golden State,Tarun Rajkumar,787.5329309883239,167.63014969477774,6,1122.7932303778794,de0ee23f99b6a3bd4f4609e80810fa4e4f0f42389a0c4d67abf69bcc1bb745d8
697,Arcadia,Sean Bump-Regan,787.1179829526999,163.90309922097896,6,1114.9241813946578,d3ec347b7b05557b0a65dbde7bc90ead73b3815924869261a75ae0ad7e58a1f8
698,West Des Moines Valley,Jordan Sturgill,786.8355602194533,166.44417592865602,6,1119.7239120767654,9fd867f0b040d345948454823e7c79ddb35133d828b25a184b7a820708bf5069
699,BASIS Shavano,Abhiram Borra,783.8994395220892,179.2014096642584,5,1142.302258850606,9ad7d348cf276335ba665856620023aae48a74d71119dd3343377e55ad27f08c
700,Mountain House,Arwyn Ratish,783.7968850824606,169.53506068796122,6,1122.867006458383,bc5f430872da7744f1fcc602cf0a7c24536b0e7afbd020e16c40aaacee654e45
701,Lincoln Northwest,Alfredo Ramirez,782.2915783196044,151.83821031644226,9,1085.9679989524889,0e184d44975d409d06889affc7454a8fecece35153bd11d73926b272649fa0ad
702,Interlake,Ridha Fathima Maliyakkal,780.686194276507,162.73723219022915,6,1106.1606586569653,8cbed622cf29cb08b74c922d1c8a2e9148228075d91f4c3de1a63467e55357c9
703,Claudia Taylor Johnson,Manvitha Puli,777.7101991179807,156.83999221373418,6,1091.390183545449,a203a051a8f811fba0a0fae6559308b003cf029c9c12a33acea716437b5e35d5
704,Cypress Woods,Kikko Martinez,777.0882829811383,172.9500000690767,5,1122.9882831192917,f8722d7d0d8feffd3a6feb6c531168391b422c69f601e794d9cfd9bd15ecca24
705,Grapevine,Amelia Phoenix,774.5173351608514,125.16117823576077,12,1024.839691632373,1e68de4f06e1bdbb72b77f0897fe9e2d3798b64513b9e3f9ce7ac638966701c6
706,Lakeville North,Kushal Bathala,772.9838040002486,164.34111351853204,6,1101.6660310373127,0b0f20c5321e47fa29b40b7df0046c8343db4598106949fd87116c1714b7c229
707,American Heritage Broward,Khadija Belkhair,772.2894599039389,161.1759474177279,6,1094.6413547393947,12ed8191d4ced639003dc20f6b7e22f71253d44a130df14e47f2069273629ebf
708,American Heritage Broward,Diane Allain-Tereshchenko,770.7973702441445,148.4060463394692,6,1067.609462923083,4b7b91fca2c35a278ece7293361bc8bf43f0f002904f5fc69273eb718f1310b7
709,Fairview,Michael Zhang,769.6924688146286,132.33514165295418,12,1034.362752120537,c1ebdc1c9ee709558f720af07021b7334753fe56080da72796cae6d568186d23
710,Strake Jesuit College Prep,Nathan Qin,767.1523723199521,161.5007026077581,6,1090.1537775354682,64d8ffc69905ad4caa4b87ef2fbe0ea330ceb66111e08fdc19be348079532c08
711,Peninsula,Logan Zhang,763.3152539222831,129.24123525693307,12,1021.7977244361492,b06c962f48bc90b673ab44e872b7ba7d40b4cf283167191a7008e4298365c6d1
712,Immaculate Heart,Ace Parra-Christie,756.277764345123,127.05775264983568,12,1010.3932696447944,0aa69cd625933ac6372cea87bad36c59e09e1a62b3f7be84ef115b06a456282f
713,Harvard-Westlake,Ellie Oh,752.4788116849302,122.12061255898085,12,996.7200368028919,cc976a0c9105b249b86dfaf2cf6505cec9fe4ec8cd20e3930990ce2db9b32426
714,Adrienne C. Nelson,Oli Dinka,749.6827369849971,187.80196931212365,5,1125.2866756092444,7de07d78356ba2d1b6b2713daa54b887a096f114e73fa89261e424458d30e88b
715,ModernBrain,Jayden Lee,748.0231433759708,124.97845715047862,12,997.980057676928,8c5f49de71788bd15088951bc270b17b7904855fd7fd73bee05d6f6ae9090d5e
716,BASIS Chandler,Neal Jolly,745.8399558498922,161.13627626628423,6,1068.1125083824606,d60ee165440986d7a4982bc96e1fd8e43fcef169540bce8779821cfb0e3c6fe9
717,West Des Moines Valley,Judah Carpenter,738.634550575421,127.93689200449558,12,994.5083345844122,5180094d00c9b25551d0e88203690c55686b5bbd7ebf45eeaee7ad794704ed72
718,Montgomery,Brian Gary,734.9304682073616,155.51607997703786,6,1045.9626281614374,c328df7e2b01cef6dde53f4fbe480ba2df8056e92c05026ec944d029558a20ce
719,Middle,Edwin Alcaraz,734.5917235953882,183.90116942184127,5,1102.3940624390707,fa19fc802c43f85127343512f48d5749ff463ed0425855af2fff9da62962e9c4
720,Canyon Crest,Calista Ding,733.5910970231337,111.39340237187807,18,956.3779017668897,e49beeb64eaa1515316961e19315ce87e9fecb10867373e2ab4cb5f08e04b9c2
721,Meadows,Faith Roby,733.5261295989037,163.54949721368777,6,1060.6251240262793,9b800b5f4c476ed553f8d97c426fa7ba7ef5ce82e50da5774b665cfca4537d65
722,Marlborough,Carrara Ingersoll,730.6516877296008,107.15252476314777,18,944.9567372558963,877c34f3c4b9d3d51bfc1b9b3c51cdff5ab4b66dcb5ec42c2565f8cbaf292fe7
723,Westmont,Forest Cummings,729.3370685635075,167.7367925535393,6,1064.8106536705861,836d077cafdbd6a8630704b7fbbdddb3cfd4e105e3c96967ef228d37133a0492
724,ModernBrain,Teryn Kim,726.9675861764961,177.87303973088487,5,1082.7136656382659,84c21796378c1b8364a932be34d8861198fbaadf4e7f5b8f6592aee1e01b914a
725,Junipero Serra,Jayveer Mehta,726.2247932384457,167.9514086844696,6,1062.127610607385,954cd658fec84a14a28e1ed0f72c4adf2fb49455d86bfed21b04260dc8f6a77f
726,Woodlands,Portia Fiato,725.352756096927,177.61094175046452,6,1080.574639597856,dd2c58d13f285d4b2b03506ef0ca9712ba3aa4ec0a65a808097b9406f90d1732
727,North Hollywood,Rose Lehrer,720.9869347243924,130.7158071717638,16,982.41854906792,6c1aa3d2608add9cbe26daa84041007b6f421d416d8c1678015fb727a527681a
728,McClintock,Daniel Cheng,719.3157203960839,166.96711837245326,6,1053.2499571409903,a773dc3d06d68bfe2736642cbf0feec1e17daa8c13bea2bdaa76a459b4e2b8ed
729,Bakersfield,Isabella Prudencio,717.104583646631,127.25536667478714,12,971.6153169962053,b665b8aa21f1b846b68ab7c30eadb38eba76545125d43becdcc7627b8c2871f5
730,Theodore Roosevelt,Justin Salazar,693.2036001044369,195.65416658377524,4,1084.5119332719873,72c6b61252bd41894707ae8f0394eeef6a9247aa8b95f1d66ea45893b95fb20d
731,Able2Shine,Serena Li,686.231429960917,184.67240242388428,5,1055.5762348086855,1e5cc9ddf33cc5e1ab79ab37abba205526f4a6d9bb9ef9bf93ee1de11652fb2a
732,Hill Country College Prep,William Young,683.8795642830324,164.61397973844208,5,1013.1075237599166,0297d61917944d8d245edc025ef1378be61687d5f0b8a3eecda71725123b7624
733,West HS SLC,Keshav Sainath - Iyengar,682.8057805602616,174.60299068140668,6,1032.011761923075,4a45dcbaabbee251b925247e433a6e0ec5d6062e36894a7478b362fc25bb41cc
734,Brophy,Armani McDowell,677.1915722879423,162.97449316700258,6,1003.1405586219474,5337a48024e6a670a73f88547b1adae8edd1c8917e5a405c103cb49233dccae8
735,Heritage High,Prince Hall,676.6554725882181,128.1425310291821,12,932.9405346465824,9e3fc403113e39962bd2889491bc51b818b77dad00ce0c07eec3d1b16273bcff
736,Marlborough,Anaya Thadani,670.2905657886855,168.33946648384102,6,1006.9694987563676,e09dd612a91396a8046e6102df36d0dcd6071f3a0af109fef8145ea771a92697
737,Theodore Roosevelt,Karl Santos,670.1235448098957,178.49100796262553,5,1027.1055607351468,c1450846110844ca3297c91c0965365bb612c0131c5b6f9244674867a5bbe4de
738,Mountain Brook,Caleb Johnston,666.179851780225,134.97933807586304,12,936.1385279319511,e04ddc4e3e4e9300f6181a45ae717cdd40bc8b8fbcc341bd965a4b61dcd0d7f9
739,Loyola,Jesse Roybal,660.9931493004744,122.8418891026861,18,906.6769275058466,6de4fed5ce5c58f01337af6ae9d87c2e0afbe56338db99df496dbbf8ea9ae238
740,Westmont,Louis Zheng,660.2889981473237,160.97558993903738,6,982.2401780253984,b4f009c14ddab261c8a3397925feb206879cba3935bf80afeaac07731c56be29
741,Peninsula,Eva Christen,658.4807493432219,113.72954553695563,18,885.9398404171332,0b491752d9531344c231983d42691a6336a72037246417e2ae9b1fa5abd19a19
742,Auburn,Ethan Foley,650.2568113504963,128.72626018704713,12,907.7093317245905,8c74d03a1ab1ffbc2340e21f1a707fe719981ab924e24a029bb53dbfd99782bb
743,Louis D. Brandeis,Luke Sinclair,637.7248735966716,180.03990968101832,5,997.8046929587083,22cd42715b6e854805d7c6ab45b3e406d8f71d98dbb59c4b0c6978663f381b4e
744,Leigh,Ema Kaludjerovic,635.5830364408716,158.69376789358864,6,952.9705722280489,c3999c9711a4e739dc1d3cf131efb0790bc5b66b6506d0fc9aa26eaeb5dcd02b
745,Eastside,Naaday Ali Shah,632.6250327802315,127.81292258965313,12,888.2508779595378,5bf233ba49dccc9969d2a3cdee6a2c0526f843766be67b6d79f901732c85d777
746,Marvin Ridge,Ashfaq Mohammad,627.2781435382533,123.63480739261884,12,874.5477583234909,8c3e0f6fec187af81da36f1479097d670b93b2db0f4fcde9eb52af05b446a634
747,Lakeville North,Samyra Wahi,624.6092921866522,168.9373450518235,6,962.4839822902992,00a83ed5f9a9b5400fd60223dd08035d2230cc6d7ee07fc0b190763159ef3959
748,W B Ray,Klaleigh Henson-Oteyza,621.6269294960764,178.7275668586466,5,979.0820632133696,ebbc1923eab0b8dbbf4db38993aae056e30769d613037f1d40efe7300d32762d
749,Loyola,Julien Clark,620.1578518869337,130.33465725253987,12,880.8271663920134,e2a6759857cb873e7f68008fcf78eff3f9d0aa689a655da52d2ba18013eb2290
750,Able2Shine,Zhaojun Zhang,606.5457378379319,177.40354260054872,6,961.3528230390293,ba6acead674ee4994826c72f4a9adc600fc6e67d85cf29171485c2fbae01b172
751,Lakeville North,Advaith Bangalore,600.3727310432657,164.41858368559298,6,929.2098984144517,6c1d58a2904403cf3f4f12d537d43b3f27650d9d5e86acfadb48eea4a090c13b
752,Golden State,Ipsita Thakur,584.4347399834928,144.27840015436982,12,872.9915402922325,b956eee19ff133c7d10dcb2572ba0dc448122f2b860c49e44e4d1c4e3be78020
753,Rosemount,Maggie Sidla,575.647224626498,160.77404403999856,6,897.1953127064951,f77aa37c221b88f90219ab51bfc1836d12953ae507c10136d186108fec067cf7
754,Loyola,Cooper Kun,571.1873356541489,133.1560826651785,12,837.499500984506,9c3a228b552fc68a284581f4b9eebf9b8e6f70adc3aca066c5c40e945f4680c8
755,Phillips Exeter,Selasie Amemasor,569.7042207297815,164.2486434276612,6,898.2015075851039,6a1297fce14889cb9283be95091d640e09378af16dd7d433374fb4befdb89da4
756,Advanced Technologies,Yair Maldonado,553.466826699149,164.48026620885628,6,882.4273591168616,45061cf167a6ad7de196d813d73af571f00c6fbdc9c697da0350b5fe58481cea
757,Peninsula,Noam Kail,547.6927659503147,159.08396301966295,6,865.8606919896405,815377f021d9fc464ac435c57ad20ccb342ad1bffdb9db639788d6cabd20d9a8
758,BASIS Scottsdale,Ariel Manuel,534.6496796382771,191.43344374897814,4,917.5165671362333,aa4e876a65b4be9438747a6f02674fc458f4198af90f7daa9c158771821ceff7
759,Vista Del Lago,Nishi Singhal,528.1672562889829,123.01559291766881,12,774.1984421243205,aa02ce3c4ffa188831e558b0ac79281b9ee0f478c398e868d7d7e69b15702164
