Rank,School,Name,Adjusted Rating,Deviation,Matches,Rating,Hash
1,Nueva,Alferness & Gupta,2056.691196305551,70.7752456013473,65,2198.2416875082454,1a601a4af0e394ca031578bb27a49522afda9ee01c67e9ebe36e44f78f35db13
2,Strake Jesuit College Prep,Murthy & Stratton,2028.130583473401,71.74896552759252,82,2171.628514528586,720230d87eeb3f4eaff175f0d23d8fa7fe374f7516b8014c3b0c5fe98f6081a8
3,Plano West,Appan & Bai,1970.051168441396,78.08343399106164,40,2126.218036423519,9230cb404ec1c82be934b9664b29308dd2382e3748a6592c3ef02370f8c2d4a8
4,Harker,Le & Luo,1968.5861189224156,69.54163278731241,69,2107.6693844970405,fe6887f62f1dcf857dc8ccc6c26d34c3a8197e9aefd86f21291648a969846b79
5,Leland,Jamdar & Yu,1968.1173278275182,80.19136982127299,42,2128.500067470064,a7a9566dddd5c4c420cd4bb276e93cbab9b6b360616b299d928ff7111447c2d2
6,Emerald,Agarwal & Gabada,1962.008529468263,74.29001852637754,70,2110.588566521018,0c9296492f22bea3c86cc8fa12cf477ae97e7045167e779e44a95fc2c33b442c
7,Emerald,Gabada & Karur-Parekh,1960.592374921589,112.74244210968409,15,2186.0772591409573,c57d7f28d8b6dbfbb55570c5ccaa14ee2d8b74231ae90af56e1ad82e3846b102
8,Seven Lakes,Chen & Lin,1942.6467162701592,84.93522060047057,34,2112.5171574711003,5aeea2ea3e6d0a0dd12d33480d1c33ab20f38787314cd63982463b96e69f8ce8
9,Awty International,Xu & Zhao,1936.7125479245328,68.6376986723765,65,2073.987945269286,3204d30191bfe3e15d9258dd5fc621d252784a65f49ba87154ec3533a2c72c1b
10,Avenues: The World,Brashear & Chen,1915.7615058478812,70.70402500627742,128,2057.169555860436,e8a94dc7cdb34bcb39972c9c318de4844fbf3e85bb8136d736ad8e0ef7e6850b
11,Pittsburgh Central Catholic,Athanassiou & Gandhi,1914.3497828610928,66.92920014888446,101,2048.2081831588616,bf539b551a9677b113ed8f586083faed416bee0f69130d6f66ed9c8d6b9be2b8
12,College Prep,Falk & Kurland,1903.9308485636936,71.15719929283601,62,2046.2452471493657,abc487aa7665d1ddb66df2e304ff032381d1d6e45b8e973ee70966db3d073e62
13,Basis Langley Independent,Chun & Rask,1893.9863948561133,86.26593140698407,40,2066.5182576700813,8f1f322e78fb9658afc2d8f16461c11f8eccfda1c91edb3fcab2de80cd33c91c
14,Fairmont Prep,Kang & Tsai,1887.0689240891218,66.6303381639187,109,2020.3296004169592,3fe9a94b9324afe0890481e6458a05ad4c57554a3216abfd6775a2e4160be634
15,Strake Jesuit College Prep,Castillo & Magon,1882.9263278554363,71.14617670654312,95,2025.2186812685225,87e85ddd6709d298ffa780a1974419ec1b8ee1236c3f07b71939c8d3ba5c4e1f
16,Germantown Friends,Li & Zhong,1878.262440729827,114.94565264256502,13,2108.153746014957,6c8f6a1eebbb747b1848c5d2ba51f2076530c9952ceafc2be664459cd5d4434a
17,Strake Jesuit College Prep,Hablinski & Li,1872.0337066040413,67.22893105848318,75,2006.4915687210078,11ff3f05c1efbde3ba4181482cf83fd001d26a0f9faf14f31a21337c9d4d1e5a
18,Emerald,Baindla & Saravanan,1870.930967432058,75.08566669246035,65,2021.1023008169786,63482d6ae838120c934be0177c89a433abb468305284f73cb12d34e9bbad64d6
19,River Hill,Bi & Tang,1857.8649967926153,86.85885095834733,38,2031.58269870931,7cfc136d13d71792204297bdecb72c3283263823a8707bf7bc9a017f8bbfe194
20,Lincoln-Sudbury,Chen & Rani,1855.9823518776432,71.60758417829818,61,1999.1975202342396,cfa09328294a74860a614fe9116002f4cf5dc9acf72c34354451c882d9585030
21,College Prep,Hao & Sabnani,1853.6646188688128,69.1443519220382,59,1991.9533227128893,beb4be6aa7beb4fbd26bc8f2470f9ba53f6c928c8ca5e8a03502aa9b59ed3a30
22,National Debate Club (NDC),Balu & Iyengar,1845.231732836091,91.73706316449879,20,2028.7058591650884,255dab9a87c42bc8b4998a90b2ef2b3497257fa5d16e22d610a5550a4f5840ee
23,Lincoln-Sudbury,Ayala & Khan,1841.6282390216682,67.64798482751574,78,1976.9242086766997,de0a58a2eb5cad21c930652f24f026706a29a5bafdb5ad4b7ad52d11fc50a9de
24,Arlington,Carman & Lay,1840.5360647573839,67.41971373759564,92,1975.3754922325752,f3f7df1c03f3754575af7f334920af5e37905e12cbc41f6baa69cdfd392693a6
25,William Fremd,Balu & Iyengar,1836.8855159628824,95.58962128902068,19,2028.0647585409238,d2b13a6e9742cd5095647583c58ffe627a46bd3042122d11f362369ae4b2c86c
26,Delbarton,Aiello & Xu,1831.8333963377431,67.7586579226562,60,1967.3507121830555,62dad5d2fed443b47d7233b008fad463530acdf94163479fd964eb5420a705b8
27,Flintridge Prep,Bae & Cooper,1829.5680966897753,105.47270979693329,18,2040.5135162836418,d3f6662eea31f85cbec7123532002f858b5387128b32f734db3ad3e7dec4a598
28,Trinity Prep,Chong & Daniel,1822.3034397711315,88.76915895430643,24,1999.8417576797444,b8e2457e85b5aa037315221d668acdc5ae28a0a65069a9e8b86c767a90b1295d
29,JR Masterman,Albert & Samara-Reuter,1814.722536760048,73.13529269991157,48,1960.993122159871,8c24aafdc88f06b8fa1a65fc353bf24d2443282dcbf60150a6d9d6891c909797
30,Los Altos,Desai & Ding,1809.1910304666721,71.31477888572134,74,1951.8205882381149,f615bd906d3dce859c02de717334ac02fb3c8566091fdf1d1bd1828b6d7dd86f
31,NS Independent,Lock & Scheufele,1808.0643469745796,120.68079853472587,16,2049.4259440440314,43a760fe202c1ed910dab21db2790efcd5b2d8ae865d83e396be7ceedaea8938
32,Westwood,Patil & Shah,1800.9602084069008,68.697789509569,60,1938.355787426039,604d202e2c8c061ad9788e7183e867b200bfd28704fe647c426ba8240091a94f
33,Atlantic Independent,Chen & Lee,1792.3722112222435,123.70088324557625,11,2039.773977713396,cad4c8600813720c242efb50c4af63b979359c4c432428fc4643a46c8d4a232b
34,Palm Harbor,Lawrence & Mrkva,1790.7846250965454,67.61075471114191,83,1926.0061345188292,f8354bb1a1cd9d102b86caf47893adf81498ef01af963c521c5d214d8b14d56b
35,Potomac,Mankovsky & Shanmugam,1790.1217027139787,68.08492741532865,67,1926.291557544636,4f9b4b0de3648245678e461dafc345e056ef993bcd2f322b0010f065b52233cb
36,Emerald,Gairola & Karur-Parekh,1788.6697564311326,73.31702959424635,50,1935.3038156196253,53a1001e3c68912a4f269f261d99bad48074ce35a18ccd6030ae40e9cb108ff4
37,Langley,Bazaz & Chun,1784.31969704754,97.51998504204983,18,1979.3596671316398,ccb89f83dd49b107cae32101ac9ffb9b6ea10c2772207208a722815d38a34e7d
38,Gunn,Chang & Laxman,1780.7735482672863,99.3980477814381,18,1979.5696438301625,9894711d8d2a0a53505114b0985788e1b0e55cbddef13400bdd5bc432f383b27
39,BASIS Phoenix,Grabel & Pehkonen,1780.35825487108,70.7368638369629,72,1921.8319825450058,0bc914703e853cf7b14f876815aeb27a8aee0832f46b99cb9a82071abe89526c
40,BASIS Peoria,Ashok & Lohani,1776.8534309863135,73.80149361734861,43,1924.4564182210106,c4d0a87922cd524b88bee56f314c6c6a22ac567a0addb56510d44532aecfad00
41,Emerald,Karur-Parekh & Liao,1775.5832793518323,81.44943954164818,30,1938.4821584351287,68f60441c45a99a83b2065e6f14962309333e4674ba8b7b7a2126232a4a1aa0e
42,Southlake Carroll,Golla & Wang,1774.1184291939444,82.42214694381869,32,1938.9627230815818,306fbde335adba2a027d2548ea9f680f338d3622a7a9d6c32bee158f2a40aaf0
43,Brentwood,Johnson & Sidiqyar,1772.6311701579007,138.78189250773042,8,2050.1949551733614,c96121d96780a3a6d6808656ea046ae79c76bad3ad0dd1b8767061d1263f0d80
44,Delbarton,Ross & Wyso,1767.9279374406262,72.96336365180795,51,1913.8546647442422,6641427636e16d9da218a62037112a51b9f60102de91db8ed942e02b55097a62
45,Valley Christian,Li & Liu,1765.266982314125,81.06936564361484,37,1927.4057136013546,5e158ad0c0281125b9c7fa495458724dc39fadc958dc474a92c4887687a39752
46,Leland,Madhav & Rao,1764.0029184259238,73.37068127889344,63,1910.7442809837107,5db46d4bcd07430fa09058821320cc5471da4b55196d47e54c534bcad1647509
47,Cranbrook,Feng & Qian,1762.363052752611,70.62619212381239,47,1903.615437000236,13236d7da08774f0ef9ae62cd9b1ebfa62423912c5ecc12c99660f7384e601ac
48,Nueva,Iyer & Rong,1761.5796327933538,69.75443907089334,81,1901.0885109351404,78a36a011d878dd128650b4f36e83071f54d9c38312f21085467325a0c204604
49,Strath Haven,Dudley & Foster,1760.6421300020404,82.24757617754743,43,1925.1372823571353,e4ee94db7dd33010563f8bae0077cc93cc7404a2bbc33947f6bebd1ee2a58392
50,Hunter,O'Brien & Tang,1760.5566253376664,120.63375890699349,11,2001.8241431516535,0da89731e2b66f1251b0bad7cdddf769551bc418e77d2fbdcd2e30d5bbf607f3
51,Miramonte,Chen & Chung,1760.4780347265535,74.46126602499075,42,1909.400566776535,c19d6cff353b14c01dccee4ba707d962cd9a20824932a096903f9a09c7308fdb
52,Theodore Roosevelt,Magill & Melam,1760.1640399350492,73.89096395428115,63,1907.9459678436115,727f358ab86bf831dd042940132726e087b6db70843e702c78d3b3e404e5e099
53,Emerald High Independent,Agarwal & Gabada,1759.0956651181184,120.52177276427679,10,2000.139210646672,6e823805ae4bb0ee5a080180448d50eb78fdd0732670cc6a40b895f877f69666
54,Stuyvesant,Bovenzi & Devery Michaelson,1756.8797813463173,74.76329417152155,49,1906.4063696893604,506997d95a323bb07cd501df866e2e0267a1dfe83e66eeb1ee44580235bd9244
55,Campbell Hall,Bart & Kosloff,1755.9067203802945,71.76154655294117,50,1899.4298134861767,3868f8a3725c868b6887bdb74d1ce38ea44ff501b59f3a01a02d7a2435a9c89e
56,Acton-Boxborough,Eadala & Kozlov,1752.9894757673471,69.43178811096904,77,1891.8530519892852,e39bee9499d3ceeccb3a075511586658ce91e229b4abe2b11719427b6db8cbcc
57,CR North,Kapure & Vatsya,1751.1226911847791,69.5561690569303,86,1890.2350292986398,3723aecd3a95e03b7bf001fcaf20f954a576dd6b10ec874e6942e9603e55e72c
58,Mountain View,Beri & Srivatsa,1750.6278830653703,78.91492929744288,46,1908.457741660256,2af0ced8c3ff3a3346835ea19699eb103de90392addb5efded9ca993a6623f3b
59,Overlake,Chopra & Malakapalli,1750.1120572711538,120.29435485791583,10,1990.7007669869856,89d2b467a80c713df1da92d44083f6fdabb9c04825324cad497fe8e0d54c3556
60,East Ridge,Mohta & Venkat,1748.3179308887754,151.07463995841826,7,2050.467210805612,b8431de7409a2e3c323c3f83a315a6b8d2b01ea4470d998b062a23be70cb225c
61,Fairmont Prep,Lunde & Shah,1746.320965071933,68.18252787451888,92,1882.6860208209707,e158cb7ce0e33ba7cd0677a363c662b452d21107c1f2ca9da167256e86597b24
62,Papaya Valley,Corbu & Zhang,1744.9796932922568,127.06000881207937,10,1999.0997109164155,a490fd7640b78b665e7aeabc5ecd53a56242a261ceb783c9cca9d09680d513d6
63,Nexus Independent,Lock & Scheufele,1742.1278061197381,122.43059066597043,10,1986.988987451679,26e7be5e893a1c7a894bcb6878f0143c179a4009a34a33e0b1028065fc40ffe6
64,Mount Auburn Hospital,Choe & Xue,1739.6502479695869,92.4502312133224,22,1924.5507103962316,bc62b16ff80b47f1ea6a71b067a5a3161677231137996550063aa16cd29c94b8
65,Vista Del Lago,Balakrishnan & Pasumarthi,1739.2874151094031,117.17401474240476,15,1973.6354445942127,6cca91c3f1d006eb3bd48fbffed893aa795f916915ad19a75b9a391e178aee50
66,Monte Vista,Gajjar & Vasudeva,1739.182491355226,106.64279869925033,24,1952.4680887537265,7614befdf74abb23bb608fe58edd69cca8c55a75576192b70aadb17f8d25da9b
67,Lexington,Ma & Sethi,1737.0559024109134,73.85524635520083,53,1884.766395121315,57bb59bc00dac124eb9acf364e68ce2ca0ffdf7bae1894fcf47638d3176c78e5
68,Charlotte Latin,Berman & Rao,1737.007352151889,109.16963426250742,12,1955.346620676904,05f550da0c1ff89b660200a7e3b410ae96e404a7f74c213e355a9693bad7a2f1
69,Dougherty Valley,Jamal & Kiran,1735.7435484617567,76.36428667979845,37,1888.4721218213538,fc8bc1a5f357567dae3a814fa22dbed6eeb2c8416ad3029d8bea2906786fca9e
70,Thomas S. Wootton,Parmar & Tian,1734.4067453649748,99.80844954552038,18,1934.0236444560155,0c69e81e3c3ee21f964cbd951e085eaaba9b65fa46eacb251cc08cb5e62714e5
71,Plano West,Bai & Chang,1732.33049713395,99.84011495371185,15,1932.0107270413737,09b09d375e163ec68b12c8420ab426217f75dcaaa4ffe42bafffffa7939fec13
72,Fairmont Prep,Ji & Patel,1731.7038815058481,68.63872830299113,91,1868.9813381118304,7051d48d9a3d7d35becb6130bc08e421b0408b982e86fd1a75fff9eef7624927
73,Stuyvesant,Binyaminov & Li,1728.4158684228114,82.14843746496874,31,1892.712743352749,e3f6967bbb6722f285414d02bc03ef3880c89d89abbc5bc4e71102990b624541
74,Lexington,Liu & Ma,1728.0219350546688,87.50953605995912,24,1903.041007174587,9b79cb0b1d6d430774a3d825d61c7f90f9144836b9fa7fd5b91e8f17c32f5072
75,BASIS Peoria Independent,Ashok & Lohani,1727.7824201739916,78.22729569771786,36,1884.2370115694273,0b9c9dc5fee541a041548eb0bc09bf8416a38dde44e02c66f63ae23608c089c4
76,Nueva,Emanuel & Soral,1725.7203533993109,72.83845220135956,44,1871.39725780203,063c61941ea25e8654df329bfd59e8f67fe5da83e5e2378c1119869e9613c1d1
77,Millburn,Chen & Wang,1725.451625870854,101.06556930934033,17,1927.5827644895348,d7bb907296a78e481731bbaa5b8e1116bbade833d590b5585dd96debd6107354
78,Irvine Independent,Balu & Iyengar,1725.3421162855166,132.38837821842264,8,1990.1188727223619,931b28597db9c2d10cd5c87a685c6e7d7f891319f00f8ac1db1350c7ddca4e91
79,McLean,Lowe & Thomas,1725.078427902682,110.82910560716162,15,1946.7366391170053,e4b35b76f9bd64d7bd8a7f93ff5d1ac067dd6edd345f111b7112b52410d86742
80,Nueva,D'Agostino & Yang,1724.3738363379484,69.02304052121097,79,1862.4199173803704,ff3bfada6bd6d86eee432b09ed7d31a8eeea1d037f35b5ec15c59ac917b96700
81,Taipei American,Hung & Tsai,1722.8661910011697,77.19255402484208,36,1877.251299050854,b126f68b562d140b9b08bbfe45617c53e8bab8fcc68f3d4b8bb3e93f3987fc3d
82,Dougherty Valley,Bahrani & Wu,1721.6418508099975,74.84440809570516,48,1871.3306670014078,005a2405c43978a4a429685802e9ae62463a02b8ecf29d9ba0ed7826c928f5bb
83,Richard Montgomery,Wei & Yuan,1721.311133814605,66.56818286993919,80,1854.4474995544833,e47819746f31c2db26b3488b1df75fc29af5479c4bee8013b2aaa41fcfc29427
84,East Ridge,Jung & Mohta,1717.2141983234349,123.54277966095685,10,1964.2997576453486,0fe98794985d4ebf5dda3a59fd49145e3e3ae2d38847d4ca18e4653956c2670e
85,Millburn,Kapur & Sinha,1716.6524109492009,71.06980767322521,65,1858.7920262956513,a435c56cb56cd97501705c7943d3b91ee702f78262abacd7dda1f5ee3ffecc23
86,Regis,Augustine & Lauriello,1714.864763979381,78.36184703639071,39,1871.5884580521624,e137a1560c6c6b3a7dbe436ff3fae3c4083fc31ebf91eec35e46db93c543d24b
87,Cambridge,Kim & Lee,1713.5763591620153,97.35730768417308,23,1908.2909745303614,8392f159d9ae83debbbe88877b20ca94371fc51c8b4497fe182768fbba9d60be
88,Canyon Crest,Rupareliya & Shi,1711.9961939476298,67.1187185731653,80,1846.2336310939604,a1e9185216f87055cd6421c4a8fd4e90b6937409f289b99822c6a0be84fb6183
89,College Prep,Sabnani & Tarnas,1711.171471489018,141.45698314724714,9,1994.0854377835121,7592593331f9fa89b0ebf73a88305e7bf89e66a5a02e7fb32b98ce9373e9f267
90,Ridge,Li & Sateeja,1711.123027733729,70.31287674197353,62,1851.748781217676,34eb30961d531e1a06bfdb276aff646e51c42bddb631ed67f874849becccb4e8
91,Leland,Jamdar & Lee,1709.8418804786706,114.84296105360266,14,1939.527802585876,635005bbd8984a9cf3b4f3685f7e91a3e2de776207281c98f1b922ba8b6311c8
92,American Heritage Palm Beach,Dahabra & Jemail,1707.3899806299612,77.31158810231102,33,1862.0131568345832,03032726539e70a63b1003a179e16d0d8a455b3915f386021351d10c4d01095a
93,Lincoln East,Jangala & Sathish,1706.155951921031,109.84004793631283,12,1925.8360477936567,81938341e5279aacae7bf7fe7d8efcc2415975e247500969b07524bd5b6068b1
94,National Debate Club (NDC),Hui & Sudhakar,1705.0053803050164,92.85293836462007,24,1890.7112570342565,8d3041a3e61eddffe5489a21a7cc512bf137a6567f5e9a7cc9b67e81e4f368a2
95,San Marino,Li & Tran,1702.8511148557857,93.3711667460561,24,1889.593448347898,c0903656a803d20c7bedf27a288221ec3fff4209335d45ecf3360adab68442b9
96,Ravenwood,Ideus & Tiyyagura,1702.6824593576084,131.9270423468961,9,1966.5365440514006,23fbf7a070ff32149cf74305978a7fec03996b51967f0616519e45d055f0feff
97,Archbishop Mitty,Shim & Vohra,1699.5988204745413,76.1294443349711,43,1851.8577091444836,7c2d6bac25a1629a964cb47046a3c13be0997d027282ad7b055161a273932929
98,Christopher Columbus,Caram & Ross,1697.68791502773,67.35359730022921,81,1832.3951096281885,316ae4751d36594401bcb27be390047721efc157054a68d86b3ceb45cbb29d52
99,Lawrenceville,Chidambaram & Miao,1697.098672720224,68.42021723887692,55,1833.9391071979778,9da13822234b2b5d4bb581e3088074d738216c69085146d8973fea19a02fdecb
100,Fairmont Prep,Chang & Seth,1691.5782873288404,89.13928190897335,23,1869.856851146787,53d0e89c81f2d619756c5c2968aafb3630eb08047d29907f40e47d53788dfa54
101,Acton-Boxborough,Gupta & Wu,1686.242369018339,74.24686454374874,41,1834.7360981058366,76cf32a64704c1e5232bc74102c92251ecd5f795675cff4fe63e949c9ffbc31f
102,Lake Highland Prep,Arain & Ghanem,1684.0056722772938,70.9499034132379,48,1825.9054791037697,57da703eaa690c1946244f25bc934941b8591a3d3a2e2a2e84eeaf251d9fd92f
103,Hunter,Turner-Walkowitz & Wan,1682.9958208116648,72.4104825913606,51,1827.816785994386,519edf65dffe2c49c1d4ffe57f6b3132ab7d7159d3b889c6005320d720672480
104,Archbishop Mitty,Lu & Mittal,1682.2876301256954,112.99464421961747,15,1908.2769185649304,a5c9749d48e14e20068d93a6ae7d9dd5487238476639776c4b311ac6d53986b5
105,Livingston,Yan & Zhong,1681.9359674804987,75.90737362383362,38,1833.7507147281658,36ad4238ad48d6b66dad47a796820eb60a4df1a7af93f3bcf89c4dca9ee33e8e
106,Saratoga,Luo & Tsang,1678.1320006723045,114.0345268942214,13,1906.2010544607472,bad63d7d7bfbd88d5bdc8e1699d34d93fe910d92627b90657b883581e8d4cf37
107,National Debate Club (NDC),Chen & Padwalkar,1677.4121652590093,143.0195059798693,7,1963.451177218748,4d095bed126a10f9c3a43f0a3a8f16b36239ae0e59d35bd02cf065c0254a7fc5
108,Charlotte Latin,Rao & Willett,1676.6781352292444,90.7722208259589,26,1858.2225768811622,53f17eb05e2e049ec00ac56f6cb73df512c561eaaf878799ec7719192fd05e6e
109,VDA - Vancouver,Tu & Zhou,1676.5059144352626,69.37312530131425,74,1815.2521650378912,2894c195b45b56810dd17728149ee501556f168c9649a79414949e1821fd9cca
110,Acton-Boxborough,Narra & Shroff,1676.3946782123605,70.76020232085546,61,1817.9150828540714,2cef212ce8ca2c8cfb7ee07a4253a8be7549d201b9ae02ca5eae4ab180456356
111,Bronx Science,Auth & Campbell,1672.5480807549998,92.05338602075648,29,1856.6548527965126,c34f8a433b88d0f518b2374b6657a43f06cb6c4c36ef036ba674ad9953562f2f
112,Bronx Science,Branch & Isaacs,1672.4739130660996,72.81995448871777,52,1818.113822043535,2cdeb0a45b95e1011c69b1cb79b48e81df11d964c3371f91b69b75809b0ad049
113,Fairmont Prep,Patel & Patel,1672.3750779442732,70.46949220019484,68,1813.314062344663,d2a8a69dbfbfc1b4bf0384d139ecaefd43776cf50698195db012506ec014175d
114,Golden State,Corbu & Zhang,1669.0510776700908,127.36126975996626,14,1923.7736171900233,bb25658a9a90a955607c482bfe4bce452b7ef454a85594eda2c74a1eca597452
115,Newton South,Brown & Telio,1668.5353116706563,85.32134863031284,24,1839.178008931282,63f0f924b2544c0bc2a191b332656432616ce99da00b6c5687c557dd44de1d64
116,Princeton,Huang & Wu,1666.7856032905204,144.1791013683388,7,1955.143806027198,3bcb1d8c211f3747cf7258ba611d1ffe353445de10ffcd613160b19f84b9497f
117,American,Jyothis & Parikh,1666.1629278269622,74.03765914316583,47,1814.2382461132938,2d7908968c32b2bebb622d6094938911491a5928edc87888a28367cf8b36bbca
118,Strake Jesuit College Prep,Li & Wang,1665.6898692263414,79.15009530990802,34,1823.9900598461575,14706fe7b6bcd1166345cbabf97a896dcf93db433dc76c5c85c25bf90e075e7f
119,Fremd Independent,Balu & Iyengar,1665.2594200689255,133.81257623671195,9,1932.8845725423494,f98c4d344f07356c6a7903fa6960a0c8859cd22f2ff737b0e093a813ffc00913
120,Palatine Independent,Balu & Iyengar,1663.8605722974946,132.6777186792946,9,1929.2160096560838,e46498a439e4a85641cc6b58c21f7282437d097ec226eaf3bab73550d7acf122
121,Bridgewater Raritan,Khanna & Marathe,1663.621902481736,152.98465103575222,9,1969.5912045532405,20f6b2c7388c605ffcb733acb50a9e4b1ce1d082be98ada1115138cb956bb58b
122,Horace Mann,Ji & Park,1662.8944430515085,82.2244197811071,41,1827.3432826137227,344af4fb5842578fa3d101029d188260e66811ea9947b949da4414dc6d47058a
123,George Washington,Duffy & Holguin,1662.3575826282286,79.4064808473617,36,1821.1705443229519,603ee89c5ac7abb7bc0cb03fb2769d6002a9ec17a2366d5e8ba21fff560ce150
124,Centennial,Kolli & Pius,1660.7465201676719,139.4577809743201,9,1939.6620821163121,0d8ab3438168182b73a805d50b8fe32b88fa6251e1b8dab88f954101186fb0e6
125,Cupertino,Gudala & Xiong,1660.5995468564536,93.79773357950701,24,1848.1950140154677,10f62253474797235f0dc3aaf86ff1d05ee1c9c7dd4e1b91fb9958eafd8e0013
126,Southlake Carroll,Dharani & Tummala,1659.7740350492993,83.31292613285935,31,1826.399887315018,e92e55c99b39767dae5dca6be3d687475b1be0f1a7c7dcff96436c5855e4d32f
127,Strake Jesuit College Prep,Carlile & Ngo,1658.8916437713083,89.86459053491404,28,1838.6208248411365,d99ecf9ad5865b9f4741d9ed14d988fb3debbaf93eb507bc7b96753f7b58d05d
128,Archbishop Mitty,Huang & Kwok,1658.7432501534622,73.77205514903454,43,1806.2873604515312,1b2e010f48c734df7aa1626051140ee4eaf1389e88a5d6432f7eb60f6f4c7e3c
129,Omega,Chen & Zhao,1658.7223112520103,71.31862190827124,52,1801.3595550685527,009fbf14f091f6010ba4d99a857bbd73c27975abfd85b83c97eb13362339ad8b
130,Lambert,Liu & Mukker,1658.2727684507427,84.16505756460339,30,1826.6028835799493,ec0a02b6711f6aef8a057ccb70009da00e57cdcf9bfc0946ccdbac187ce6d835
131,Plano West,Zhang & Zhao,1657.691788337736,75.29515158436297,50,1808.282091506462,04ae08ff56aeb362e3a1db16c49d0fe732e7cf5432755e2aed202ea232a65054
132,Vanguard Independent,Kurup & Peter,1656.182463786342,108.57185849381771,16,1873.3261807739773,45b6bf1a51a47b934c8850a830483f888d4184da4e8fd08f43569d9ef5616de5
133,Thomas Wootton Independent,Lee & Parmar,1655.362126981572,105.24877824829844,16,1865.8596834781688,eef94c64fcbc00f0d37565a24b5a21b2ea55453f1bbd308f1bffb95a7cbf0866
134,Fairmont Prep,Harrison & Li,1654.3131461591947,86.4216399713094,26,1827.1564261018136,c78670653123f8958aa761bb9b52f5516ecaa3198020e9639ca4c6405d93a124
135,Vista Del Lago,Kallepalli & Rajeshkumar,1654.224699947201,86.50195029951057,24,1827.2286005462222,f2ef763e7628462a766ae009e9815766e742a956b73cff24b56963607c0d2755
136,National Debate Club (NDC),Li & Liu,1653.4164270147476,79.50852549343296,33,1812.4334780016134,04eaa095b89752b3860114a421a7c473178f3f36bbb3d3b449e3cefa62fc95e2
137,Vista Del Lago,Kolli & Yarlagadda,1653.2210012475998,103.39668620353888,17,1860.0143736546775,a5eede7192e8d07be409aa1c32ac6a7b26bb2ad39a3b1e5075ff3f9b8857221e
138,Monte Vista,Balaji & Muthuraman,1651.3914631190664,89.95675939971966,25,1831.3049819185057,2af920d08fd421c8c8e44e35daf09148b6fbd01da348c9cc3fcb87083340c262
139,Sioux Falls Jefferson,Hockersmith & Mayen,1651.12315427975,152.3253792260179,7,1955.773912731786,420e026a99025ca30a068ff643502cf39f75c71a91d5d8323cf7ffd342f77c9e
140,Leland,Lee & Sengupta,1651.0835760554226,124.13365640215565,11,1899.350888859734,abe8e57038f43b5e8df0a0f53b727635d2b77888b6ae3539881b7ce8ce9b10fd
141,Southlake Carroll,Subhash & Tamirisa,1650.3989156006014,81.71432411760512,30,1813.8275638358116,4dbd63dac389af07127b3abdcac220f65633c9349f459fe11d4ccf37fd75a48a
142,College Prep,Beamer & Dhillon,1649.960324608269,75.56599237328794,48,1801.092309354845,c22bba9e5129399b4a9bbae6ba4b97a7cca54944de50058d9368ded6f597576d
143,Bronx Science,Buchalter & Makino Siller,1649.8856001004754,88.31398546410107,27,1826.5135710286775,854ae0f1b2c35a397fdcd9871f312ed76c377a446b6458cc62aa31b47d625f61
144,Bridgewater Raritan,Patel & Singh,1649.6161833647466,108.03437931107302,14,1865.6849419868927,3ca1d4af961ef566c517358c288198f72173bb01326f0f62b1ec8551cf667cbc
145,Oakwood,Gardner-Berg & Rosenfelt,1647.627827224164,74.78520135291588,43,1797.198229929996,2ec3d78f1fb762789c49ffc8bb6ecf8a603f38d3356f8a6710f0250b86e468a6
146,Brentwood,Pazona & Schneider,1645.6230860425921,103.43874001268566,16,1852.5005660679635,5ad0c9d523b208ba9ec289188d62936b280437813ba27e9b14adcf33070bda2c
147,Jasper,Harika & Liang,1645.3284163971057,74.36940470298808,47,1794.0672258030818,047d0f1d1ec35852fe41a33f509bbb0c2c793b56bc15140335c1959fede835b6
148,Taipei American,Aung & Bate Agborsangaya,1645.1376489657687,75.19720314542016,46,1795.532055256609,251f400fd5d6176848d0378d8667d9c140df18928db9d3341cfe1a47e374022b
149,Livingston,Gupta & Li,1643.585583521924,93.69266418714669,20,1830.9709118962173,a42f40ece4159e3e7b0e44ed52ffee0a893926e4a2f0fa12fc6532f891a3d08c
150,Lexington,Liu & Meka,1642.9083469818854,136.94971884195118,9,1916.8077846657877,cdde9922876cd8c8beef2da1447762b572d54a695b8279e28513d0e59c52f0d4
151,Milton Acad,Choe & Xue,1642.799098093511,100.54077331718099,17,1843.880644727873,96c26c51ddf83e777277e0d2ec3df2266dfd94feb2d4783abef1bd29010c1dd9
152,American Heritage Broward,Chen & Pinto,1638.1298176297423,94.55694758175405,25,1827.2437127932503,8f682d0981ab4900d416018d2773bb38363a9604b0a2fa35f18817b87f3326f8
153,Eden Prairie,Deep & Virdi,1637.989067798272,67.67978492926764,70,1773.348637656807,f2f11c8578380b1cd6f325bc4f60b26c9c391bb6ff771d7e1cf1d52bd6004ea8
154,Milpitas,Dani & Kadalayil,1636.923264011343,77.93548241481959,35,1792.7942288409822,7642254967314d7d9ccffeb58d70701e6a156b60ceb2a16dd49d5637214c10a9
155,Cambridge,Lee & Yang,1636.2155329651068,89.89337371853043,24,1816.0022804021678,6e97bedf5c96d10d3dbab7e1202274395c971348e85aeb8bf9a283154f73cd37
156,VDA - Vancouver,Lu & Ye,1632.700901820124,98.1667201445315,21,1829.034342109187,44869807d4afca00bee7337dc64982a39b927d1002b678aa59bb233f803888fc
157,Canyon,Hwang & Singh,1630.1575490603552,81.02311976357498,41,1792.2037885875052,ae424c2f62514fb5676cb260f0d8402b4b44c0160f7c2d587a3a1187e40c9c32
158,West Windsor Plainsboro South,Maheshwari & Shenoy,1628.8252201369576,105.20297157043764,16,1839.2311632778328,31c1a6a36b0a0246c01b5d80a3ec9055e7636411bfbfd5593303306235f6e88a
159,Lexington,Revankar & Sethi,1628.359480384846,134.74712251876034,9,1897.8537254223666,9616a267d08b412b2f42ea3470c7f94f944236cbdfc81c1909ad93022259f56e
160,Westwood,Tran & Xu,1628.0261437465433,70.4292706047481,56,1768.8846849560396,cb01de43f65850f3677d2798fcc97602e37b388d5c389d0fb6cc7e51b65d8563
161,Bergen,Wadhera & Zhang,1627.4569936569153,82.90164037021523,30,1793.2602743973457,4c57435065f83882590f36e2d2fa137507976a532eca2cd74bb7281e472d10bb
162,Theodore Roosevelt,Chilongo & McIver,1626.7342438783485,71.9640751796666,51,1770.6623942376816,09c4889e88cc5d5a0890cf325bae2e1bde991b575c42d3ddfb1c28fb7d3edf5f
163,Christopher Columbus,Gell & Gonzalez,1624.7240903843951,66.91229415092326,86,1758.5486786862416,bb76cc12442908c5a8781e8ef02023e0a366d8722ba9a8dbd9fed04ded1a0cf3
164,Kinkaid,Cai & Zhou,1622.4488892325423,117.70829710912776,11,1857.865483450798,f98409427234e87210bfab78045ff550798f258d27c9304edae4e9526f5d89f5
165,Interlake,Wu & Zheng,1620.7552987443669,88.28488043464908,27,1797.325059613665,e2685f72acc36011b87ac5850bfd69522fb2d2d50fc0a0aaffa2b9615718b23f
166,Pingry,Park & Wu,1620.5126339360127,116.8086533700648,13,1854.1299406761423,1c01199ddec001e04a4635ee7fcdcec45e31b51a41d7e116dafa37f02d51e017
167,Newton South,Lock & Scheufele,1619.2735204914802,106.456175442387,15,1832.1858713762542,0618760ae789085006897a2c7118064f805303be0055ef82ee686b14b6b8bd0e
168,Strake Jesuit College Prep,Hasan & Jumalon,1618.3553115592047,82.41877467378082,37,1783.1928609067663,3321362305dd11c5c5ed12a9b6d44dc9e105d2a3228bb9b944b7b124422d2608
169,American Heritage Palm Beach,Cohen & Jemail,1618.3073209877214,113.33482058906519,15,1844.9769621658518,c489f6a9113cbcf3d1dc84d9b91b861bcc84c455140250b2054391ad2501f71c
170,North Gwinnett,Annambhotla & Lee,1617.439057590172,91.34802793076568,23,1800.1351134517035,3d1afa199600ef377646f9c69ffdb7284432443daa1c676342dc9f06a60d58e6
171,College Prep,Dhillon & Sabnani,1615.482881795963,138.56871520888618,7,1892.6203122137354,ce143708be15f8ea327410937f1b338bf30f0f3ada708988523bb0e4f120c132
172,CC Miramonte Independent,Chen & Chung,1614.9060366048516,147.39529487401066,7,1909.696626352873,69932511fa69f6e944f394a34a59e0f62636b23d8facd888fdb226eb26d3a92e
173,Livingston,Tripathi & Zhang,1614.4436942019026,146.77439984612568,8,1907.992493894154,32e88b38fcaa98c929aea48e2804070087942c3f9e16dd37d66008548c45ceac
174,Princeton,Tauro & Wu,1614.2692860765765,136.48165552016883,9,1887.2325971169141,4fe33d46ed02a84563d535ab258f408c6c91449b89c27269332a0607e67a8cdc
175,Magnolia,Ding & Lou,1612.7033876457272,88.92039011066774,24,1790.5441678670627,fd0ca6d1c5215a21742e3bc6bcafad8cb5c598d2be7f1eb22bb6b13df04a011a
176,Regis,Feldman & Picciano,1612.079811558293,84.1016599714606,26,1780.2831315012143,20aab009b42f73f1181703f02ce414a4c2f5ad043720705c85c8d8237503d3c9
177,BASIS Peoria,Cho & Kusurkar,1611.7348166324762,102.13382381169542,20,1816.002464255867,c7a94d454b0b257c27b9f834f0be1d0d7e07fbf3b4aabde02e972af42520ce90
178,Aberdeen Central,Golz & Refsland,1609.3840867398294,144.88620641907275,8,1899.156499577975,513172c76a10c82d4cc6128cec5a2aacbe988f14dabbaa07b94d9314b39d0a9e
179,Emerald,Krishnakumar & Xu,1607.1583998267447,73.20140368190438,45,1753.5612071905534,5aaffacba40daf5f9f6ee96c0f07937180d6897f60b254107b15fa033102e69a
180,Academy at Palumbo,Cutrone & Semmel,1605.1207587420545,86.52106783344652,24,1778.1628944089475,7385cd62ff60472042d84f9f46fd616425066a3cc6796013d6abdc362a609654
181,College Prep,Boscardin & Rees,1603.7176033375788,109.58561702387681,14,1822.8888373853324,cc2ac389c9c72357db79c14cedb3a981c096189ac0a10d623008505282adfde7
182,Plano Senior,Garg & Shankar,1602.3789840093332,95.03178175488821,21,1792.4425475191097,413553523da836671bb416d148784416f60f99b11490f71621a99c7754068bd0
183,Harrisburg,Berg & Mayland,1602.2742962576417,160.87532712272827,7,1924.0249505030984,d35810f6c25feb017beb5f4fa04bb3bdb42bf4e32aedd0433fdd4ce4ba8d7240
184,Hunter,Sandu & Schonfeld,1600.6196107627443,79.5824448042826,34,1759.7845003713096,311e9dcfa54fd393ba9ec625dbc726f9db196bf9531b92fc0f16b9a154bbfb33
185,Blake,Banatwala & Tarafder,1600.4682686579622,98.22971515727096,22,1796.927698972504,2403cb14d37b30e21eeffe29da6392c062293dc2406266e07c30a06e2386e6af
186,Sac Country Day,Minton & Pradeep,1600.457974496548,80.11650409974783,38,1760.6909826960439,f4384b09a438e3afa836637bd4121d6c967f5c17c7bbf5371716f9b5a46349df
187,Leland,Chang & Lee,1600.3280624784072,109.38190442120468,14,1819.0918713208166,77a75fdab606bb623faa9f000faa335a369da94b729f92bf52ada5b8b0b79e2a
188,St John's,Greenberg & Zhao,1600.0245635362962,73.24133795437596,46,1746.507239445048,eeb6f4080d26a720fcfc0130d2b2355cd3c2ed283378daff1ca7b1dfab14fb2e
189,Dougherty Valley,Kummariguntla & Thacker,1599.1480768934216,68.47950331821356,78,1736.1070835298488,4ff6a51d03f056363cef514b0d836af7cdc2b37756ad0196fda67abec22e6f6c
190,Lexington,Hassan & Hosamani,1597.901878055899,77.40197472776666,36,1752.7058275114323,c2f6f8c429e567f3a6b59701c4d1d354b03121fac8bc75dec834054e7b9027b3
191,Fairmont Prep,Ngo & Park,1597.7258683240257,68.47020050893296,75,1734.6662693418916,3e2be7ce193d43996286560aed025b8e320eb9d0765b5034bd70b53d2e940ad7
192,Scarsdale,Auerbach & Pascutti,1597.0740819653201,70.80932795279685,56,1738.6927378709138,51a2b964dde0fa9c512b2dec53198a81987498e6376b61ad735d42ee340c97eb
193,Boston Latin,Li & Parsi,1596.7506997285893,71.60766741636702,49,1739.9660345613233,9b19dee35f3e21223cce60577823f6b44413c16973b03739b0c536cd54c341b7
194,Summit,Arora & Huang,1596.209428184628,69.06003029258292,68,1734.329488769794,41cb5654282d3713eb6b6d0214f9497b9529989b1e30c3a21a26dbd2f86519da
195,Monte Vista HS Independent,Balakundhi & Hanif,1595.9938304736768,140.62885377996426,8,1877.2515380336054,08f3bf1ad9e84793f435e67954a40b58ac2b8296cbb0916010330f56890d1765
196,Blake,Balachander & Chen,1595.5920612256348,85.67083611642228,29,1766.9337334584793,7cec8ca3f0757ea7d4127aa3926380874212e89e75b8a7bd2ecb2719f0391f8f
197,Lexington,Raythatha & Revankar,1595.3371164266541,74.82743296590091,48,1744.991982358456,8497c6e9f9c3db97d17a4fed48aa21aa0f00435861a58f99679f6244da81d0c8
198,Strake Jesuit College Prep,Ngo & Wan,1595.011986889568,88.25598424521792,27,1771.5239553800038,01c1b88d481b6c412744c85a860941e7e8ad0b119b00f31c1fef0b76753253ed
199,Denver East,Abrams & Rasmussen,1594.5742918474596,151.1424504265174,8,1896.8591927004943,b7f941ed5e0bb861fb4287d0f9455ce78454a60283e99a7c30d976d89ffe13b6
200,Seven Lakes,Eswar & Meghani,1593.2702181390027,82.25795158377069,32,1757.7861213065441,eb5e1e6b386d24021adf31083162e532f4caf1be9732fe0c33c9e92eee7250ef
201,Syosset,Meng & Zhao,1593.067620952403,68.8398433700608,65,1730.7473076925248,9e69445e63b25b3f96d289db1460924948043018a3ee587038b6ea6031d27ebd
202,Mountain View,Lin & Matot,1592.7015494853033,83.45934498960891,28,1759.620239464521,c6f3ef5d86d5bccab09328c024e3d1f54937055b52d472223731a5c94d16bcdb
203,Highland,Niendorf & Swift,1592.4099321202395,152.2600269095085,7,1896.9299859392565,5b28198eae8ebe1153e57466d96e2fe39eb93053f6eca40c8d1b7af9dbf990c7
204,Poolesville,Dave & Hou,1591.7544158970836,108.80698716411896,14,1809.3683902253215,f6768f2574f319e37b3d95c6b1f8ebd93dc397a23bc27ed25c104ca7bdcad763
205,Strath Haven,Singh & Zhang,1588.8016100191396,83.34328994938654,26,1755.4881899179127,a5fce76df0924bbfee36234834201d387678e1dc80804b387e0cfc91421af14c
206,Acton-Boxborough,Ebbin & Shang,1588.05607769119,70.597044763764,50,1729.250167218718,8e01d06687516192a659a499a1454f522874631cf7427bd8e1336938662844c3
207,Saratoga,Julka & Liu,1586.6446061295778,86.06997939718602,27,1758.7845649239498,608ec0d895d686470f36059132f4fc296dc26115ac5e9eed1d4e93bfab857773
208,Newton South,Pang & Tendulkar,1586.1812685198518,76.74576107872348,37,1739.6727906772987,7ee2f0e95cc6f3ffd2fe0861af1c77c66655ed818cfe70772c161ac90bd23d52
209,Palm Beach Independent,Mason & McDowell,1585.6141108232214,100.2280283792045,18,1786.0701675816304,e0b565acd9c4cc5376f989ad0df6661c4b37bd71a69b65b7a9a3e2b40a276c65
210,Magnolia,Yan & Zhong,1585.31397328204,91.84179030928662,23,1768.9975539006132,1024a9ae5029ca776bef36607b11ea5163e4061ecdd49b689ccdaba3ed54557d
211,MSTW Independent,Dham & Sankar,1584.0612335290361,99.37288413823282,16,1782.8070018055018,4f12e32deedad32d5b6cc7bf6f576ed84d9dbb404e1e325a8df70f62e2d9e240
212,Dreyfoos Arts,Mason & McDowell,1584.0401243130746,139.30371144674115,8,1862.647547206557,e97f033e692d97e9f2abcf2b2a3a18929777a194e4e15d022c7d2c776a6a7a5c
213,Newton S,Liang & Pang,1582.6569696724537,134.0668145071661,9,1850.7905986867859,83b702ad7b196454b63de1737f1cfb60701b7ebac1d5f4bfebbaa2aff5674d74
214,Gulliver Prep,Ishoof & Santoyo Geijo,1581.9365120096713,74.43613279750679,44,1730.808777604685,4fadd8e038f92cd318023ed70589fe2e43390230fbba0d74f32d68d82b3a57de
215,Iowa City West,Ahmad & El-Fadil,1581.5464340753604,87.7618207442044,28,1757.0700755637693,ba44fc9502371bda4458cf2500f71efe44f04eb9b286f7e9c08d44bfa3c84a88
216,Atlantic Independent,Baddela & Chen,1581.321764148574,150.83620980320887,7,1882.9941837549916,79f75adc2049b81857dc7dce1efdce843b7d9342ce8603fbfe5ba09b55c19c87
217,North Allegheny,Ghosh & Raajiv Sai,1581.3006824397487,79.30296932572655,40,1739.9066210912017,8f0b7637951df68d08a41bf6e52867f99babf70eeca7caf1d18ae379f5e7f1c5
218,NS Independent,Liang & Pang,1580.3697121280225,99.49659612936603,22,1779.3629043867545,214bcba456b635e2a5e2547919b2334526d3dad2ab35fead14f1362433fdbfa0
219,Arlington,Potere & Zaganjori,1578.8784270337567,109.20480851448988,15,1797.2880440627364,6a317fa880696c8b6bc067291e0c88ad5feba3ff5020963ca5b802c95dae8040
220,Durham,Bass & Hechema,1578.7935735315168,69.1041634000581,58,1717.001900331633,8a6e41fe32ecf228c2820cb874442248fbc48f645a6fee2cf9225b37b0c13d54
221,Blue Ridge,Choi & Sun,1578.695588012028,123.83965842568549,14,1826.374904863399,1f21b554d3746e594cf0eab6ff123bf2db1597248333c4d436f7effe825c0a24
222,Westlake,Mujeeb & Reddy,1578.6621945313345,84.97250433666665,27,1748.6072032046677,7346f47a3c1b3f1e0689a0cb9cedc5fbf6fca22964bda10cfef8ec0608a37d1b
223,Emerald,Gabada & Saravanan,1578.514151688306,149.99480108390304,8,1878.5037538561119,aa0f0aceb41ca2fb1088dcc6339e3f2e60cf8716a58080892603acb7d8d3dfc5
224,Strake Jesuit College Prep,Hadi & Kirichenko,1578.337685622445,72.63559427892086,48,1723.6088741802866,2faa48803d99500383373f3f218e59dc250b9ecb0b781b8ea6bd069ddddc12b5
225,North Allegheny,Dassanaike-Perera & Du,1577.5289711251712,75.88143536136484,43,1729.291841847901,3781fd921aec6570639f0129b46a8a6bc038ff93be6229de3b4107cff4385b9e
226,Nueva,Kulkarni & Zhang,1577.0628817679515,74.50426909725714,48,1726.0714199624658,9f35bffd0b22dcf11c0645eeeceed6c31d799a34c9c3842b617fb140741661c0
227,NS Independent,Choudhury & Yee,1576.8824624633965,111.91514696477962,15,1800.7127563929557,6d9f82d9285f417c43f8281264b3092b8016409d89d2bc4f2d2775ccd9bb83a7
228,Ardrey Kell,Gokulkumar & She,1574.9127885433575,90.29792124650177,25,1755.508631036361,a3e2b64e6db15e748fa43b0f04759334948262fc81e2f49d10f51b6195d2318e
229,Archbishop Mitty,Kwok & Shim,1574.8709090725945,139.28101947784492,8,1853.4329480282843,f3907feb498c4b53cae9454c77e4805cee6e4154b9559c8880ddcbcfb26cdc08
230,Newton S,Paltrowitz & Wang,1573.2596500937111,125.53199009064969,10,1824.3236302750106,dfc0c3a7e751104290e13d2ba6066f7319e05dfd571bdcd27f0cd8d0f1529f91
231,Bronx Science,Akella & Emery,1572.5218641657395,74.55430040448648,47,1721.6304649747126,c694f0fa6614d0ca98e693996897cd060f8a15e04ca933cfc59da207d6870fee
232,Horace Mann,Cheng & Paksima,1572.1507509064347,77.37369223674357,35,1726.8981353799218,c5dc501b7c8209a973440afb85f5328a2978b1d28331ab3ac6d62613db20cd50
233,Bellarmine College Prep,Banka & Iyengar,1570.3142379208402,72.16066882015338,51,1714.6355755611469,17681f9322cf6439159939950317c9d9aaef50df3577be4ebc5108e2338b5a5c
234,Mountain House,Kurup & Peter,1570.1139090679112,127.70228086320274,9,1825.5184707943167,467e337630b072d14febc063492c34efff45c4ca9967554d393149ddaaadeb7d
235,National Debate Club (NDC),Bhootra & Xiong,1569.2438270335788,86.72775702175709,25,1742.6993410770929,4aa83d61d4482ad42077c1af672437effc2cfd9cd488ec2599e481de1093150f
236,Nueva,McLaughlin & Wojin,1569.060373912202,71.39910817647208,53,1711.8585902651462,0d0e5871ff8a2053907e93611dc470f97c245f16cf025de25f86ea377cd675a1
237,Princeton,Huang & Jain,1568.4535670219402,146.75834625679812,7,1861.9702595355366,048724b300b06fa18c9e9c29bc080da4f09986cfc9efdb3a987b608051eeb3d5
238,Blake,Sosseh & Vora,1567.5309860762263,77.85307821421877,39,1723.2371425046638,a3cb7106d1ca79a7eaf5cbb3ffa46749b63ac18fa69689e3c86ad59baae3c933
239,James Madison,Kamath & Saraf,1565.697655590477,122.82987417760681,10,1811.3574039456907,ed1afefff3c66255e57cab79e4389ad384391c848d4722e7bf9feec05f0babf2
240,Mission San Jose,Pala & Shah,1564.0872267008815,94.2592035403742,22,1752.6056337816299,3017490c84e5000799394565195666703f3a556c33c8dbbd150b61763851d319
241,College Prep,Falk & Sabnani,1563.714984582265,141.9406035341513,7,1847.5961916505676,8868728790ab4df6424f532b3176113a0933681cf5ec3f47a9f2a67bd2c56117
242,Newton North,Aneja & Zheng,1563.5306749495044,126.40269781357915,13,1816.3360705766627,ef1084069909603383f35ec2dd52e4dbe2d611a856fb854e8091832d72675d0c
243,Folsom Independent,Arasan & Malyala,1563.339617032816,151.3283836713261,7,1865.996384375468,4c4de8584c82e7074557b60cdaf569d144f911d30a2b6902c26c5011ef218d2b
244,BC Academy,Ma & Park,1562.2045781371537,106.50288074285073,14,1775.2103396228551,ce2da01e421dedba9895dd0acfe65e190163a1bbe698180ae3e0ec3d1147338c
245,Bronx Science,Ginsberg & Misra,1561.9921192757638,100.529489798871,18,1763.051098873506,4c63b66b5b75679c6a6074de29e60082c961ded0a510e36a7a96c4a80687effc
246,Trinity Prep,Daniel & Paul,1561.743316026162,113.49818734848307,15,1788.739690723128,5ea5b7137261a78bafd16211c06ac4d621511bbe8249184e60814a525e48b9b7
247,Los Altos,Lin & Lingo,1561.2495765647698,145.6199731166638,8,1852.4895227980974,fed352654673040218cb4f36a21f298ff5632245e4105bb5e4e44cfe3be9e9ca
248,Bronx Science,Tan & Tsao,1560.0713141196932,70.24931598141838,56,1700.56994608253,3fa2cad48172bf3625d333f9a506c01a291ccb7f6d6e9256a8e6594268775da3
249,McLean,Hu & Zhao,1559.6050864423366,158.7700495091639,7,1877.1451854606644,1bda175db41b36b3181b1de965364bdda934e3e2839255a6b2776727fde24620
250,Lincoln-Sudbury,Chen & Khan,1559.1897497018422,137.4101022390856,8,1834.0099541800134,8800512f443be5c6d88e7ba1825298691a88e70e443e91077cfc0513af685363
251,Jellyfish Independent,Kim & Wang,1557.831514441637,145.23483288718154,8,1848.3011802160001,c4b8ab4fe53fec896da578bbcfe7486b3a820aa7e7e2ca154d546fe8b6292799
252,Bronx Science,Comisarow & Croft,1557.450641753651,71.34677702792138,51,1700.1441958094938,7bc7837c4d1904277737b22e85dd951ac0c23ba842fe23bdeb7d45046205b013
253,Saratoga,Ravishankar & Tirthapura,1556.4889462876515,85.6865203222317,31,1727.8619869321149,ffa336aa4db6f54bb8290dd1dc2b191e9f39063f1a70c3458b87e899e0773485
254,College Prep,Boscardin & Falk,1556.1895264178231,122.2659315310016,9,1800.7213894798263,42819e1b55c07240aa16b68690a0a9f1a05c0cdef6611e683719f7aaad93c023
255,Nueva,D'Agostino & Zhang,1556.089154642551,129.11648929856466,9,1814.3221332396802,63d95a1895f3cfd81ec9bbe3d0116eed7a069049fb81b1e93dba81e8a74e29f6
256,Newton South,Dalzell & Miller,1555.9426240295948,111.54625408057827,14,1779.0351321907513,caaa182f0b3ba1d5f391780b3cca8176a03606e24bcf30f5eaeb8288c668c565
257,Lakeville North,Shao & Tung,1554.0524148830646,78.40367733924187,35,1710.8597695615483,e94eecc20d86dfbcbd6b18220cb5a7dc341ab786bdc08fb3f759344f4c4047f9
258,Summit,Sood & Zahtila,1553.926895986911,71.12517307498187,53,1696.1772421368746,c1c6069660939ec2ca2f2ba46cbca89e9903fd0949bfaa0accbe67b0ed376170
259,Harker,Gupta & Vijay,1553.2816990709377,73.1373626519038,52,1699.5564243747453,c8b2dfdde32fa8c21cfa422b5739b26ad2b4f19275c1bc2cac2a53e8aff3e6ab
260,College Prep,Rees & Roberts,1552.2760431211075,115.77749531574753,13,1783.8310337526025,d0216f2c67173f3acab89b922a504127b2adcbcd63c79f5457273ba5665114e8
261,Trinity,Chiang & Masella,1550.2725122686002,82.48387191454401,35,1715.2402560976882,2eeb296a978f86d24efe1953db6ba73fc63ce2e56f3ef8b0da1353f42d59f267
262,Sioux Falls Jefferson,Hiruy & Wagemann,1549.8448884075935,168.22289482998244,6,1886.2906780675585,2b8231aa615b2c7316737448168bcff3a2c4f172ed665d8f7cc41210be3bbcd9
263,Dougherty Valley,Rawal & Vo,1546.9976189727074,89.91309478159471,27,1726.823808535897,4a9deb9fa81b9ab93af91c1c9193d4a8a4b8371f2c94f5cc0f1889d2fe91b5bf
264,Bronx Science,Lowell & Treinkman,1546.6127151531193,111.16323868909191,15,1768.9391925313032,d012609753f8e520a78386653d11e1cc119dbb600a8e78f64268f6d4ef01f1ff
265,Bergen,Song & Wadhera,1546.33855701419,110.52481575263955,13,1767.3881885194692,d13fbf006c05346df4835157f62fc46899b742be07333e4ce4651a95eb1deaa7
266,Charlotte Latin,Berman & Chandra,1545.7948574551326,132.5925232651808,8,1810.9799039854943,46fb3c3e9c19ba6d8cb5abc085333ccba5c413134c3ab6a33bc958ee3872a811
267,Ridge,Hira & Pyloore,1544.3325028868228,155.3360479881534,7,1855.0045988631296,cdd11510233609a62cdd88498e856682e2c829cacf72ba57fa4eb7e0ba12579f
268,Lexington,Roy & Sawant,1543.942354311293,132.68870474241905,8,1809.3197637961312,d5142ce203e7b3d3f657f06c707710d4e8d3a4aed73005b08db83e34a904012d
269,Riverside,Li & Sakamuri,1541.9989129906899,114.25651941872813,15,1770.511951828146,80288139394900294bd2e71bce405e514d686a17a3ce953cdd722112f4cb5503
270,Arizona College Prep,Avadhani & Duggirala,1540.2638141830146,105.4391889810755,16,1751.1421921451656,efe7370c72372eeea0a9e761dc5df26a694ece7c45856e7d248695970ef0a9a0
271,Delbarton,Kapp & Leidl,1540.208779839627,72.41583897604455,52,1685.040457791716,f2b959295fd20e98b736ea5201a91b16a0ce2e2186eedebaf1a1dc4725e64639
272,Potomac,Lee & Parmar,1539.687867861174,110.86867782487361,15,1761.4252235109213,38f98601707f88655e83b0fb400bf5458896379459954ac7bdc5ac6d9bbea5f5
273,North Allegheny,Nagarajan & Sunthar,1539.5741351459183,78.66130288102768,35,1696.8967409079737,23652e534d99343ad181d34cd8f9c09e5cbd901e0fbc271638ea1f25c289f291
274,Durham,Erden & Spitzer,1539.4920264290831,76.12877002372875,43,1691.7495664765406,e4fb2895faa582b9d25dd599a2cc8d05ad9b14120658e307ee378b1da7c9cc5d
275,Newton South,Kopinja & Levy,1539.4623356502166,136.8373307044946,8,1813.1369970592057,e7a811b3ed0fa766cfde1a4c476876b4cbf3250f1e00db16a0da6a6279e1a5a1
276,Memorial,Liu & Wang,1538.0563419167772,161.45826442642056,6,1860.9728707696183,108105daba52850ed618c27fe17478365257ea71cbc9769694dac144c0bf6380
277,Bridgewater Raritan,Krish & Shah,1536.6451124207072,99.40917014952923,16,1735.4634527197657,cdb54529925adf10fb25cdea6d1af1e6198c7eecebfda86100243d395e3716a9
278,Lexington,Li & Xia,1535.8843037228376,68.85554119343045,65,1673.5953861096984,106a17aca589f1718e684e9b9728a4cad3f5f955701170c01de28934800bc5b9
279,Westlake,Dunn & Venkat,1535.0973857280997,153.42695942414053,6,1841.9513045763808,a5536e93a1f89b143908b17fbc85d9694c3cb2067d52cd2be4ef7f3bc243248a
280,Campbell Hall,Hein-Martin & McCullers,1534.6883873892646,77.94774120679033,36,1690.5838698028451,ae1acac76664ce770ee6d46c338c8ac1d5eda8b387163629fab70697a8a7a4e3
281,James Madison,Saraf & Shnekendorf,1533.6687143376764,96.49583210596924,21,1726.660378549615,a381945de0af60b72a6850a981b3b08eb777ce14477358285a6b66efac1ae2d5
282,Lexington,Patel & Zhao,1533.6305063504306,87.10821434406643,26,1707.8469350385633,43666fa94bca5ec166fff28b990b8d331d662e686aa52a9fdd66cbb2e2136331
283,Montgomery Blair,Awasthi & Shenolikar,1533.3829247633403,73.17679635590984,48,1679.7365174751599,7a8226604e8567daf8d170e016e41268e2e29237f55ad940d83d251619d03752
284,Maret,Hernandez & Lee,1533.0940470628418,84.6253696316138,27,1702.3447863260694,8ec935e9d6f594af126e726678d9ec2c6ae3039adce40146ae4911a88ee57288
285,Harker,Bawa & Gupta,1532.9862538169095,143.45425620026577,8,1819.894766217441,890a7c06dce3cae4f2b6f3f0577d1ae7f6724732d1ccab68d45dae7d4e6a3528
286,Magnolia,Sirdeshmukh & Wang,1532.2985065751473,88.7271857133296,27,1709.7528780018065,3bcfee9adbd48d20a5818142d8fcc44233270a9f3aeba2fae8216ba0d1c652da
287,Friends School of Baltimore,Hair-Ralston & Kurlantzick,1531.7444583727965,108.5857713032665,15,1748.9160009793295,17096cd752c46852606028b2dbb1159ac29751ff897ff4df91cc035b474122d5
288,College Prep,Jhaveri & Lee,1530.0542560288684,70.29897643396431,53,1670.652208896797,feb59850f49e323757acabd8f0ab978a5e2cdfc85d9094d2360455777b65bdaf
289,Colony,Grant & Sterenberg,1529.132314562064,99.10268640622348,19,1727.337687374511,6aefc7358651d157853deb605176dc7fbe30ee26d3cbf4111984e2adf2cc6a9d
290,Robinson,Borunda & Musolino,1528.1684255442433,75.13586684763499,43,1678.4401592395132,c70cb707f08c162d36d6d05e0debc3db6ebaa97978c91cfa92472278474b0886
291,Bellaire,Ahmed & Cheng,1527.1510097198254,78.0821830531528,40,1683.315375826131,16ddcb57fae3d70073e422f2c72735811361a513d5fc5b0fd0cbf8d3b460f886
292,NS Independent,Wang & Xiao,1526.714091992583,104.00760226610244,19,1734.729296524788,bff38ac7d3cdc19f54674ccdab38a560eaa5e49163ae7956fe1b794b5eade0c1
293,Collegiate,Frank & Kosner,1526.4453057761373,144.1441485140008,8,1814.7336028041389,82d2a3825fae4e637efd493a8bb23e33ea79895764c8daed6ffebd9a261114c6
294,Lincoln-Sudbury,Ayala & Chen,1526.4276943426048,154.21863784105273,7,1834.8649700247101,1ed8753053fa6b7ef279ed2d028eef0ce75a695c8dff9d86dabc118dc7d0de99
295,James Logan,Nair & Sandhu,1526.1530312316347,90.67628819898535,24,1707.5056076296055,7c25c2c06f5f3f1d5bb2c0769c44c38ec2c4ab9df3412c17356e325a840586ed
296,Newton South,Paltrowitz & Wang,1526.145934021717,83.43794977353777,28,1693.0218335687925,26c42c290c6259c3970948c16e664a8636a18e7da9f91adc534fa09a79fdcf70
297,Windemere Ranch ADACC,Barodawala & Karthikeyan,1524.8088432634222,128.5470557385799,10,1781.9029547405821,01442bc999f5d6c3c480a081b5ccb09643750da87a1716374ef1c202b3f2c31b
298,Bronx Science,Sweet & Vora,1522.355867686735,81.62015839223157,36,1685.5961844711983,c90aa5090a86b63c0e22b789cc7f75c96d87aacc37abc2fef566b06db193160f
299,St Mary's Hall,Jafferali & Manso,1522.094346115351,96.24738968207228,21,1714.5891254794956,72f5cb8bb8e70eec3ac0e528ca7eb8f02748f10025c8a789194fb3824e5603a3
300,National Debate Club (NDC),Gupta & Lee,1521.9366518524907,85.17447320590509,28,1692.285598264301,fffb4f546dbf1467c0b22cfcff4773c3374c01360c1bffbcfd935a7d6a1220fd
301,Delbarton,Kapp & Sardar,1521.2585800585844,114.35054599656685,13,1749.9596720517181,ebe94eeb98ef8f166aa0d0deb9a2eaa808d978980e60c162cb71fb529645b358
302,Westridge,Chow & Murray,1519.8591777629133,157.29495550492462,6,1834.4490887727625,8ae6b8c1f2a4949b473d799359a56deb3ca25e927bb3c7933cff86e6b1b3b899
303,Westlake,Garimella & Rana,1518.6639733196816,94.06205347151727,20,1706.7880802627162,810ca01f2085dd11a52833463f0c6be92391e03fa220813f7e71f894e5ee3467
304,Oakwood,Turk & Turk,1518.4767355541887,76.87453811654923,38,1672.2258117872873,d2737ccc2971021442c5d94606d12b8def84129c4b1823f016f36458f2d025a3
305,Interlake,Ramaswamy & Wu,1518.1980608953836,111.28395568617412,14,1740.7659722677317,331defc96b78a83a194d58f65f48723172578dcfa8aa2142fbdd5723317a8f19
306,Hawken,Kislyansky & Rotberg,1517.5063869637293,149.7435727286286,7,1816.9935324209864,b78b1ae3a36f5fba206c5f672b3245c4528aec1daba69b67a0b4f6e6b2649ecd
307,Northeast Atlantic Independent,Lock & Scheufele,1516.5371200509871,136.55926308960014,9,1789.6556462301874,2ea9a1aac1c4aa3d5dfa6f3d074c133fb3ea6fe6f3822f5b2f0bc7a2ed05d1a1
308,Mission San Jose,Pala & Sethuraman,1516.528009574846,130.2185538036804,9,1776.9651171822068,9d1c0b483200029c0b9b37a31100f3814e87ea8e1e9b2e52f15f3ee9da4c15b4
309,Jellyfish Independent,Wu & Zheng,1515.3455511326533,161.68802864552958,6,1838.7216084237125,de971db356a978a04207a905fe7c10874c6b6ea43d968968d0861346f83b5b4b
310,Equality Independent,Wu & Zheng,1514.787206442874,134.053777340653,9,1782.8947611241801,e138927b4a0c6783850701633799111d7205ddb1d2fbce7e9d89f71f024ee4b6
311,Ridge,Li & Olesnyckyj,1514.696011923614,87.99081942116932,31,1690.6776507659526,a5f87816e89e0d3238af3261894c5ce10ebb2f1bb1b82371b4813102124583b1
312,BASIS Independent McLean,Park & Rask,1514.397611860476,124.33831961403756,9,1763.0742510885511,50484d5d191a2a17f4303cccb566cdfde90fc249bc2199d9ffb052ed39254cb6
313,NS Independent,Wang & Ziv Petreanu,1514.0943426013328,156.7866043956561,7,1827.667551392645,8b4b7e95be3fa1a2e72ba8d754cdb722fb9485e04e4fca8727f3d459f4d8f5b2
314,Mountain Brook,Holden & Long,1511.6386873785166,77.46398810215315,38,1666.566663582823,a0ba82ca99fbb53f132f8f1f4d0fc73ca072633d2d7b3ca7248ac7abc38293a9
315,Golden State,Madhav & Rao,1511.3155559400216,141.81127873005465,8,1794.938113400131,eee6837dd27171e6b7768e686d88e4fd656f538c4ee28dd8fc3bee88566d66a4
316,Ivy,Ding & Lou,1510.7937752262014,132.45301923841265,10,1775.6998137030266,17f5a45a021f744baab8779bffb2d69ee3187380fbf399e1fb4d68c014a16f87
317,Browning,Rance & Regier,1510.4970033870163,109.16062103336306,15,1728.8182454537425,b69cb9642ce593ac2228c3aaaaf80ec6ee431fdd91dcdeed43474e6ce5dd7366
318,Palm Beach Independent,Mo & Parsi,1510.1572916120153,149.1495612454097,7,1808.4564141028347,3b74a1b914af3c0fbb32224d9ef1df290cbd208483c2d4d9b3e34959e3add903
319,Trinity,Wagner & Watts,1509.9952253694235,85.58614180385844,27,1681.1675089771404,f6f7b7d2d2b79fbb7ba2761664d783f69eb0e9fff8595a28359787470701578b
320,Brooks Debate Institute,Pala & Shah,1509.4885664313447,128.46042151215056,13,1766.4094094556458,89cc3739f785685f1a1af1c7c8d669181ea089b2534274c940eb0885d4e3ff55
321,Ridge,Bonda & Pyloore,1508.881683397753,97.57348975482147,19,1704.028662907396,c65d2d2d6060a3a66a2ec26fd8883a55056b2a6e3340083f4a639111513464f7
322,Brooks Debate Institute,Bhutoria & Sethuraman,1507.6519862645291,113.96868079245651,14,1735.5893478494422,3779070527a31c655505a890c3dc72dfa5dd2c27c646f7edb46ce1993cf247b1
323,Archbishop Mitty,Raisinghani & Yang,1507.1836503439185,81.237011377056,35,1669.6576730980305,28ac6ed8f895cce386f0a4b8c196b800c896f60743434b1eb945ca7d470d103a
324,Canyon Crest,Pandhi & Shi,1506.407866860511,140.70929305443292,8,1787.8264529693768,799055bc08f034687678ff134235a7884c6c5b8d336a4e9a3dbb8d42a9580586
325,Cambridge,Kuo & Wang,1505.4984564071694,129.55942024691475,8,1764.617296900999,37f9125a075f25517c16cfbf3b6f69c2bed526dd635997d898d6dca3dbb84765
326,Ransom Everglades,Duarte & Torres,1504.4764696413743,137.835624187412,7,1780.1477180161983,6c8bb90acbe1ddf55393e5cefca4daae40a37666287cf8b24aa3dfbea22a1b1b
327,Livingston,Nistala & Tripathi,1503.2278825647359,78.14570889649775,41,1659.5193003577313,8877e6446ac612020f9aea02dde8dfa526fdcb05cd405e9e299f2b2a98b0f9ff
328,American Heritage Palm Beach,Cohen & Rohit,1503.0855898920668,106.86109371512184,14,1716.8077773223104,18aa413a6b0fe44c279769d591067a6b5ed4dc5f2bd4ef24ebcbd7fee169fabe
329,Westridge,Khoury & Pan,1502.736245872877,83.7392464058237,28,1670.2147386845243,8c5e2249c6fa7e5e50aa3f12b051c8a3a9052dbf8a4c3338ef617b828102c7d1
330,McDowell,Deventhira-Raja & Shankar,1502.719143082344,72.74941393401792,46,1648.2179709503798,0e3490da0d91a548f11f415d121d045c395d8c26bb178225035ef9d8f8be4bb5
331,Irvine Independent,Hui & Sudhakar,1502.6534605634004,96.77539206004543,20,1696.2042446834912,80c66df416269959fb01e4db62e9482549a6586ed992e0d4d33cd7bcd0cee3e4
332,Ridge,Hira & Narang,1500.9386134538638,81.41677602632093,33,1663.7721655065056,ebdd44d7a7f747ab0fb295626ea6ff1073d620b2d192ddfec1388d260b5af652
333,Bridgewater Raritan,Marathe & Sankar,1499.8367541972739,132.20339543185554,8,1764.2435450609848,31d8076aea610a7111500b81b755da8a79bf9f034c65d30a8d37a4890499b475
334,Millburn,Chung & Tyagi,1499.7017988971415,81.51747578726912,34,1662.73675047168,6f280844c823c89ccb9c138f9b67d271d4932a0c2fc98eb8abec320b3f5d1fdb
335,Mountain Brook,Hyde & Rocque,1499.430648694423,145.58548397304892,7,1790.601616640521,856571992e457794d0a28e0973b8ebbfb19648184b7959adc88492765dba5d03
336,Cranbrook,Huang & Yang,1498.7863902160652,131.2357683556525,8,1761.2579269273701,8ba5c947e95b16cc8e77b9e7e85e6fc6564390e940f9f64ad0abafa86be82eb2
337,Lakeville North,Kosobud & Wells,1498.4390296975978,79.71617349830794,37,1657.8713766942137,49ca2f0a6e5b35cb268c0de812ac45779d5379dc82401f45e14ffc2efc56107c
338,Arizona Chandler Independent,Velicheti & Venkat,1495.8957520425733,100.50268165184241,19,1696.9011153462582,32247b2f9a5da7070bb7720bfaebcafec947bfc3295f5b39b53eb182867a60dd
339,National Debate Club (NDC),Chen & Zhao,1494.690228778579,134.69912493379766,8,1764.0884786461743,c8cfab66b0653ebf30252909a28a38c1535f386da0d37e7e6c8a1f2b8a943928
340,Milpitas,Sana & Xie,1494.5227737327123,70.25440761284761,70,1635.0315889584076,45e888e3be8cc7bb92c276e6555cc4923fe755879fcf65062c09161f935134bb
341,Bergen,Suh & Tucker,1494.415782813199,94.56683428069016,21,1683.5494513745793,eec60661905fdbdde7a4291c3ed33e23d93becf15948677a8a92bfecfa46f79c
342,Marist,Mastella & Mastella,1494.13348103996,149.03832273130033,7,1792.2101265025608,92ce5d41d94327c8e438024f14e4f5f094bf833b793b9c7c64ac4e4d91b0cf0b
343,Leland,Garg & Harsh,1493.9258135081386,131.88404255632219,8,1757.6938986207829,4f801c8cc97821ce7d36aad785d24796d1b68adc382aab3f745e0f4e94bc2f5a
344,Olympic Heights,Birken & Larkin,1493.914676863724,132.46998167088134,8,1758.8546402054867,4735af87ba4e0ee12035ba95c172dc1e73173eae341b1d1826e16f756d6f7657
345,Milpitas,Mathur & Zheng,1492.9674807421775,138.58219613251774,8,1770.131873007213,c8a55db0643f01d4a0efcc79d816bc4645349eb18fa83eee65423e9dd03a2247
346,BASIS Scottsdale,Arbit & Gupta,1492.9371087612735,97.83089423112932,20,1688.598897223532,a900db0159e65525ccbf183c61b1f8b428b8ae5ea8be09edfb2fa3381776e9cc
347,Bergen County Academies,Chung & Pak,1492.2825973876445,132.40925531635654,8,1757.1011080203575,2d07d25875dcd0f01dd6a7952bf08ae77cb7b7181155ae604a70a1d69a0abdec
348,Blake,Deng & Padmanabhan,1491.7895418012595,76.47401966623511,45,1644.7375811337297,96e497e24de2c31c0b53ecb4bacf69fca46bafd6e28e441cf177fbd8ab7ab333
349,Westlake,Mujeeb & Nguyen,1490.7828620365842,125.4244507126564,15,1741.631763461897,d7ac62d68f51c208457a18c9875661d3decaef77be13dd850f3717fd8b4fe914
350,Regis,Felipe & Marks,1490.4983187161852,137.86844354967334,8,1766.2352058155318,dc6c1ead4646d0cca822d625a18c91bb87e9bab5deb0457c8ee06df5c53d03ad
351,Leland,Iyer & Kumar,1490.4417438959,156.28625057442255,6,1803.014245044745,438fee4fe0f5e7d62e14bf596eab66862482ffc4fd56feabcfede9e86e8abd39
352,Vanguard Independent,Biju & Sisodiya,1489.1229514991512,112.65523227908116,12,1714.4334160573135,04aa16b3080cc68e53d919d6521a13e433fd3ada5a57387a602f68907492ea47
353,MSTW Independent,Marathe & Patel,1488.7713084435431,126.87872382359119,10,1742.5287560907254,86f35c594508d6014b67acd1bc4cb8a37ae9040487302afc37c44e110183fd38
354,Acton-Boxborough,Gollapudi & Sivasenthil,1488.5960959102738,71.12458252877319,60,1630.8452609678202,c4cf98f2dbc4e635c9f386e4c909f4834474cfb926ff1790ee3f94ada138e589
355,Interlake,Padwalkar & Ramaswamy,1488.2187563906327,148.59811834727864,7,1785.41499308519,0e241782190697d436820f1bcd62e5e1fabe3e86c1f9d0263e7f1e5061418542
356,Regis,Anderson & Keller,1487.7200935887765,116.09810025973611,13,1719.9162941082488,cbebb58815a9a2c3bd127598ffc4ae5eb8b299904542f699f263f3f48d2ae160
357,Vanguard Independent,Biju & Nukala,1486.7795564292135,140.0121074822341,7,1766.8037713936817,2fb5c6f65e35eecdfa681c80b05861827ad59fa210a3a90a26f2604f95ea1536
358,Cuttlefish Independent,Wu & Zheng,1486.5937687303508,141.4059669154729,8,1769.4057025612967,5223d1fa2d486700f36dadde516387b505f5e920ef29e2892fcbb581da0fd058
359,Mira Loma,Gundimeda & Singh,1485.7687764215564,77.563218185543,36,1640.8952127926423,fcab05951a9e64cd6d7a8c4b3d1efe7d8573806e98e615c3a984132834850516
360,Germantown Friends,Park & Xu,1485.7345780766684,85.21290661288107,25,1656.1603913024305,296a79d9f24cf96316a0ab970b7c9d653e7ca0fa3491c074f655f71f154498db
361,Pittsburgh Central Catholic,Hunt & Scott,1484.7938093725095,87.67436226508038,26,1660.1425339026703,9abcea46f553092eb529b49f15e42ea881020b607f0cdf103f733dcb482bf4e6
362,Westwood,Annamreddy & Guduru,1484.732026012149,69.84630833593928,57,1624.4246426840275,e871f5114d592b883945536ad281bab813a69a9b1283b0fa43429c8d5a1a028f
363,Southlake Carroll,Chelluri & Vishnukumar,1484.7016060219096,102.92097352041795,19,1690.5435530627456,616973ba2d94db0b9b60ffb658d5eb3fa3bf45302bff7570493ed229b737d348
364,Winston Churchill,Fan & Kella,1484.4144075876713,76.05896914905703,40,1636.5323458857854,8254823fcd7597658d80193a6275f3c2836cdd3bee31112877a12fdbdf1a452d
365,Riverside,Virmani & Virmani,1483.512587565013,95.10740447386604,22,1673.7273965127451,89ee99ad113496261e3b77fa8a82d38a538578fe7c0900cb23c1edc8629d83be
366,Bellevue,Shaikh & Zhou,1483.1304286664501,145.56574774798665,7,1774.2619241624234,b4540699f674ea43a70837ff6e304068397736e63ffd98c21df0d1b079a58113
367,Mountain House,Biju & Sisodiya,1482.8913238381174,111.85894681569022,14,1706.6092174694977,0851dd9a6903b074eb81d3afbc0121d5e94c3350fb17d87574bad422338dd2a3
368,Scarsdale,He & Wang,1481.7460340037787,71.44762617175485,51,1624.6412863472883,ac7bce8d4734ad6639eb9c478799ede02ff2ff503d5b62371be5e0ff16be9c58
369,Blue Ridge,Patel & Sun,1481.3944635849314,139.44267713270355,7,1760.2798178503385,f1ae201cefdc63782dfcff8a732eebb41f262516a8221ee440c444b9bce4f5f6
370,Canyon Crest,Asuri & Rupareliya,1481.0135882980362,107.17810990424259,14,1695.3698081065213,92e5a16fefe9e6f3d21e26fd2c8971901176cbfb44cf2c679ffcc53f34ff9bdc
371,St Mary's Hall,Ashwath & Bhakta,1480.7930122589974,97.17922866628486,20,1675.151469591567,25cb7a82b0437a07bb2cdbd94247bdad0325af48218eee37a76ce2cb911da833
372,Iowa City West,El-Fadil & Hamzeh,1479.18613306454,151.05902724724885,7,1781.3041875590377,de091d31fc84c4795c901c3e1be0e921e5da9ae0a7d473e86d83bd981c7159e8
373,Syosset,Li & Sahu,1478.3859688444802,120.97878262259522,13,1720.3435340896706,801600e601e083bb7141a129e137a13ae8e07578c29b38c3b780dac67a1a5638
374,Lambert Independent,Liu & Mukker,1477.597978119109,113.59375563056888,15,1704.7854893802469,4158d1190a49ee4a7f0589b22bc1ac77a017a16543e6b81ecc92652a3e261164
375,Avenues: The World,Jacques & Yi,1476.2809164109958,72.41292655749174,56,1621.1067695259794,5bf649d6ba6376d409e829d3960367646cd0ddb098a33771242594b3c8eabe60
376,Newton South,Choudhury & Yee,1476.166783613378,95.49098487155469,22,1667.1487533564873,ddf4e6b18f3947f474eb15f262bffcc3edfc10ba56464123764c2ee0d76fc669
377,Montville,Gokaraju & Gontla,1476.1296991811632,85.0059857898423,28,1646.1416707608478,a8ea8f18ac631b70b039d513260eb4882bf8f1be55e2ff9a382b14addbce80cf
378,Olympia,Meyers & Patel,1474.6710147483916,97.6163480980389,19,1669.9037109444694,f1e5fca663363e1a9527174f48b20c9172939f2019635899719861978f3290db
379,Bronx Science,Appelbaum & Moy,1474.333776258296,77.30198676864285,39,1628.9377497955818,ea5a812ab7a8965fbf003c94dc6dc0cd48b7ef94cf051b95774af0203f1cf91a
380,Monte Vista,Hanif & Lake,1474.2499260833347,138.95508597197963,8,1752.160098027294,0c0fa83bbd6ab113d6beca4317842d003e04d77f21e35ffe8489c357bd4e09c5
381,Westlake,Dunn & Nguyen,1474.107962131603,111.92536612400575,14,1697.9586943796146,6bc99f6842252282361d83b3900d29b7472e8674ea336d45d6012016654f2117
382,Watertown,McIntosh & Zebroski,1473.111199032423,152.05191667336044,7,1777.2150323791438,f416d6fb6b7d23e9125d17fe85f5f9624f1abc28e8ccd8a952195ed7038dc449
383,Kinkaid,Cai & Mei,1472.4089296981997,81.86154814669624,30,1636.1320259915922,097a23108863506e77afb93b2bdf06173c63449f1cb0d5cd105a6209aa27ab2c
384,Brother Rice,Barbat & Juncaj,1471.8547887418356,86.89339789834801,27,1645.6415845385316,6af7762e8b8e49129bf6a74b31fe3df3038b73d1e06056a8412f7e4d7eb616f3
385,CR North,Mattoo & Sarangi,1471.6034318763018,151.47704053033692,7,1774.5575129369756,e74230fadcb2c4c35e20a0b80a6eb0b2047185a2d44925764d04137713169864
386,VDA - Vancouver,Guo & Zheng,1470.9827879091126,137.36570768210197,7,1745.7142032733166,508e0fa746bf7b885918519f720c9aaf7bca925454e8f506e22a2ed89fd7c31e
387,Newton South,Lu & Song,1470.5693831298245,95.330830427569,20,1661.2310439849625,d3e898e3e24638875bbd266d5b91a3531124335668368e7d368667d1f179e8e5
388,BASIS Peoria Independent,Cho & Kusurkar,1470.5575479811405,105.19484729439786,14,1680.9472425699362,e0f32eadbc995a4b8374f78651b683ff0219c7df177c998ee4a59feb9ce69fb8
389,Browning,Brodlieb & Sadowski,1470.238510728653,77.1435143812672,34,1624.5255394911874,c08d84ab768cdfec06b9a78b55286024e38585f085b7e58111ec9cc669308256
390,Los Osos,Figueroa & Wang,1469.8274361395706,159.0909933521901,7,1788.009422843951,8eafd25962b0183cb3a9593b753fc33442109888210ea7d76631c6a46f2beaab
391,CR North,Peng & Rozinsky,1469.2485334544122,94.82540974238381,19,1658.8993529391798,1a9ecd5e197b00fbf561bf4ec2a801dd8dc5b203aa1771b8ae20cc856040034c
392,Theodore Roosevelt,Baruri & Hollis,1468.2610647534807,76.13860090452997,40,1620.5382665625407,2d17f604bfa5cd65361ce3a0125a24be0ecce5eb2c910416f70b59b800599c5c
393,Nueva,Cedar & Cofino,1467.417108462831,77.74678198333993,43,1622.910672429511,d5417caadb0177c68f0aec02af7c1f4b7655a277c3a7c50830f9d9ca8376503f
394,Summit,Mudgal & Tham,1467.3927867484294,76.14743751524175,40,1619.687661778913,5616de674796c68123c8fdefbf8a2b36be4c0bb1eb5c8fb924c8c261d857c4f9
395,Newton South,Wang & Xiao,1467.3487927503206,94.46002220842107,20,1656.2688371671627,a230fc74219efc6b413c7a529759b35f266d4183c63425c52d25e3f6923b8886
396,Bronx Science,Muñoz & Namgyal,1466.9587567518665,80.58340815724729,32,1628.125573066361,0152d2e1421555eef87532c9b013f732d3d57223ff927337f17f0bfc582f3f85
397,Cranbrook,Dong & Yang,1466.8933555732228,117.40050673738182,14,1701.6943690479866,88ddd175e8fba08d39d690a2214fb85696b4ab1df2dce8439ed79d6661a7d5bc
398,Magnolia,Choubey & Shah,1465.7630128642372,93.60801189058915,21,1652.9790366454156,341c89007d963e534b4910dbd62ab74d2dc90e5525be115e9f04cd923b6977e0
399,Interlake,Rajesh & Yoon,1464.1337718331743,147.0865503900302,6,1758.3068726132346,899173f2815ecdf1d377b77686334abc2ae3f4fbed6f616aa975bad6f8322364
400,Los Altos,Malhotra & Wang,1464.0612430413944,109.21551052509481,15,1682.492264091584,19295e7847a1db64e44867b403030ab48cec4e94da7ed7333636e7f4a30ca345
401,BASIS Chandler,Annapureddy & Yelamanchili,1463.8630860835005,124.8479423489474,12,1713.5589707813954,0c3f5e4648258bb7224e8e56c46b620ef0b66bf30415215e755901f1d653866a
402,Milpitas,Damaraju & Nguyen,1463.5743122337676,71.03281657060805,58,1605.6399453749837,40dc169c37dd0a95216ea43af6c840db3f2bb0a010aacb2de73d4f73d76ac1b4
403,Newton South,Liang & Pang,1462.41757496555,97.5458418757332,19,1657.5092587170166,d692d3b843dfb84dbcfce76774dab063b29e6775d35a9aaf09c601c08416293e
404,Evergreen Valley,Corbu & Zhang,1462.3124473532305,91.77664154163445,26,1645.8657304364995,0c3b0b42ff652d24d60998b19d5cac01b8bd5af08ad179bcae50fda9bddf89d1
405,NAVI,Han & Kabatas,1462.0945323413116,138.85583694095973,8,1739.8062062232311,04507d588e606b5be6b865625096b3f99c9a9a8ff26338bddfc79b8aa6f899b7
406,Strake Jesuit College Prep,Rico & Somers,1461.3586088926058,139.43379945080062,8,1740.226207794207,c05a185b92258830db7c09c5081b6af3b4220d39df925e83a70775ea5c37119e
407,Brookings,Bartlett & Dwomoh,1461.1209185523232,154.5616940610856,7,1770.2443066744945,e75c7003c1a27a253db45c6b7855b7ab5e30a2edec81380180f08de4de329a64
408,Dreyfoos Arts,McDowell & Mo,1460.3489199111668,136.89564490231314,10,1734.1402097157932,8441d72df12c10c9310e7d2cc96cf316082edae9be37de3e7ca58c93f069a748
409,Dougherty Valley,Jamal & Santorsiero,1460.0741208104498,153.28031048400223,6,1766.6347417784543,53ade77534cee9e6d6bfd10b9a374e825626351143205d4c9cfe904b3ed87bbe
410,CR North,Kulshrestha & Ye,1460.0409480366786,80.48432971362122,37,1621.0096074639212,9cc9e80df50967b96e0c19a0f72be8f2d09ecebc9b2edd301541c5d7ff11d6a7
411,Vel Phillips Memorial,Lankella & Riley,1459.6362649536763,97.12207058171875,19,1653.8804061171138,b46ea03717b05c0813d5684ed844e68485d659566a846242a59b9a39b1af79b5
412,Ardrey Kell,Sureneni & Venkatachalam,1459.616460018537,82.9145838601424,32,1625.445627738822,b11becd1f100ebcacc5b8030f9d29b9823fc6f2a9b6277a0141cb8edaa697d6d
413,Harbinger,Wang & Xi,1459.335646348666,109.57704896323105,15,1678.489744275128,37b01ef282cd7f9198c6617bcced42fa28532125237fd2f604ba00bfb48b162d
414,Horace Mann,Wang & Yao,1459.1992825260668,144.09156429490983,7,1747.3824111158865,852ce1c87813aa0ecb6e01995f27d4703be14caf2fb2971da8d06a061ac4b81a
415,Archbishop Mitty,Daniher & Huang,1459.1569285698006,102.4133204093122,18,1663.983569388425,33b61a11930e2c86d6b280b23435ed3920e9756b3e9ca9c4b4111f2853726ff6
416,Potomac,Fan & Kella,1457.9336992342792,144.74553806195897,8,1747.4247753581972,d872da79ff6dae03a6d47c2600613f4acdb8fad9a9572043fc6bf4296a9f94b9
417,Harker,Petrova & Yuan,1457.5755558234157,152.11288244746308,6,1761.801320718342,b7267bd6d511526f2e89f84173928f50eb721c4707476ffa7febbb1c0292ad3b
418,Mira Loma,Gargas & Kate,1457.5383931721806,101.2579618969911,19,1660.0543169661628,0dfb5e0dc6702176a772ef8fed366ad7ba53bd2dd45489ceffb817d24f603995
419,Strake Jesuit College Prep,Hadi & Ngo,1456.9134602450467,139.8846588552994,8,1736.6827779556456,338e77e2e3b8a193ee772e0c1b6c71eacc188d366e9261c7024fd50dd1540cc7
420,Interlake,Qiu & Yang,1456.8231885946504,120.81569446531758,15,1698.4545775252857,c900b4fb81cc0aa124d31169cc07269a915d8fe1e06c2ab8bfa942ce926df9af
421,Garnet Valley,Rux & Sridhar,1455.3630055432882,115.72168038046107,13,1686.8063663042103,1b75bdd8d361f10b5ffaeab09713d69d72c10f68a31d272f1f512958c3d036f7
422,Harbinger,Pan & Xi,1455.102090033482,124.65081632256545,12,1704.403722678613,2ad4397c07908dc4161a22bfee9626305413cd331b9cd79269a91d36502a3a96
423,Gunn,Hayes & Kabe,1453.901284654687,118.91437605436846,13,1691.7300367634239,06e88a58fb8ec623287e84a86defdc581a6949c7e7a1e40144cdc4ffbf5b33b7
424,Honor,Bang & Park,1453.4632238845222,108.32945593225722,14,1670.1221357490367,c2f8e4fa30cc291bdeb55f35ffaced52c3eca97cd1ee3997fba14d0c3efb2c93
425,Livingston,Ganesh & Govindsamy,1453.2709214145352,110.25284133067095,15,1673.7766040758772,4637d696669a46bb0cb5449804cd468e82d414f765ad0ebf588407c9c07f5001
426,Hanover,Benedict & Marotti,1452.7726461359416,153.9992027118403,7,1760.7710515596223,15702a2e5d78f74463d6f9bdf786f2ed0fe2cd61ca5afb39365f940cdbc1b983
427,Argument Institute,Gundimeda & Meng,1452.5710549896064,149.2166959991874,7,1751.0044469879813,610b62aea477ccfe3cfc27f3981485a6134544e5da51046bc4d3c4c7620a02f9
428,Harker,Miduthuri & Yuan,1451.9948839315125,100.3353748636558,20,1652.6656336588242,66cd98b59ad35ca9580847b3735ff2478c6b800ad2a53b826657109829e68400
429,Newton South,Lanciloti & Lin,1451.1512462252342,150.73419457195084,6,1752.619635369136,52484e8c9e6f67f10aaab8b601823bd8e50ebdfc6147c4536ee61cab75c34a25
430,Strake Jesuit College Prep,Donovan & Kyle,1451.024228784143,72.17576818901364,53,1595.3757651621702,be1a58d05647767e0d3c74e6588b06681185e6e348ba385939f22355a6128546
431,Madison West,Benish & Bernstein,1450.7040928703768,97.5363134969584,20,1645.7767198642937,bf9271ac214ba729bc140643c11087a2ebed16d098b1b5d51f8142aa1fc5f7a3
432,Millburn,Dholakia & Huang,1449.1729021279564,87.41869721615303,25,1624.0102965602625,b45eb9302641cc3b2f8fa3ad7b70a1d61242cf88ced06d65cb3a569584822b5e
433,Arizona College Prep,Velicheti & Venkat,1448.7059175672173,115.10098369196382,14,1678.907884951145,aab959543e76b767040a8cdd8261f9284cb119f8117d802158c77dea582a25c7
434,Castro Valley,Garg & Hughes,1448.6152286233023,78.36202282771306,37,1605.3392742787285,0dcfaa942b4ca3ff8e2e7e17daf52885da09d84d9b3070872fe219a04c7befbd
435,Byram Hills,Bobra & Tardieu,1448.3237681820879,89.27730778216988,24,1626.8783837464277,17e42fd557a15cc2f52df5061ae03d0c4aded10198fe3ba5507aa27699c09202
436,Westwood,Nagulapally & Yang,1447.8392233153781,100.72048009530523,18,1649.2801835059886,d0ebfff5cd096be89b98e35df085a93151724dfec7ea7a31349a5a493680f0db
437,NS Independent,Lu & Song,1447.506796766762,145.42413464326907,8,1738.3550660533,0491117e6cde8eff57bda9952539ab702b1fc3c5a46c31eda3c18f1bebcb8872
438,Northeast Atlantic Independent,Liang & Pang,1447.270527592651,116.75529205883373,13,1680.7811117103183,7e1c872aa7c20c8ad7aeec0248c09d0a6643c55694cd54d5e4bc6258169617ea
439,Northwood,Hui & Sudhakar,1446.4266339771118,143.945561955896,8,1734.3177578889038,3ef2eb0cc7fd4496f5054fa43a349baab9352558067001d69744e1b89682883f
440,Hunter,Chisholm & Deng,1446.164119010462,73.48855873489752,44,1593.141236480257,6c575523fdbec4451e0ef3373df310c228f53d9b0443df5b77d6238b9a6d29c2
441,Seven Lakes,Otieno & Tran,1445.9123595776646,96.67749217749946,21,1639.2673439326636,71d32e7f8ccec360544efdd5cd3f1b3e01e05f1255ea62fd6af1928605ca40e4
442,Olympia,Cumberbatch & Parikh,1445.5673570030692,86.37394736522525,27,1618.3152517335197,22557655363d409178b680349158543f8fcc561147b311f821a3abd298757c17
443,Horace Mann,Shah & Venkateswaran,1445.1884146061286,93.86646771074048,19,1632.9213500276096,57d44c1dee3a6ca70874d28fbbc12d333c65c1fb7223a9546f4fcfd2da6a8009
444,Richard Montgomery,Chung & Yu,1444.896380262094,74.50093054827325,48,1593.8982413586405,c95ec46e272087601e48eb9c0009a7de7af5834ad0d1741e3ce70650e10e135a
445,Charlotte Latin,Berman & Gaddam,1444.1661887521243,162.11384030269014,6,1768.3938693575046,72350bf979ff9476631fd4526ef51578be06303d550bb0359f5fd2647f874ed1
446,Palm Harbor,Gupta & Popuri,1444.1049498533325,81.58280656505133,31,1607.2705629834352,d9e2c00740187adec51656f456081da2fe0d76725a10c3643fe995fdaf2563fa
447,National Debate Club (NDC),Ramaswamy & Wu,1442.450267479336,126.71536521235078,13,1695.8809979040375,48ba4d04169a2d51ecb46135cbd31e10d78eef4c7aec71b115fd34c4b5d31c83
448,Strake Jesuit College Prep,Davis & Srinivas,1441.9051250619098,103.56244637423723,18,1649.0300178103842,233f73f103c18f0494070ff5eff28aa24bd0735ae326bcd54eb924d7961df38b
449,BASIS Peoria Independent,Kusurkar & Moon,1441.5857222207178,143.31738836158456,8,1728.220498943887,9f9ab2ced15486b4db49a3f84b0428c66f4bea0126ccb6f65d93fcee96a01359
450,Taipei American,Isogai & Raft,1440.9582052791463,141.67602783904792,7,1724.3102609572422,eb91055e4373f7fcbd71c6a817bbcad1d3125d51f5084c17cbf29ce2b04678bd
451,Brooklyn Technical,Kakumanu & Urban,1440.541100974254,90.73098939255415,24,1622.0030797593624,92d400602cfb0790700fcc7fad05c0af3500d15154f66253fd1260df2ece44d2
452,Arizona Chandler Independent,Avadhani & Duggirala,1438.8036991034974,112.71234698834166,14,1664.2283930801807,c164a7191ecdc757bfe17f922b4fcaea6548a1f8c08bf77d9bb28f548f2541b7
453,Princeton Independent,Huang & Sama,1438.5652072305124,141.9468831965774,8,1722.4589736236674,82cc591a3a1c6a534dcf8bb8f4a77ede1f6dfe19fcfe4afa6581ed385c2d206a
454,Pacific Blue Prep,Bie & Zhang,1437.071726069321,137.9582208598141,8,1712.988167788949,d7f038ca8c0c031524175e1fbe00ad5538e6b94737aa23b4c4fbaa03d595572b
455,Potomac,Bernhoft & Yatskar,1436.6159329842915,97.65814873754282,20,1631.932230459377,863ea63eefd513c5bb5afaec69a8e7ac4590390c380a6a7e80f82d8627ca5459
456,Acton-Boxborough,Li & Liu,1436.4222415304216,148.23669337316377,7,1732.8956282767492,68ed2e6bb18003da855ceb8fc21ca2649f6d9bd650c1a81c464afb1da0dd575c
457,Palo Verde,Vittorio & Zhong,1436.2005024818181,76.10943318151033,38,1588.4193688448388,8afa8d94da1a11b5803aeca034f99fe446edfe73eaf752a1c524b13d71728dd2
458,Nueva,Hui & Yi,1435.8094913545274,146.19295716182157,7,1728.1954056781706,e169279ec6382b9cdfc137ed24eb17c21332b9fd8b93d34416b2b36a49fe4814
459,Acton-Boxborough,Senani & Vatsa,1434.1055386044288,73.27204288342811,50,1580.649624371285,fdfee088152d86a5513ff9ad80defd33f3c0823aff3765e04d7aec658b78e4f5
460,Folsom Independent,Kolli & Yarlagadda,1431.111422010214,140.99868035242258,8,1713.1087827150593,352d61b6a499ba1f48881804828fdbd35aef798d291bc62291d5b0c7531c4eb0
461,Newton South,Jeong & Mohan,1430.9822274789449,119.53438074056999,14,1670.0509889600849,0317254abf4cbfd732ce6725ffeb959019ebc20294688065143c71b09eba4ac4
462,Trinity,Achuthan & Spitzer,1430.3587895714863,118.0411448062784,13,1666.441079184043,6683f1aea52483fb50a7ec0a1fabcfdfd357e70481819c5c60387da5f8bc5e2d
463,American Heritage Palm Beach,Cohen & Dahabra,1430.125464159309,135.22651258755894,7,1700.578489334427,d7313e06c0beab4e7df44f58e256868ed74ed453c537ce0256bca2350070045d
464,Newton South,Shraytah & Ziv Petreanu,1429.6583296257925,112.43430959847458,14,1654.5269488227416,1cd19a052b87d909f7febb0187f7d8a84b99dd49a2b428b651d6e49c54b02c5f
465,Langley,Killian & Shi,1429.3427749001075,89.81490371114704,25,1608.9725823224016,fc6db7421a03aeaab4b22c74aa65969cd96776ee0a4909a3766fff610df40624
466,Honor,Bidani & Sethi,1429.3216432726767,143.44690138522597,8,1716.2154460431286,29b776dc490acbd504ea2b15c5a8c279b1da48d09244e436501d639939578872
467,Mountain View,Chintamaneni & Singh,1428.9758614024977,143.92645961078605,8,1716.8287806240699,40276c70cea6f4c0a04e36b0ef98458adf3889fa913325ae7a435b3bcd0e0347
468,Horace Mann,Subramanian & Sun,1428.357002569674,161.40486040592427,6,1751.1667233815226,8dbec32b46b210705addeff69269f3f0b0c3efb65e0889f47b0781425f4e3781
469,Cambridge,Lee & Shen,1428.3556501670923,97.80128712984343,21,1623.9582244267792,f48262b1384ff6cd6123e14d8837a8cf0e75934d72ab02641ad5fff6a15e3f41
470,Ivy Bridge,Kalra & Leger,1428.2054940838455,121.84869894888678,13,1671.902891981619,66c9ca77dd39fb5925c2b45a141d1ff25de0caaeeb2670fa3d3981b35edb9ae5
471,Leland,Bansal & Manral,1427.7920248471924,94.0657752908434,25,1615.923575428879,6d495fc397e05903eae5cf573534561017fe3d3756dc10d84a87aa22b632811b
472,Titan Independent,Mo & She,1427.1901354265008,146.29350853851744,7,1719.7771525035357,df7827ef852f0907d42572381157cb60cb3f265ed65862908088a42c99126bf3
473,Harker,Bawa & Cao,1426.523767720221,145.19711123580137,8,1716.9179901918237,939a8e7dc9b0ebbcd00e2871c50bf9d9c4e98541a23ddcd54edc76fcbdd48249
474,Carrollton,Berg & Stuart,1426.1327184137617,120.17387209841516,12,1666.480462610592,01011802767cf377b57eaf3374a2e67f9c8666c890392b482272c0c62251cdbc
475,Fairmont Prep,Milik & Seth,1425.9399864062204,86.31377783892974,34,1598.5675420840798,dddbeef4c422383e27a3aabf0a3379acf98bde141ca1d92d1dde958dbb8af1f4
476,Harbinger,Li & Wang,1425.9195433179066,97.00353385643359,20,1619.9266110307738,e7086d404df67209e84bc72ec62552ee5fa1fe1cda51d4a0a278c298f9409030
477,Chaska,Brothers & Nesvold,1424.1688747610553,111.93618026394451,13,1648.0412352889443,40ffbb0119a4823750aac8169d4440242bd017a6525522c4c458f0aeae5bb873
478,Mission San Jose,Bhutoria & Sethuraman,1423.9061746174352,118.9378101418451,13,1661.7817949011255,520d762d71d7a9932aa3abebb2e631dcc68130e7bf272c369cdb13c03d110f1b
479,Ivy,Sirdeshmukh & Wang,1423.4107716170604,155.15543423331022,7,1733.7216400836808,f79b7fb82cfb0b10123de498cf75cb1c2b8c413c7ca90e9e33716131f2160e85
480,Strake Jesuit College Prep,Hill & Segraves,1422.9825327895476,98.72788213656929,19,1620.4382970626862,11e71c267b23b3e6e9cc34de017d898ec3bbcf6d41f34fef863fd7852cedddf0
481,Lawrenceville,Agarwal & Vattipulusu,1422.4794336063428,100.28387671084141,20,1623.0471870280257,d57a8a8f2355877643412393e6562d9520a1879d020ff94b2a142c9ef4e67ecc
482,James Logan,Kaur & Samim,1422.410723537557,81.78013051460252,33,1585.9709845667621,1c8b13650fb3795a0085e71b162620fd0e107e135f7a81fcaeaeb52ee293a6f9
483,BASIS Phoenix,Mishra & Sudhakar,1422.1524806169105,75.28765351862664,44,1572.7277876541636,6164bf387b0daabf8fae3c8d682cf0fbfae7541f888ce86bb5102d02a2dba25b
484,Arizona College Prep,Zahid & Zhang,1421.784427753462,124.47637489803137,13,1670.7371775495249,62e2e9cb1ff0249a1baf7a86d090fd8bb3fdb7862b310c77195f8679a50e1f4c
485,Montville,Wang & Zhang,1421.713352447418,150.28157708248105,7,1722.27650661238,ad39ae280dead87016a00e17f6ed54821449e3e3ee1b99af1d31381d3c14727f
486,West Windsor Plainsboro South,Goel & Jindal,1421.4299448924378,114.30628983326551,13,1650.0425245589688,6ad4920c57bf8891dd375eaa38bb54a47c8a4a88c51b2ab36dfba0ee48c5418e
487,Bellaire,Khadse & Korampally,1421.0013241230415,149.10485757636158,6,1719.2110392757647,fc3410a54d3e1d2bd0b15c6646a0ac90da44c4defb359642e017ce17389f9db9
488,Cherry Hill HS East,Huynh & Ren,1420.6147667090788,139.14001963078348,8,1698.8948059706458,4f1116ca4800a52acb3986a75296fa7a3c9f2683bf7e2b1a51d87e4e63c3d469
489,Seven Lakes,Jackson & Wu,1419.705960446968,104.52100615101729,18,1628.7479727490027,f49b7d6952ce819aa696aeb489833ab59598ceeaeb63287e00d7000716b55460
490,Brentwood,Chou & Marassa,1418.7592934061465,135.13408208359684,8,1689.0274575733401,e87a344edafe1b260d188d5efb8683c5567e451e012734efedfa314ae40f2fa2
491,MSTW Independent,Krish & Shah,1418.3592409570217,114.75271311047048,15,1647.8646671779627,e20dd1f5f58763135b9ead39b750b23cf8a1d818d0d849e722261aa09df0bcd5
492,Durham,Rudolph & Swaminathan,1418.3345253841162,135.0909074802536,7,1688.5163403446234,0a8edc1dacf34db848b596a0717133f8eb0f7327d91bb0e9231243cca430a743
493,Fairmont Prep,Cho & Milik,1418.2463199068193,158.78069268776648,6,1735.8077052823521,b9897bbe510b1ae876c1a9a4d341a5250dae296a4779ce3dd3e7ee3a8e20f179
494,NS Independent,Subramanian & Wang,1418.1971136207214,107.90327654793809,14,1634.0036667165975,8a00330884e9f39541f3b1e91a12bda8ad23687ac61f208943a701e01603afcf
495,Lynbrook,Loonawat & Patel,1417.9105811231254,98.9772830436431,20,1615.8651472104116,0f689e49d4760d0ee7a54d1f0ac5376c3e18265b6d7c5edc1b6704e719d88bf5
496,University,Anwar & Samuels,1417.8130754838974,88.87946892704811,26,1595.5720133379937,06149e6c743ca6d0f6fd899396843adeae9b13efe8687c555b74c69be45f08dd
497,Lexington,Kasi & Roy,1417.2550885275664,81.84352720287775,32,1580.942142933322,cc0243ab3274bc731526afdf93ffde911f20929f23df74e1138c1292bf424e97
498,Park City,Dildy & Minter,1416.9620075577548,144.55865599442382,7,1706.0793195466024,c73fb4fdc0142a0c75f6de007d4eabb82bcbed080d88be53fc490b2116a0e7be
499,Thomas Jefferson HSST,Chu & Cui,1416.6868178544573,90.7293318556211,25,1598.1454815656996,c2e3a1d368ca0db5942ba1bcb1549afa975f6ab38f653807b466fa010ada1e24
500,Jasper,Mower & Yang,1415.9127788719525,99.77518510711434,20,1615.4631490861811,2b32338d4a2e87ca5e21ea747ebae012ef136f63606bd41da1daabddfee6631c
501,NS Independent,Brown & Telio,1415.5790847667668,142.15032590016796,7,1699.8797365671026,6704c2d30e2f926184239a230603409bd1e42b53f2ff93b95b80f2d9574f5046
502,Archbishop Mitty,Nair & Venkatraman,1415.5518718241428,84.23174132426887,29,1584.0153544726807,2aaf6aa96f7c82a8d675d62c18a28aa7652893136a18b57a7a0057b4ddf43972
503,Fairmont Prep,Harrison & Teng,1414.983332224474,100.92821311343901,19,1616.839758451352,5383290495aca2e535ad47e53761a47426e6718f106fa1e65d86e371886940d3
504,Oxbridge,Di Leo & Vining,1414.7918146595093,93.43980521831867,19,1601.6714250961465,4282550884b3c121ba35e3a2cf4b191937d5a31a3a0fa90cf2341fcd3c132a17
505,Durham,Estigarribia & Knowles,1414.190380124996,158.33576982495558,6,1730.8619197749072,7ddbda4a8e8950baacc519432421934b95e1420964bfadd6ff5693d618cd1089
506,Hawken,Honda & Kislyansky,1413.6776015735263,92.9744692603608,25,1599.626540094248,b66d9886ba1259a1550c90ab70704fa8ef6ebf7d4e3ad644fbcd249e256d19c0
507,Plano West,Bhakkad & Mahmud,1413.1478750052538,147.25961307284751,8,1707.6671011509488,54453f84effe8f62aa91fa03486f0888f6bc276ecc1f29cf0f9db42491c322d9
508,Canyon Crest,Hu & Kong,1412.7841427735211,101.3794974181005,18,1615.5431376097222,25bc7806a6feeef3d0cae4731354a48b35b34cae626b381f89aa0311a1bc36d6
509,Berkeley Lake,Gao & Zhang,1411.763321261523,145.12254771784094,8,1702.008416697205,5610f6913ef7d8e1d6548f572177a829e171a5b1ba174564f88ed7dbc465ef4c
510,Horace Mann,Krikorian & Venkateswaran,1411.7022718425194,100.36138380357671,20,1612.4250394496728,b60762417f678cf1a8c84d27e8aa4337b81df1726913a5cd280f505132b42df4
511,National Debate Club (NDC),Dandekar & Iyengar,1411.5383738019868,89.67126491036015,26,1590.8809036227071,d28acad18017988fe9940a48ccb79695b84720f340ad283323aac7710d76be06
512,Lynbrook,Saharoy & Shrivastava,1410.4864533298994,114.43053816837894,14,1639.3475296666572,1ff0227c0a266ca0e2128475ee87bcb50b9c8d3fae876cb12e1c7955fea4aad9
513,North Atlanta,Hashim & Yoo,1410.1770818234065,157.54475480854475,7,1725.266591440496,f1b332ae1bf844ee68d197bd9bf0a7db62afe93eacf9335be8c4afd9c74db917
514,West Windsor Plainsboro South,Katyal & Wang,1408.0396625359006,112.92806531552337,13,1633.8957931669472,ba4b4f8bcd407c25ffafe695189ffbea1687cd9134bb9d9ddab6c4daec700d3d
515,University,Chan & Wazni,1408.0361270624242,113.90064016415985,13,1635.837407390744,7584d02f0451cd666b532b41d80f46f255eb1244d9be53a1d22e429d89dc9ac3
516,Cougar Independent,Balakrishnan & Pasumarthi,1407.1534408832426,137.83062826405666,8,1682.8146974113558,9dee3bdf2371d37b652827cb190804f0a441b31fdf272850deca98f993221e7c
517,Central,Hanes & Pirok,1406.6418078220775,109.84479373367101,15,1626.3313952894196,23cf099438770bcf1e6066d7aa98fdef687565c10191b0980a4f693bde84f81d
518,Bronx Science,Birman & Koo,1405.696572997271,83.07761531303952,34,1571.85180362335,f94ae26daa98c3edf84734374fd64b07ae2cf74da0e5b7cead0abb2170b44d5b
519,Maret,Russo & Thakkar,1405.4780289822825,148.58704829785603,7,1702.6521255779944,a272cb35a15b92b2dc504a65e55d90b69c5215262ec3eb84072a393621eae700
520,Miramonte,Agarwal & Thaler,1405.1058290994797,144.96822523793216,7,1695.042279575344,d7d035b4590fda39308c6f6d6ecef9c781345b49e813cfaeae8968c95baa6f3e
521,Bridgewater Raritan,Dham & Sankar,1403.2882590231216,112.45803925225286,13,1628.2043375276273,a6fe1b4fa176ff6bd9ca5b97c6ab6bfc9d047446f91d54a42933d7887ce57a18
522,Trinity Prep,Paul & Paul,1403.2773671581713,110.4286691670333,15,1624.1347054922378,63678e8d2c227d550d0cd95d25ea206a46367e7604350c3c96e3fb04ad841380
523,Summit,Davies & Liang,1403.0418406932538,78.68102434783147,39,1560.4038893889167,d23af3e8d632af3472e83b1cf9be92e7781e47887d3c92d3d8f8371360fd5af0
524,Leland,Dung & Yin,1402.9776866924265,103.76518641998223,18,1610.508059532391,79c9e426b94fcd085ebc5e23545a8844585b86040d8f228928c349bdb33e84fd
525,Bridgewater Raritan,Fomin & Shetty,1402.9775751335876,141.66709028233686,7,1686.3117556982613,423c8f826dca684d05332cc35e32d18565da59d456b67f11115c1856ccf3ddf5
526,Westridge,Murray & Whitaker,1402.7945041805376,118.04540427617157,14,1638.8853127328807,b17345e60c3525f2cf9ed8b5ae26fb8de6322f5f6ee0710fe7e80d6a8921ede1
527,Lexington,Ma & Zhao,1401.4389949219749,145.50208379478315,7,1692.4431625115412,571335da388f0588dd7c3e5d7056ea119feac8dfc190c65183dbb180765e72ed
528,Upper St Clair,Chandran & Kamat,1400.152271824583,156.24607767056708,6,1712.6444271657172,779d86359daf06fb293b2303347b738a4348994c1027f50fea504edb2a832922
529,Chattahoochee,Kang & Shin,1399.7678608383546,162.50826765883372,6,1724.784396156022,bd344eb33a255c9520e7bae1544e40b545dcac6078ea7e9fbecf7882af02d878
530,Durham,Estigarribia & Spitzer,1398.170671699813,142.66689378550345,7,1683.50445927082,5295894ca14b6164ce523a7e45eda6a5d1f0b300efd7f7f8fdcf2765f7dbd4f3
531,Westview,Gupta & Indlamuri,1398.1535456061101,147.15629350437172,7,1692.4661326148537,79dfb48d97bb072dd5febfe4e82320f8fc27bd511eda5af8a90d4c5a891245ea
532,Newton S,Choudhury & Yee,1397.5533863430721,150.37666255029913,7,1698.3067114436703,308b1e649a4def533097e0e2bd2ffa09c5668a480843f45fe79d51cc20feff8f
533,Strake Jesuit College Prep,Harpavat & Kirichenko,1396.9958557837138,157.9530092560917,7,1712.9018742958972,9bf3a9461120383ca195c084aa911045a3a890de649705b5ccbf95f5451fbec8
534,Bonita Vista,Blanco Flores & Hoffman,1396.7338496279453,143.37789855554317,8,1683.4896467390317,2a7053237ab722228b713ba5198fce8b2b41ed3fb058686dab0d1d321af31fd3
535,Mira Loma,Ambalam Jagadish & Singhai,1396.5989921216542,95.4175229177875,21,1587.4340379572293,777b12a4de24b02059de928db44ecb5cef84330c83ad2ef6fed158de1fc817e1
536,Milton Acad,Lara McCannon & Wan,1396.3635474459707,131.80166553779992,8,1659.9668785215706,a5bf6e648b6e6f249b7576150d77cdbd7bf673c22cba3cefed099f400ed9ada7
537,St John's,Hu & Shaitelman,1395.2450782723508,123.89223603102042,12,1643.0295503343916,57f8db020f848de5b0cd2744da144032b1dcf6531177c2204dd41282ed71d910
538,Lake Highland Prep,Armoghan & Sant,1395.1773399452989,118.66896281978411,12,1632.5152655848672,45bbf9c8dcefae2e901b79c9a86a1ca7f7ec0ed994846c0a5f08ee4c1bc15a47
539,American Heritage Broward,Matos & Sasson,1395.1123822323843,106.89443065655244,14,1608.9012435454893,1c6cfc51b14e366e256a0233ee6afaec5a5355c9ab4f3dd6f2ae1031820dc459
540,Bob Jones,Edwards & Francis,1394.8486709964952,143.1623068853306,8,1681.1732847671565,a1bbad0e100e3e25419af7d80807de37febc5c587d88994c3e2a95d9c1c7df66
541,Saratoga,Chen & Zhao,1392.8765892325234,145.1567749554986,7,1683.1901391435206,615e80c422f8d7d38c27ca1f97734b8d4821783a34236e3a9530ea3e79aaea5f
542,Regis,Cupido Carlorosi & Moszuti,1392.7569730401383,96.91890864956655,19,1586.5947903392714,96fd1a767a05de06b656497332aa318c7be1e7494067449728dbae10afb44eee
543,Walton HS Independent,Kalra & Leger,1392.280516389877,167.6173055002217,6,1727.5151273903205,ac02fb7245707e2130563971e2c4c554cc7a90dbbc9a4dd60bf3f61988d8a00c
544,Westborough,Mondal & Saxena,1392.241753111858,145.66263118598403,7,1683.567015483826,ef3e32e5c607cf45afabe1a4b07bf785831b6fb96f2c5db4b671be983cae2d00
545,Northeast Atlantic Independent,Lu & Song,1392.0393807573655,115.497444779223,14,1623.0342703158115,93f5b6ebfc17d96f96d379acd50792e4a9e42b47d226bfeffb35b88ccdbeedad
546,Westlake (TX),Mujeeb & Nguyen,1391.8429402456425,149.32891687206805,7,1690.5007739897785,6b019c33249c9b6e5d4bfc830d0fe68fd977e32de0a71405bca172e6e119fb9d
547,Clovis North,Almasri & Gurani,1391.5826307119642,149.2433187087844,7,1690.069268129533,938c3b6e10f49a348bca0b2f4c6ffe686ca2bcd52c13c5763a75bb7756d6ba99
548,Puyallup,Gonzalez & King,1390.6268659450486,158.84724188698837,6,1708.3213497190254,390fb62c9ed4217c5e3f25c7a3ef55b4d45c28688c9213a9e00bd2201e8648e5
549,JR Masterman,Kelberg-Gross & Kelberg-Gross,1390.5372275022028,77.68321160878122,35,1545.9036507197652,84632e522058301beeb5ed5f53c0136af34d3c79f1177413d5bde56b184b9386
550,Marist,Crunk & Findley,1388.9914599803174,117.02218817506288,12,1623.035836330443,3aa3c3bdd78744070ee74c5c2c6bad9442c91e9313d51796989784f7f98ef8e1
551,Northeast Atlantic Independent,Paltrowitz & Wang,1388.650459537149,118.70048023458932,13,1626.0514200063276,57541a74b554ba413fbb94cd8d7a671b90b58de028a535e03906d301c0eeee04
552,Millard North,Mishra & Nedunoori,1388.1515291197354,115.82135175624025,13,1619.7942326322159,cba9cc89c3eda9ae1c1c036ecdaefc4ba70e222baf9d9336717ac290bf453545
553,Mountain View,Matot & Zhang,1387.385485961176,139.40351904585557,7,1666.1925240528872,f2ab2b19c347976d6370e69e87ebc33ea2e73279f962e61c991108855a8e6c38
554,Chattahoochee,Choi & Ra,1387.0853658371032,143.00910229956705,7,1673.1035704362373,22ddf4d24963fd6f923a647219a39a26870d978b796227901ceea368522f8518
555,Summit,Au-Yeung & Patel,1386.8988266210756,76.53435965142432,45,1539.9675459239243,ef2ad9e6437cc7dc2144c7cbc5b72b9be9b19c80b8166ee76df40ee28545d886
556,Jellyfish Independent,Li & Wang,1386.5521126846522,134.22028204115676,8,1654.9926767669658,224816c75ff04b2d587cd9c2d8ae340a7aba88c1be0a6ccd1790269a762ebc5c
557,Newton South,Gao & Ziv Petreanu,1386.1085377528289,160.57718320308783,6,1707.2629041590046,833f6898777b58087dad8b50de1dedceeba12fa948274b83c9022cccd2e9426a
558,Brentwood,Merrikh & Yount,1385.3455233160928,159.48575794185808,6,1704.317039199809,085d95d7b0ed90bfda91756b855b33286df827b452de1d1398994c5e84ee6b31
559,Bronx Science,Bhalla & Chang,1385.1822310238783,146.33135434539327,7,1677.8449397146649,309b1e677a2a1ba0435367818f68f17e474a9f8599466eaec7950bf64811ac6c
560,Montville,Patel & Zhang,1384.9261433790264,139.36495905591232,7,1663.656061490851,8c18f6b43f8c88cfed45f610f09c89ff316ab889036c231494d95f99fce01f3c
561,Saratoga,Chen & Duan,1384.6746569411741,87.01965870826236,27,1558.7139743576988,c8717ae2a0aaf9447dcf5e895fdbb18b1fc788a7849dc5180f9a732374a2968d
562,Newton S,Celiktas & Wang,1384.594014169979,147.34709558744288,7,1679.2882053448648,72adba9d2622a36cb1f6c0de810df50062c64725897950be1e494ec6322aeb13
563,Strath Haven,Li & Zhang,1384.1624563246314,86.69765889617014,25,1557.5577741169718,663d41c56317f316f47bea8c6beaf086c1229faa50739d503b81c9e1fc0237ca
564,Stratford,Wang & Wu,1383.867730308869,90.97238756327329,25,1565.8125054354157,37a0c97c065f44c6314daca9e5754485aaf93fe729f1641a63f410ed96d647b9
565,Regis,Napoli & Prisament,1382.837444433891,101.1500558691672,17,1585.1375561722255,265452336ab2c75c41d87382edac9fc51162630e6616ace9427ac33dd4507090
566,Irvine Independent,Bhootra & Xiong,1382.8137524354424,141.6153388835833,7,1666.044430202609,d2379d200e049e46bbf725800eb10aa6ebb500c509e0bd91e8e53dd278e1e105
567,MSTW Independent,Gumedelli & Khanna,1382.4493674501318,138.1351606610227,8,1658.7196887721773,5db8ea381d1bcdbb504b7cc3473a30d4713accdc0ab75e86e1520d4ed65cb5a6
568,Lexington,Pokharna & Shah,1381.852882012776,89.25983488039303,24,1560.372551773562,5749f03b92be6df0a82971275f67ae9b2bb16a368e4efbe96e37d4a937871c29
569,Park City,Hadar & Kuck,1381.2175450895384,114.2040313185644,13,1609.625607726667,318c38d581dca1f11d6f816d8699376d56c912fa141bf3e88281961150eae4d2
570,Livingston,Shah & Zhang,1377.6595388053063,84.17823470119306,30,1546.0160082076925,4ff974ae702df561cbdffca2b8d620cb22bcbb94ee02e5414c9604c94d817380
571,Bergen,Rao & Singh,1377.5531397379543,150.38748546686273,7,1678.3281106716797,de314683cb235f4a1b333e7dd41fad418086ece0c6de43d6a7ac89b20b396d6c
572,MSTW Independent,Fomin & Shetty,1376.9732735801322,147.1331825357446,7,1671.2396386516214,2328fef2105ba6d8e315ec681218f1a06cf19881b1fcdd14462d77a54c9701ce
573,College Prep,Dhillon & Jhaveri,1376.1372265176117,156.31393229058378,7,1688.7650910987793,5f07060a6af262632dcdf5566a4a16eee268bf4e0ba1ecb63abd63bcda52a42b
574,McLean,Rucker & Wilson,1376.0311215305878,138.05792986111544,7,1652.1469812528187,c617b78f64c68e6e2f92cdfb82c9f918b9f891b2424c885a1fed68b85a757f45
575,Bergen,Ballaney & Bordia,1375.4671709556842,114.44489542058818,12,1604.3569617968606,df8d8f3921231da9f54bc5891695859a23e1bb5cb4e938377c2d7609a7c09347
576,American Heritage Palm Beach,Shleifer & Wang,1375.447336141583,104.95771018395233,18,1585.3627565094878,686cf33133bfad7eb2127c46badbdf3d668c041cfddb4170903964a1494868a3
577,Ransom Everglades,Marcus & Torres,1375.3159357184977,135.5835891815994,8,1646.4831140816966,bbb10d25839353aa00380c515e678479ea7f5e901515b755e8e750d225e19048
578,Horace Mann,Ergin & Krikorian,1375.1809109767873,94.1015088659901,21,1563.3839287087676,22e50e7c45c98623ffc79cc67a2988775dbf34ea05fe72e3d412d6019b507620
579,Delbarton,Caravello & Leidl,1374.3182251419444,153.23827738065415,7,1680.7947799032527,92430f61201ebbda94bba1ed69b33e822c3ef88123a669b8534d5fb1e6b9f5ca
580,JR Masterman,Bastien & Plastaras,1374.0251002004607,160.22764579004894,6,1694.4803917805584,b7acdd95073ec8e22e9ce8bc311503c9afb16d00be2779795346b2b9bb4d18e5
581,Chapin,Khaliq & Reddy,1374.0108892722756,114.43939516324001,13,1602.8896795987555,63c5ebf186248bcc5a09404956e4bc0de4438b6b7612461ab98a5a7c13357f4d
582,Emerald,Agrawal & Odugu,1373.8528156363957,73.12117379698614,51,1520.095163230368,292c415f5500917927ceaad9896c38cd345f09232858d893fe38f4370ce3aaf7
583,Delbarton,Caravello & Dufner,1373.1158104246979,152.55267891486253,7,1678.221168254423,407b7b471b1fd2c65313e23fc5334e10c208643b32b4ba0cd31be2405dd7aaa4
584,Harbinger,Tan & Wang,1372.8583467539615,141.40644746464787,7,1655.6712416832572,baeed4794b8b08632a25a84902d5a8ae7cdd43d392168aef40aa21bb732d0f87
585,Walton,Kalra & Leger,1372.4736705812707,99.36190861387828,19,1571.1974878090273,856b97cd5c6b3f458342331791fb2b782e2acb8c2cc3ad8debfaa47f5406c710
586,Iowa City West,Abudagga & Gupta,1372.3628203929147,79.6721307564169,34,1531.7070819057485,3c82aa29d9e3d00e37086c75dd12a1a446eaab17d987ad3283db8cf870fcbe1f
587,Ransom Everglades,Mosse & Thurber,1370.9751190312998,112.77290330387449,15,1596.5209256390488,dc36afb0b0757c204539e49b552ab0244d98fc84eb477e9eac12a51aa75b7b76
588,Bergen,Hoshovsky & Wu,1369.9711095117082,100.6981190317105,18,1571.367347575129,6dbd018ee79aa605c827c30d4082781dbc1fdfd2ce40ebbd6b96e38c82ab2475
589,Byram Hills,Cai & Coady,1369.595801786117,92.56473028968345,23,1554.7252623654838,4c436b95edfa7137b773edbc98017ea53b7e9c24ecdce7c7eb352a0dcddac743
590,Ridge,Hira & Potrevu,1369.2950517554884,119.99313417196677,13,1609.281320099422,92ccdf834608995f2a12590c3b42d9385c9214ecea570301fe5e9a4688cdda78
591,Maret,Das & Gordon,1368.5596333831904,91.76798165550137,24,1552.095596694193,ee8dadbb7c05ac5528dff554627b3177c5dcfd82931ce16fdf50d620bae216e0
592,Horace Mann,Ergin & Pande,1368.1855878701508,153.19067832000476,6,1674.5669445101603,e68248e8e0113ee29c9a6b15c519d3ec0be5817a03d071de9c2935bd8720952b
593,BASIS Peoria,Chakrabarty & Nair,1366.8957781615322,146.57699924887473,7,1660.0497766592816,98ff0880cffd48e63b7042fef333eb56953e20b22ded9473a8d49746345553be
594,Strake Jesuit College Prep,Carlile & Wu,1366.77604851399,121.06987587036731,12,1608.9158002547247,3235575b894419cea119ea0c3d795474dedfb5c929e3c21d36d94bffe251cded
595,Ridge,Li & Mitra,1365.2572093307606,157.8434787585966,6,1680.9441668479537,86f79702de44d4b773762303cbff4487960a35115bda10d546aecc34d387580c
596,Taipei American,Kuo & Zhong,1364.844166735386,98.48812262541905,20,1561.820411986224,f04f70b9354b821d70b3b61b9bcefdbd161dc1082234f3f887893b49c2da1075
597,Ridge,Ostapczuk & Sateeja,1364.6098465139542,162.21870957008113,6,1689.0472656541165,76afa26367a371221a14428acef1c0cce29aba53bfadd8e7a686fb2282b22ebc
598,Sidwell,Campbell & Jain,1363.5167969201664,146.2930352803215,7,1656.1028674808094,1d86af305c598ba52f369fe0916a2e0fec6808244d2ad1c16e6ad6d7064d5935
599,Palo Alto,Senderzon & Sridhar,1363.420949102751,152.21324264536648,7,1667.8474343934838,d1b2c91a1d66d72c40dff8b581fa3a05c550f56a39b10718fdb74e56e748ff96
600,Roy Independent,Patel & Roy,1362.7832371438406,160.0982589332738,6,1682.979755010388,33af0a181299816e3331ded50a0bf10ad3f304fb885e9ce1be2b7cdc02689112
601,Harker,Ahuja & Lin,1362.7247883177165,78.26735665964013,39,1519.2595016369967,a4a7bab1640943df4c65db2390631ef9f2f200516e78b42dc84f27076915e78b
602,Robinson,Mulay & Walker,1362.2735279165638,80.30671968256185,38,1522.8869672816875,9d0ce1d13367d12ea0732160e6931a14e005491ee98f8d44dfbd88e8beb51886
603,Lake Mary,Ahmar & Bilakanti,1362.084703082808,163.9660148413742,6,1690.0167327655563,787480b6dbd4a377ac4b98228561e6270c426143e7b4f47311bc936992186d94
604,Bergen,Park & Ren,1361.931085930548,144.1826907773285,7,1650.296467485205,bd3180d8a7895032aeaacd6571bf07dce506982e97281c93d0db9047de687bb3
605,American Heritage Palm Beach,Dahabra & Shleifer,1361.43296584284,166.4025384832812,6,1694.2380428094025,633261a94a605aee68a9374f80107c6c356135ab079dd1c7b964a0778129d23b
606,Northside Prep,Padwalkar & Ramaswamy,1360.443136801333,146.21406836830164,7,1652.8712735379363,ac18a8a6dcd6580300704a12035f6baa1b787bf84fffed023bc267858be28fa0
607,VDA - Vancouver,Lu & Tu,1360.4351785137876,157.3859528988191,6,1675.207084311426,ea578c2f14d5e449021a17b030217841056c616b45a933c1a2e73be8c607118f
608,Madison West,Benish & Sydnor,1359.2084919781607,169.23887696026384,6,1697.6862458986884,2867bb5af4050ece0a93a183bf104e335c0fe52a49935170791363da2f2b006f
609,Stuyvesant,Kaushal & Zheng,1358.79528992192,149.26801553150634,7,1657.3313209849325,365ec3b36e5432fbeb634ad71d0fabaf5b157ccc027fa3213f4f0fa42c2775eb
610,Unionville,Chen & Fan,1358.7673076254118,95.12872987589614,22,1549.0247673772042,39a6fabdf4f213ba7a2312ed6df94826449690c2f6331fd18a0ec9cb01a928cf
611,Colorado Academy Independent,Iyengar & Miller,1358.5939434027036,104.95721000927217,18,1568.508363421248,b3c447ff7ecadc72e816d52f1f6ad22e835e4ea6978e58118d209e27ca5f6928
612,Lake Highland Prep,Armoghan & Muppala,1357.8830800966346,114.20865071517369,13,1586.300381526982,821f11930547954843ad34a0f24328d66b365825b88991a6631a9e72dc1ef962
613,American Bicoastal Independent,Meng & Tae,1357.7314493595277,136.12274776757297,8,1629.9769448946736,c624a5eea735b84ca0f16f99ead6e940b6c5cfc10541c80951f77a8eb576e064
614,Valley Oak,Paradkar & Uppalapati,1357.6043802258232,97.4460852126391,18,1552.4965506511014,0ba1e1806a5d3b827f008820fd2015ff09fba5e49c0c94c9a0ebb7fdffe4b511
615,Olympian,Castellanos & Reisenfeld,1357.3397030059346,129.6368533102233,10,1616.613409626381,aa37f716c3492021a9dc2f72f7144f336d0c3922fcb74899ce373363eec8e2f6
616,Montville,Natesan & Shamsudin,1355.8343367204639,160.0132287302091,7,1675.860794180882,031dca185d3e445f63522e0cffd0bc426736041b5640133a40030ceefde90b24
617,Dougherty Valley,Pal & Vo,1355.786403858347,113.97898570455301,12,1583.744375267453,37c2deb5e30e79eca0c6dfc2f62d62e7172bd63d86a0c6b8087b36eed64529e1
618,Horace Mann,Ergin & Wang,1355.7575408723162,143.97826410180093,7,1643.7140690759181,bf0593dfc8bc9ca583026f700ef9aec5c8c2f1608900ecfc84dafd8161b540ff
619,NAVI,Nam & Shen,1355.2344395452656,148.25077477383445,8,1651.7359890929345,2d5c832881d539c82da8e9c46361c9401da91cdf7aa93c9ca75492bec7b7b3ff
620,Nueva,Rabin & Yang,1354.3419350474605,151.82530843225715,7,1657.9925519119747,ed4aa185cdc06ef749ff3c04b47336973050c4e803e4351d44f832c3fd4a1748
621,Canyon Crest,Najafian & Yi,1352.7606353022265,162.6655728327247,6,1678.091780967676,c950ba0132aef07f55c92926a26bd0eff6d3231954bf0d9742f850ceccfc59dd
622,National Debate Club (NDC),Qiu & Yang,1352.5274517915009,102.56464157665953,19,1557.6567349448198,c4cadbca892779cfd66a01fe0c7428e40d132dc1d0b2db9b74034d871ef914f9
623,Arcadia,Canada & Lord,1351.83036307171,162.80587517916712,6,1677.4421134300444,8aa634645885278042854baeb810623c12bcbf019c348e153f3ae1a301cc0061
624,Olympia,Coumar & Thibault,1351.6955733375567,156.62159529347198,6,1664.9387639245006,e1127cffa97601b1149e8c3ad5568335988f266605e0bea8f0fe9403f8f32f20
625,Emerald,Haile & Ramalingam,1350.5471986341638,80.2645321308723,36,1511.0762628959085,9b32c7e095bb1ab21c5afff7de51f60e4f3e6bc460b4a84596eefaf269d6e7cf
626,Cranbrook,Ahn & Jain,1349.8639242237266,85.76322303619497,31,1521.3903702961165,f90916553ac974ed067f8dbae6ccb5ae7eb2827b8d6d6740492dd38a536a7ac0
627,Dougherty Valley,Alurkar & Santorsiero,1349.795882373974,88.85625414130841,25,1527.508390656591,cf624244444fcc90e228083f50483408c487803bba6cc57711a9be85673527b8
628,Castilleja,Chen & Nguyen,1349.3621986196063,162.51013991092748,7,1674.3824784414612,b6afd8c7e713ab73acc79f034bbc416dc28e17f0a6b7b4a7e5ddd1e76298e7e6
629,Germantown Friends Independent,Sethu & Zhong,1349.3414023571493,150.14429549344823,6,1649.6299933440457,599f07d9186045780d72a822b1b6831f1afdd71d23c844b3062922da8bb4fcef
630,Regis,Liew & Napoli,1349.1250423408862,84.23007190117042,31,1517.585186143227,232e8924679e2baf9563580d46128cde6944f21bef378881f9dee20c90f986af
631,Millburn,Sinha & Xia,1347.3101024276189,89.80818674131056,25,1526.92647591024,2344beed767d6ce25fa52abcc1ff4039e2db6a1cf72c660e1d713a484036e89f
632,Lincoln East,Bobaru & Neamu,1346.3579241067496,92.10152269923786,25,1530.5609695052253,16029a478195ceca1302e20aa3821ddf790cf1b2dfd295f7cc44fec07b47df38
633,Princeton Independent,Tauro & Wu,1345.9836123808464,144.57757758231944,7,1635.1387675454853,e8bc397ee6ee33bd60f0d4de8184c6028dc033b81db7a853fcca11c7b00dc649
634,McLean,Cai & Liu,1345.8451127143296,80.23185819656622,38,1506.308829107462,c589d8c6527bdb5f967793a3d6da7924feeaff19b48397e3c62823f89bc7a5ca
635,Potomac,Ai & Bhatt,1345.3016047185943,116.0960596436532,13,1577.4937240059007,eb06fb05ea8518a8fe33d0597863a1a4609d6598fffe2fde7c03595f45aa2d6c
636,Southlake Carroll,Farooqi & Golla,1345.162802217686,126.08356561708057,13,1597.3299334518472,d11d218396e7862acef65a5ac6676c980bf962a1debfa8b0a7b71391e08146cc
637,Westlake,Dunn & Mujeeb,1344.7511363654376,156.3199547238831,6,1657.3910458132036,d190ad077490867bfd12773b9144fb19d923978bb74b22f9edc346bf8027512f
638,Germantown Friends,Chen & Ding,1343.5926958245027,127.21167795151736,10,1598.0160517275374,c53e7316816a87bef2e0bfaa3b1805b32d813255ce7651eab8b46e5c65bdad7b
639,Foothill Independent,Li & Tang,1343.4148661491831,84.12253696851043,30,1511.659940086204,8039818f3eb8d432834a8049964b40e344a1e2a9789c746cf1f385637a1efaae
640,West Windsor Plainsboro South,Nurullayeva & Waikul,1343.2044022100658,125.82784481082476,12,1594.8600918317154,444877fb10f3de126d8baa25b1182e9bc323ee040f713ff02c74aec24199d4df
641,Bridgewater Raritan,Gvozdenovic & Shah,1343.1871726399002,159.64890938041444,6,1662.484991400729,dd893e6c8940551711944370102a9fea52068f4980096c0af10bd4e6333b095f
642,Ridge,Ginsberg & Ostapczuk,1343.068514889334,90.57832408327917,25,1524.2251630558924,2ac524d0e95a15ec01cc2dda97bf396d406018fd86d9348acd7c8a4b9d77bb44
643,Emerald,Nutakki & Wankhede,1342.9918996158983,86.00255909702771,30,1514.9970178099538,7078e1f6c4a81e467497bf50ff7d042ab50079fb776a8d0634ad1dc08e74260c
644,North Allegheny,Aluguvelli & Kallavi,1342.1432270500716,111.68006286462706,19,1565.5033527793257,dce3ee96c0374c4d361bbcf637e2e925ebd61db1c8814131013f57490447f1e3
645,Hunter,Jetley & Khuu,1341.9999640915544,116.83717811954891,14,1575.674320330652,8bea1121149d065958704fbb2e77bf1fbfbe847fcc08103901267249641f65c4
646,Acton-Boxborough,Ji & Misro,1340.4642315612614,80.53434575692692,37,1501.5329230751151,691826b4973ef8d21b9b50667ed5dcd31707ecaf5cf27585edb3c86f1677b8eb
647,Nexus Independent,Dalzell & Miller,1340.317000563889,145.2974409691252,7,1630.9118825021394,1291a8ce6c2575adac3ee330cad7d92771fad6542e708086a248935096169612
648,Ivy Bridge,Kumaran & Yan,1340.0865522489853,115.30694330208314,15,1570.7004388531516,3cbf1d1755761b3a0e393ff467753914cb8966904692a2f2ec04d0fc1243727c
649,Harker,Ganesh & Rajesh,1339.9143191120454,117.36318312218712,12,1574.6406853564197,f411eb016eee0bc2ee282b3346f609953b889838fabf8c97c831bc2ca6523445
650,BASIS Scottsdale,Nagpal & Nagpal,1339.6204215140278,90.54515951094011,22,1520.7107405359081,523799159d7442ffbd6d62ff2c2b5cca1f2d84de18dfff12c6f814896618519b
651,Westlake,Klem & Venkat,1339.0962584043718,123.0743705082754,12,1585.2449994209226,b1edb91a0a8bf9bc6546a60e4ebdd48f892c0cd6cfea208befa40c7865171393
652,Montville,Gokaraju & Shamdasani,1339.0493701014811,153.84413387580736,7,1646.7376378530957,7d3255dd17c27db7435f89c76fc5e1993404bf498a83be4f1fc641bff0c5c10f
653,Claremont,Barndt & Chae,1338.8312601180166,145.1366597239994,8,1629.1045795660154,8946806b086cad74983100dbfc315247bac9385847d7df6099d1acd974d908d4
654,Bronx Science,Nu & Qin,1338.6507249791434,132.70757002057888,11,1604.0658650203013,9b89408a105d5d15597c70f67d288d4252ad4d4f0eb76a3efb77378291069fe1
655,Taipei American,Chao & Chen,1338.6044022427322,85.26618157250239,31,1509.1367653877371,6240f8ffc9a31deec230a2140baa1841f868578eb51b879e2dde635b6b704d36
656,American Heritage Broward,Mishiev & Narasimhan,1337.8993946946953,91.8755481804076,24,1521.6504910555104,1d78a6e228e8ac947825f6f409a37d156e2367aa8e17365c980893f2b05d436d
657,Ransom Everglades,Jacir & Mena,1337.523728015988,153.99326620578748,6,1645.5102604275628,1c0c89c0cc2d64c51c6e801fff0421dfc58266ef1232b2bb8b45504c39f0c6e3
658,Ardrey Kell,Saha & Venkatachalam,1336.87719263811,147.48850364589595,7,1631.8541999299018,4b4692a519dc4165ba1f1e251110bf6cbae7ea68cca89d098aeb77fecc0dd4c1
659,Regis,Napoli & Pace,1336.3152658356503,153.2173606882778,6,1642.749987212206,e5ff539c6253c5d59cece054806d14154dede1bfb28ed885fc73714874360e3b
660,Lincoln East,Agarwal & Ganesh,1335.4509780669723,144.8505311223653,7,1625.1520403117029,b54e6d84d6bbd6b0ea72de77e7039f42110088f419bffe2adfa42bf65389b8c7
661,Jasper,Jiang & Xie,1334.9833203731328,99.13072014738287,19,1533.2447606678984,0f2a8ce597b03f825b7e9a50d36577a1d7a5b83776b770019bb1516f497bb9cf
662,Newton S,Wang & Xiao,1333.9882498085317,161.18615061806716,6,1656.360551044666,66115c9a5dc7c63f05cfeb2cb36f2e7e06ec9167b62995bbc540e7326db39617
663,Able2Shine,Liu & Ye,1333.9462274035698,114.16579007053467,14,1562.277807544639,501e6781f54dccf33e3d2346e4ee2748345ce2a6dd7670e171a3d1cc99beaa53
664,Argument Institute,Meng & Tae,1333.895541962469,107.74716865500832,15,1549.3898792724856,2a62578735c312f5973df6409c26263f0ca3126f229848705637699370f8b148
665,Lynbrook,Xiong & Xu,1333.379724532213,86.82733002610864,31,1507.0343845844302,a8d90b4af4f09052716cdaba75d2f33989b32c43a6fdef244cd144c47dc78067
666,Bergen,Kwon & Song,1332.7786601970586,122.44471383921436,13,1577.6680878754873,ac9094628da09440821574624fd8f7a58075c07a7fd468207163db8181aa551a
667,Archbishop Mitty,Chakravarthy & Mishra,1332.111562792294,86.22509649616613,31,1504.5617557846263,f3369cc18c304013922df942e8c35b88899a1b09583afd5a5ac25a57ea9989bf
668,Bergen,Parmar & Ren,1331.7367599646989,150.857618021335,7,1633.451996007369,7b4012e30a2f320f16eb86b07fe665b35c2778221fe946e23a171b3146acc725
669,Bonita Vista,Clark & Finch,1331.6873995442243,138.45199758079983,8,1608.5913947058239,445a65124afde80e517d4ac47610b98a3439cdfcb95e5e6da0f1126572962443
670,Sigma Debates,Biju & Sisodiya,1331.4535756670073,150.75956725864953,7,1632.9727101843064,2621f1e1a56452e388c551f2ca8ba923f476f02d176f365c049ce909f870bc2c
671,Horace Greeley,Conrad & Peacock,1330.8571752212729,116.91601373687274,12,1564.6892026950184,679a73e890e8b16030bd5b8403fdafc5f2cbd6262b7aca572e26f9bc1e7c0166
672,Puyallup,Lappin & Singh,1329.128023795738,151.2091482677037,6,1631.5463203311454,77ffa82d92590fe5688159a00cd89dd85870e59166f5416ecdcdc32a6a713f3d
673,Horace Mann,Pinchuk & Subramanian,1328.1441713121642,177.56505705801396,5,1683.2742854281921,1dcc69bf78b00af3f47029583ad675d6eacd3e3a36ef139751c9cc04f5b5c66e
674,Carrollton,Brodsky & Quinonez,1327.2256265570227,104.89270207596961,19,1537.011030708962,267bb0886bdd9485412c2fd6e2390087f4382c18fdc5dd33da6c308c62b102ef
675,Strath Haven,Keefe & Logue,1326.9391350786493,161.02032846401278,6,1648.9797920066749,4cf7b41b29ad710c46405d559ef4f28b2f32a2ffbdf99560b70254052e6673e4
676,Nexus,Kapoor & Thomas,1326.914094198521,148.30909834624606,7,1623.5322908910132,6394b0832b258303904c760ae42bff84cbd3b7435f93f011dfe065c86a313198
677,Sioux Falls Jefferson,Kadhim & Redwing,1326.8460908605798,155.288620166864,7,1637.4233311943078,06f11fe05b7301b80a936313f3747bcdb5de05f0d28701fb702e2f5b94dfb5d3
678,Skyline,Averin & Zou,1326.7520328263884,146.90082053645426,7,1620.5536738992969,d5a9b2ef3a1f786cbbab5b8368216438f9001242d221916169773ac926737856
679,Amador Valley Independent,Gummadidala & Jeon,1326.5121284463557,154.75794933543168,7,1636.0280271172192,8d8617d3676a8dc1d1da67cca8c4fdec632b6fe12469eb11517684c792f81698
680,Livingston,Ganesh & Li,1326.1225313839077,168.57536220310948,5,1663.2732557901268,08a35c308e1336d6c310d86a8574f221fcf627003ce0d57b81f27453118120cc
681,Equality Independent,Jhamb & Nagrath,1325.7998732662468,149.502076739624,7,1624.8040267454949,16c840b7fe8fd433ef7a4800dca3f9bc0aa143dc800e40733758637e45d2b1ab
682,Emerald,Dondapati & Singh,1325.6949734175917,90.09931558471759,24,1505.8936045870269,06a3592830c9a61150947dcbbe9e9a9566d461aa2db0fbe863586749c7498a4c
683,Unionville,Cai & Mohapatra,1325.690735276374,97.4698867520319,24,1520.6305087804378,6e8373af42cb874385eadf9b38ce295590a3fa32c1c0d14c4853471b37d21092
684,Horace Mann,Mandelli-Valla & Park,1325.619434496754,82.65480553098556,28,1490.929045558725,7a6176b47b90f7bae4b04876a9b65b12011e3edb98c9d527caed18b5235ae8fb
685,Sacricho Independent,Meng & Tae,1325.382086790332,159.5385344904253,6,1644.4591557711826,4d4dd03744ef70d58d8cfc71188e105f6f4084f2257edb033114d7abdc2bb84d
686,East Ridge,Namgung & Vijayakumar,1325.0089614876188,123.70842015106913,11,1572.425801789757,d180bed445f1417de496cb97e6172b1eb32ae1d3f3bc42dbfa3b59a4977a3b9f
687,Ransom Everglades,Chinoy & Gold,1323.9578041018344,102.83423621310152,18,1529.6262765280374,7811fda3ec56dec72073b8b6c208f6c004b6e61bd8f3141f022dbeef2de31452
688,Stuyvesant,Massim & Silakov,1323.7749113725918,113.581501199424,18,1550.9379137714398,92115a09c8c8a19e28f07ed25c6c1281a4df42bcb7d5460556a1e42c49d97b0b
689,Windward,Crain & Litt,1322.500611129884,121.85477944774446,13,1566.210170025373,cdfcec9cac703d3d2879d731250d36116c4f8d7bafcf96bf2a829522e7398947
690,BASIS Peoria,Aggarwal & La,1321.1375229818927,159.54408286123032,6,1640.2256887043534,c44f4271aee5e2ef52a50cb4a6a1dd7bcdd98ba91ec5ca0a11122a0099b8fe26
691,Windemere Ranch ADACC,Barani & Barodawala,1321.0174600915284,150.83489093650405,7,1622.6872419645365,d8860b982bc3cd788fb5e5342e807c745d77ce4f592cee6c0352c89245777e5e
692,Arizona Chandler Independent,Zahid & Zhang,1320.24772266242,147.8736022334482,6,1615.9949271293165,4b18d78c223236050ef7a95edea588f41f624b39ebf1fe5c21ddcb74f24b2bb4
693,Los Altos,Chintamaneni & Singh,1320.1750922100437,93.11479187444196,24,1506.4046759589276,52d0cca172e427326604b269946fde634a916e11a53164915a2223c97b68a3e8
694,Grace Church,Chin & Tanjga,1319.874115293358,89.76856857376552,24,1499.411252440889,be8bade3befd5f5f3f8e1cf2dd9b89aac262675539bb47232c0f74a188fecb3a
695,St Michael's,Carmona & Lomba,1319.1072734705488,157.3408512570146,6,1633.788975984578,3f6086d3deda681fb5def278869068bf8da0d33fb8a9da3dcf2c584b31e466d5
696,Theodore Roosevelt,Larson & Narayanan,1318.0592220669407,86.69062514052591,28,1491.4404723479925,1e6ae54cb215a3383318680f14d77e5796814affd006357316e67c2d2849973c
697,Syosset,Huang & Sahu,1317.5897276320643,108.83078659367575,12,1535.2513008194157,be4e87648239e457202ddfe62224435e860ef3c843582f84363ad5d2450bda0d
698,Bronx Science,Croft & Tan,1316.7662009085298,141.9703060103348,7,1600.7068129291993,63fbe5dbbab916af4f1705a70734170a71f2980422e698cc8d6490ff9afcb292
699,Oakwood,Birnbaum & Harmon,1316.2766531421564,84.3795259212775,30,1485.0357049847114,f53ac1fe6d3017534b3e972e34c48a1e9f4d5de9233af5b9231d2fa02b1e2709
700,Keystone,Liu & Pinnenti,1316.1954259502654,155.78587251757676,7,1627.767170985419,876fb43898d9cbb200bef94aebaadac42891991dd1487626c24f6169b9ac49d3
701,Columbus,Choo & Lee,1315.291205093558,185.51748246900644,4,1686.3261700315707,f4d8889e2878c644a5ee2053d3b71f5c48f4a899849775b2e5f413d569893c7f
702,Dougherty Valley,Kiran & Vo,1315.2649391746909,123.1333430648034,12,1561.5316253042977,3c9e8129665efd003ca147ea5c16a203f4696c410c60c0953d98786b322722e2
703,Bronx Science,Alpert & Cohen,1315.1498731604224,95.08135987137945,22,1505.3125929031814,3b4d6e21699e8e67576d2b10e38e025091d359c48de6ac60296146f8ba23b860
704,George Washington,Stewart & Stout,1315.1131690385846,115.35113501178186,12,1545.8154390621482,64c1d4590fd48a99b568516fd248ce0f637717edb3e649cf8cf073cff0c1e55c
705,Berkeley Lake,Nistala & Tripathi,1314.8649652620516,149.12625766285484,7,1613.1174805877613,a6b80934c2ee463da4e8a4d9a5a57072188e91eec8019a49277ba6a4b5ddcc09
706,Fort Collins,Rivera & Yalin,1314.6546400883917,118.66489517339062,12,1551.984430435173,18fa4585ed82eb694985287b74e2eb5a79238f0e6feb3925d66ce8e47aaae334
707,Ridge,Potrevu & Sharma,1314.6452152634831,87.00251802594072,28,1488.6502513153646,e2671d8a942dad21c69d9300e133996de4d9363e7c36c8f18c1d22c63a3be3a8
708,Bronx Science,Jones & Mahase,1314.0184217138997,80.14497320104093,41,1474.3083681159815,c9f78e0b1694e3e46d96008559db3e466ec7d480557e6cff814361a0a796a323
709,University,Duncan & Park,1313.8765629098289,159.24314260280698,6,1632.3628481154428,5301b3210954f716726fa6b252b97f0b00a9bf1c77321eae91a2fa3831ebd436
710,McLean,Kim & Sandhu,1313.5687448125473,105.52488893851326,20,1524.6185226895739,1351f2184fdb519d5c78582c0f7f6f20003c940fb5887e4206feef22662db970
711,Newton South,Subramanian & Wang,1313.3009135588436,119.14229933737062,12,1551.585512233585,3cfaa9a813f4c0718defa4f5cf4f54ccaf284e1674953e7fb672512e6206c9b7
712,Unionville,Chopra & Huang,1313.0352289584227,100.36883898082955,17,1513.7729069200818,f98847cea2c82aac19f5b5a77827bc8724f59e3d7028f74cfb583425347a5271
713,Nightingale Bamford,Berggrun & Spiridakis,1312.5428020647832,107.17611815892904,20,1526.8950383826414,2961eb9b40bde40cf398d43c6739ba9b367286e8d13d8eecc5849ddad4f77592
714,Harker,Goel & Hu,1310.263560854073,168.5964863737827,6,1647.4565336016383,9c9e8f67bd329549cb6d8a6c5dbb886061629a1a535c4bdf8ee2bd7388486824
715,Summit,Borkar & Zarro,1310.1993962092738,102.46696727406919,18,1515.133330757412,24098ead2f9d083f46948eed04ca377bc3a425bb9eb6cb8f2ce917c0da47b73e
716,Townsend Harris,Miketa-Garcia & Pavone,1309.1437055488493,89.71608925953306,29,1488.5758840679155,4203d7f9422dea5578d747ba6740c9c7286ee2a6efb0391f97cbd3758cae511f
717,Skyline,Jain & Liu,1308.6385427432724,167.19387811586742,6,1643.0262989750072,2f88500aa0d143a09d0758d282fc4e8ce8e8707ec9688f33741c3ac822cf4d00
718,Strake Jesuit College Prep,Higgins & Keswani,1307.2509448785015,155.26704686315372,6,1617.785038604809,8532dc2600c9dc58d6425cf22236b0c434fb7cbe1f91118e7e65b67a9acbed1c
719,Monte Vista,Kapoor & Pant,1306.9713437926223,143.47618260115155,7,1593.9237089949254,d20ce7fef6628b76c2e86be3253744f81fdb3199056a3baf76b37afac8104005
720,West Windsor Plainsboro South,Katyal & Nurullayeva,1306.4273115422498,124.05074244112926,11,1554.5287964245083,3022f8f4c7f56d37d356ffedd44fedcf703c6efae7a783b9be57a53e66c2aceb
721,Cosby,Luu & Perez,1306.3919938109216,153.9474652486182,6,1614.286924308158,fec4c4a0b034cb7010854bc6cf2db21c18e32a57b88b767f3146f5b85d6c9af9
722,Open Window Independent,Rajesh & Yoon,1305.2512113056127,147.51030120324697,7,1600.2718137121067,21cd2ae31ed2d4e13eca773226df0f0c40d74d5f86424640b87d9979ded8a240
723,American Heritage Broward,Agarwal & Fateev,1305.183740291395,120.60525896462244,13,1546.3942582206398,af6d86a8ba0a52c8b8fc618872eb8d00e4c9d94c993fa4aae5660545f708afa7
724,American Heritage Broward,Kelegama & Pineda,1305.0371847835486,88.49179826664374,25,1482.020781316836,01b8b42d9714a1bed5d7b148b2f6d4138c704205d846db93cd9dad33cc9c54ca
725,Amador Valley Independent,Jaladi & Wong,1303.6476875737196,152.82350176847203,6,1609.2946911106637,d6b0d68a15261c4801b72a276a6f805a3fe1aeef5d5f6fce0f97b26a5daa86c6
726,Notre Dame San Jose,Baul & Parikh,1303.623524114601,78.05287211243028,40,1459.7292683394614,a3a37b9be451acee5ebaecd9efef0aebb5f5c4915794e5ff7f32dc9da222ff0f
727,Lincoln,Grewe & Shepsis,1303.5361621932484,141.93861540747903,7,1587.4133930082064,970abfcc42db10ea2c323fa99a4f7b02e3de397bef89be34f9bf9ad46f01cb3e
728,Denver East,Donson & Fessler,1302.695170550497,166.91943507284688,6,1636.534040696191,8da96e4edc723b75422c552ea4b6450fba308e752c343ec292481976f6605d25
729,Bellarmine College Prep,Bozza & Musukula,1302.6498102878313,168.41419811112604,6,1639.4782065100833,6cd485cf4b41bd0612aff5a9b7485e6c179e8c42e0e88d90514c36030613e23a
730,Horace Mann,Pande & Subramanian,1301.9400288431905,80.69056572009042,36,1463.3211602833712,18aa7c8af7e5f462d23e9e923aea98c0efa93254bfd7fb7a5f25d60b0557b9f4
731,Cary Acad,Bezuayehu & Zhao,1300.190960115792,105.49401049079096,17,1511.178981097374,52bf0a637707e53511700709ab93211c355dbce85cc8827bbf1f2ea073a015de
732,Cary Acad,Chuang & Wang,1299.5717106870873,156.60818191158748,7,1612.7880745102623,6c0ad5be169a74fc4f65a91c8a1f91865bcd5b992b41a2f0e2e48be79e030bad
733,Blake,Tenguria & Zhou,1298.8378868571044,114.2286143845647,13,1527.2951156262338,f4a405b92584fb72f9a6490492b8005c74d5bcc10ee34104e7c1bf14b5463bbe
734,Thomas Jefferson HSST,Tian & Wang,1298.7481316841095,123.97635522999713,12,1546.7008421441037,eea491cd010a523b88c0cfb505e91dfa08c41343ef1cf7c1b78b0c828b8a602f
735,Harker,Bao & Du,1298.7068084636514,83.18483435345865,35,1465.0764771705688,0a3e898c7d6539ae791dc2468aba692f9f89a62b97c31f34e15ddae361e4d048
736,Taipei American,Chen & King,1298.477619209073,147.38863080864604,6,1593.2548808263653,143f6a1d38ad4d637d419b00328ee54b87fd04674dfede903c2853c7d50756c3
737,St Ignatius College Prep,Duffy & Ragone,1297.8220350726865,149.46286447546953,6,1596.7477640236255,f492e1dbb63558bd7fd4c279c55d5ed22da543d3103bb6d4304f37a441f2acbf
738,American,Devarashetty & Jindal,1297.6697500136208,84.26365237618158,29,1466.197054765984,32b0f771b81c00794132adb694cf1a00ab964c8d242e3e7b332c83f5a58e9a0f
739,VDA - Vancouver,Guo & Zhang,1297.5540233985541,82.7227220187104,35,1462.999467435975,a7fa2c4c95c6d6a708e16435ec07cf6cb63a32e592d04227bbcff85ef2abf572
740,BASIS Scottsdale,Panwar & Rajkumar,1297.329751257018,153.98707883010405,6,1605.303908917226,43f35e012fcfec309496418894d48787ef2fa201baed25980df8c3f577f4721b
741,Palo Alto,Dang & Meng,1297.31622502734,129.0379678752544,13,1555.3921607778486,30a545ccd96ef8ea1030d0cdde9fb216cd95e4854088b1bb9f529e7f0c270781
742,Livingston,Shah & Volkov,1296.8875756863663,150.18602850022475,7,1597.2596326868158,81d3974d861d520dda5637bc503a9bad49dbeaa012d877a2658f86c0cd7056be
743,Acton-Boxborough,Garg & Tang,1296.4957555485885,90.9588623397816,24,1478.4134802281517,1635ddb4993ce7d536cc1d7c77bb62b4ac6f69f43fc4a9e4cb6b03887c86e31c
744,Grace Church,Scurlock & Valazzi,1296.4194984786836,95.06927523825163,25,1486.558048955187,4ec5b219312d3bf30210310acdfbe8533433a4a5c9695091eb1e6d96e0389cf5
745,Northeast,Karim & Zhang,1295.6851750916255,169.93315072004563,5,1635.5514765317168,856429cb97a828fca3af01648a836082176e7de73205b0574b4d4bf9f5a47924
746,Marist,Scherrer & Thakur,1295.6457945916968,83.82654502622279,31,1463.2988846441424,6ebd79b41b10bd2f60de7ab5da2b86364ede5beea1bb4593ce269e6b7e0ae1d7
747,Nueva,Chen & Rabin,1294.8611969461886,105.08145614579811,18,1505.0241092377848,27ce7a612edc5e15361a059be2aeab4268f68d2aad98693325083bfb3eb4f0b8
748,Palo Alto,Liang & Liu,1294.803282120881,114.8829283026421,13,1524.5691387261652,4cf154dfb2f8cd98561d3e786061f7994607a8941d34eeb90f128c4d8c102bcc
749,James Bowie,Ozgun & Verghese,1294.3154736888375,155.74722951316855,6,1605.8099327151747,7f911c2cecde034bad5c977decb25365b13c860b405d2457d4892ebd5827b460
750,Edina,Daggett & Gazzuolo,1293.636945336587,123.58523025054063,12,1540.807405837668,9bd12bef691ec5e4cc8a8ae955606a3814b708c08bc5da81e57932709582da37
751,Monte Vista HS Independent,Gajjar & Vasudeva,1291.976465268096,116.9837881234452,13,1525.9440415149863,cb06fe4f94bba083ad5088ef99262dcdad369da5ec6100499fd89a3f94e9ae42
752,Lakeville South,Berntson & Komlan,1291.8015358233592,90.4217277744635,30,1472.6449913722863,31a768c55e50fb758c8b168cb9e9c6325dd52c30d2bc58b5fc1b9d0db614cff3
753,Langley,Kumar & Skvortsov,1291.4344216149957,155.00156335020964,6,1601.437548315415,8dff6040d74a7290cb4a1e3259fe3d2a9e1015a08d2cb5a1e49e974dfd9ca15f
754,Jackson-Reed,Jacobson & Segal,1291.2027974083298,175.9488511956718,5,1643.1004997996733,35bb91292479b05b5514bdabebb6a8d9a1fa700be5f8d0359bfa7828e872e6ac
755,Emerald,Krishnakumar & Nookala,1290.594061767121,159.07422446055637,6,1608.7425106882338,5afe39508c843ae4fe96d2a5f27c731c09b2d6332937b05766845d1c96b5364d
756,Hunter,Arora & Shah,1290.5442291699742,87.71438783947791,29,1465.97300484893,1e72001f142b8e9e9539d0c70e40c9ee8c0b3f986abf82863b6896433a21abfb
757,Cambridge,Tang & Wang,1290.438821523016,116.03233708004184,13,1522.5034956830998,0248bc29da8aac2db065bb70f3037e370ac6bcdf56c7f16fb87cf80735423f5d
758,Phillipsburg,Johnson & Miller,1289.91645048293,164.76453639234595,6,1619.4455232676219,8c6b687e2c2d00f76ab8740277d074367a251a1654154c663f165b444d457104
759,Central,Geffen & Pierce,1289.7116633006153,119.86614807531667,11,1529.4439594512487,dfa629f96038099b3b429d3b9e8425c6426989f1a8f2574c9b8e2bf55f09d39c
760,Sharon,Pabba & Rajaguru,1289.6843919617074,114.0123150109715,12,1517.7090219836505,031d7b0710d67d530856618f29d84359d735db8be628edfcaf957f7ff7a45fab
761,Delbarton,Amin & Sardar,1289.5510900179356,152.34456622689098,6,1594.2402224717175,2e7fb73c80ba0a2c01d60a257d4b4906790210ebb15c0b84318752fc1d7d3ff9
762,Potomac,Johnsen & Mihai,1289.2879151524348,152.05189975829495,6,1593.3917146690246,4c2f264b41fe8c87e983ed6544fb2cc5fef7eb6eef521bd9ad53f3f923009949
763,VDA - Vancouver,Le & Zang,1289.2056958764429,149.38105501438127,7,1587.9678059052053,88fe8f55460cfacb14e00a589d3acaa2a4ef7e1fbb6efbd9a71ab93147eb9b8e
764,BC Academy,Jung & Park,1289.0597612179786,148.13428873643073,7,1585.32833869084,e14d98f9cb9c12b447f2bfcbd220d68c28c34b3046cd82cfaba3a5737662870a
765,Lake Travis,Bode & Farmand,1288.5296117557432,156.33586995196248,6,1601.201351659668,bdd44d0d65800a6ff8984e9054c7fdb181b0dd9c18a23a238c7c65cf93050a33
766,Marist,Findley & Mastella,1288.2367770958017,137.39017188513054,7,1563.017120866063,1da8526a716b15cb92a5d6e37035a651ab2c4a3d5fa951e70afe288d70f5a73f
767,College Prep,Falk & Hao,1287.5870700379076,154.27771858284564,6,1596.1425072035988,01fa333b25baa973b949878e5f1c50e68261208fbb26586d66350ad0a4792606
768,McLean,Kim & Zou,1287.2064773464401,86.49144032999233,28,1460.1893580064248,7522f726561c247f8a493bd44a3df25fde294c94a3da59217b02673260920c3a
769,Ardrey Kell,Amraotkar & Srivastava,1286.4518191066381,152.63755287174067,6,1591.7269248501195,df01981c68e586c24df4fca1cebca57280d9fdb515b2a5dfb23e016558b719de
770,Kent Denver,Samuels & Tandon,1286.2525653037596,161.07174153630447,6,1608.3960483763685,9a8c5cc66937f0c64bc7422bb9941f95fb82a91637407f63840858f757c9b7e5
771,CR North,Acereda & Patel,1285.8784922096606,111.57530167975607,15,1509.0290955691728,32274b4acd9d937471bb380102ab0de960e2b8cd19cce4bca70bc934a854d5b1
772,"Ridgewood HS - Ridgewood, NJ",Yang & Zhang,1285.8761728077707,157.22516913990475,6,1600.3265110875802,a92d0c4862d17c2c16e1914e4c278872d831dbcda1d4393b208dcd257ad13a36
773,American Heritage Palm Beach,Dahabra & Rohit,1285.7220632158826,113.07157276562506,15,1511.8652087471328,5e214ccde45b50ba3996d3a32c3f4d7de43bf4f2e5a5d9ac08d32fcb23ff0065
774,McLean,Lowe & Rucker,1284.8225568203904,151.60526521475023,7,1588.033087249891,717435e7071806f7f080c26282ce3cd16cd7df73e944b68da3ffb14e96422ab7
775,Harker,Ganesh & Miduthuri,1284.3979413135187,120.15315931571229,12,1524.7042599449433,ccad0a509be64c53f4298530bd5ed6fbd0cf4cbf8311147ce9044e904feaf6c0
776,George Washington,Burness & Chenard,1284.2565524267532,166.8124775749686,6,1617.8815075766904,6b4abf5e49adf7da0c367400731197030c379f8bd81cc21bb47951ca64aead95
777,Colorado,Iyengar & Miller,1283.9908464723342,151.92651481881683,6,1587.8438761099678,5d0da05dfde20b43906734807903380f6e93232067beaa31f81f6bbb00341986
778,BASIS Phoenix,Choudhary & Khare,1283.841048252321,114.8737975629877,12,1513.5886433782962,8fa077891552b336a982357234cd78a56e5ce8b82634d64b9bebb148f5aaff33
779,Cambridge,D'Souza & Jafari,1283.8360093454087,127.88045784374329,12,1539.5969250328953,e0ccabfb0baa7e0595467adf6b509c7ce7e601623b98c301b35e65aca889f6db
780,NC School Of Science and Math - Durham,Shan & Vallabhajosyula,1283.518041751937,168.73518281928182,7,1620.9884073905007,5972109c07e7c00d334ddbd14fbc98eeb5dba2765ca6184a4901a9aa3d08db49
781,Mt.Carmel,Nandola & Pérez McElroy,1283.2295436002564,118.88282337774767,13,1520.9951903557517,7fe6dbc7fd2aab552a0c096cd508ed6e4182b5c829bbe6cf2c56e3bc8dd84a0a
782,Brother Rice,Kallabat & Pinto,1283.0689120099826,119.03092928205227,13,1521.1307705740871,b8a79d3ff6e7fdb319d49b9ea76a396fc1e4903d4ad2aacaf932a19f59271a86
783,West Windsor Plainsboro South,Nurullayeva & Wang,1282.675752562238,179.84092815990266,5,1642.3576088820432,4e64d5e9a7f0dfff6299356878706b9e002116e64386d6d35de5783097a39731
784,Northwood,Kim & Raina,1282.3251929858864,123.18020493540648,13,1528.6856028566992,f233212c9e3e4273e076ef0e03c44e1c5133adc34360a6061d9e1f74735715f8
785,Leland,Liu & Xu,1281.5945303719338,117.316117352755,12,1516.2267650774438,20e68c34a97d5a1e74dbfe8346eecdbb837b09882bd5aa63e95141fc18c597b8
786,Brother Rice,Guo & Szura,1281.589176961204,122.65129471705167,10,1526.8917663953073,6702a41dce398807f0285500dfcec1534d291c5cfb0491df10383b67250ba602
787,Oakwood,Chowdhury & Kreilkamp,1281.1020538749408,102.1465222455624,18,1485.3950983660657,108ea6d1da4147325e37e25520b1d0a5f9cf65215257adc8504e852dccc4c3b9
788,Lexington,Babcock & Biswas,1280.8767092056821,155.01093104103077,6,1590.8985712877436,591c1d415d56d5d556829d241f6283ccc64c2b805ef0bc4dc4c86d631bcc1e46
789,Strake Jesuit College Prep,Hill & Somers,1280.8475765088174,165.2409261020357,6,1611.3294287128888,18b4b25199cd6d2afb1fb5c5f4c0678977bbec666647c3460984b98df98f4487
790,Scarsdale,Ding & Secmen,1280.5370781465742,119.7755095401516,12,1520.0880972268774,ddc1b04c737b39c48f0c7f23af1f29771bef1dd106eeb067b1f3500a7d28f39a
791,Emerald,Goswami & Mamidi,1280.1139123751268,162.269208775274,6,1604.6523299256748,a36f56925f6a917b66b64a654abd2f76beda721a81570addfcb6eb32375c99b5
792,Omega,Zhang & Zhao,1279.8624986786206,147.5884415803192,7,1575.039381839259,557626d4144d6b81064ad8cd55f51936bad7312e339c754420a6404986eb2bbf
793,Sequoyah,Hartung & Hartung,1279.50727547257,123.8876601489226,11,1527.2825957704151,926a61baa3afb1cacb507fb88342aa9d8fe629ff91538b8e426b5ac8c6a85bd7
794,Strake Jesuit College Prep,Sadare & Saini,1279.40142999347,76.25464502859825,48,1431.9107200506664,a890c6c8a10f865c6f4ed7c0485b5c47f0781834fdaf025c004da91f0a9a59d4
795,Briar Woods,McCall & McClellan,1279.1956716118787,150.55713315076449,6,1580.3099379134076,f2394a32a15010478fa3bcd25baadfd3b822c7ce7b18e19f80d9b673f39eb818
796,Horace Mann,Porres & Scheinfeld,1278.9977093664447,158.55084661159373,6,1596.099402589632,e9a7baa0694ecb2f3dc0562bb4fa2ad4ce595a15b5ac32b6ae29248952831e46
797,Horace Mann,Chang & Yao,1278.3440207676922,80.96285886056756,39,1440.2697384888274,07e0b7bbc7af9bd5b006c72158f65e742192074e19cf26f9455f9275b6f72a5e
798,Flintridge Prep,Lavichant & Zhao,1278.047607999167,165.46083186780345,6,1608.9692717347739,6983963bc4481045b73dae941dd10daabe744c51714f446e0351c428cf9d8c22
799,Plano West,Chen & Cui,1277.9591722191708,104.93690400078725,17,1487.8329802207454,cfe96c0d21739a7dc680a1a001cda2dc11526b02c0407b6c17aaa8d52388189f
800,Gulliver Prep,Ishoof & Taylor,1277.805310443972,161.9412073919343,6,1601.6877252278407,ce6a4efe5cc888b8dfbe75e2fecc3ec3b7049279e2718f3116955e26b0f0bbf4
801,Los Osos,Wang & Wong,1277.791776284178,126.71674616719834,11,1531.2252686185748,17803ec8db35c16fc5f1c38af3290780f029ee253d2d423998e8d6ce9285e5be
802,Magnolia,Nguyen & Xu,1277.781679625743,99.37761163679806,19,1476.536902899339,5003c5352aefe23e674672e517bc342ab9261d9747c713c25549b5b953840151
803,Dougherty Valley,Gireesha & Kiran,1277.572819280717,166.33169960195673,6,1610.2362184846306,55241327bb3d25643292bc20f2c6a2c66878d06f517fae5d5ee952fbc8b6372b
804,Livingston,Volkov & Zhang,1277.2312948221581,157.44143660670514,6,1592.1141680355684,ef285e63d7b29cf7f4bc7dd5cff378bcccf2ea84d10d7557da9d09b12ca1a9b9
805,Potomac,Wang & Yu,1275.8728887958735,162.5939595649852,6,1601.0608079258438,011228b597ddafd19fbbf2a77a35289da02a7f50d19878354ebd27f6f617dbd6
806,College Prep,Hao & Jhaveri,1275.782583651356,167.87333214962658,6,1611.529247950609,e875322bf712d73035a53985620978ec73806ec4fc3a14e95ab81eb6a69966ca
807,Montgomery Blair,Li & Tang,1275.2825968633979,166.49138737682856,6,1608.265371617055,2152cfaf1864d22151f328b540fa8b8b01e7f7150286eb3dfa59fdecc706b8af
808,Nueva,Angspatt & Yang,1275.015378968844,123.67392638727651,11,1522.3632317433971,aba0b1dc55928120cdc9ed0e40f8c866d95f8a86ddc4b8989fec9be37532ea88
809,McDowell,Negron & Rastatter,1274.5830582998074,87.16917785291679,32,1448.921414005641,5c107ecb6870f54a0d05d025a9d2cfdf065627b6d4f787403b195b1031f2e1a3
810,Milpitas,Nguyen & Partha,1274.3869190692128,92.10335733452912,25,1458.5936337382711,3d2a782e888ee4c8e2afb89c40f2688c76a379eaf9efe0c10bc7c1db65224f82
811,American,Maram & Pathuri,1273.70712832555,107.21006023131778,18,1488.1272487881856,ec6e39f2cbdb8e04a514c7267273d3f3be5c5d32824e60a4c87a054b5d20c872
812,McLean,Glass & Li,1273.6891524459816,149.3057479580517,6,1572.300648362085,24ee7ea1a128d78d5541a33be0963eb668aceade8a9ded08ed1c5f5886eae0d1
813,Thomas Jefferson HSST,Davison & Kao,1273.6394989753433,113.45418934648492,13,1500.547877668313,5dac96c072d654edc56b367da956ada7047d571374172ea3ee79b6f7fcc530a5
814,Valley Christian,Chen & Ma,1273.4580775749853,110.3582665709381,19,1494.1746107168615,ada0459a4e5836da916c9064675cb36d9037c18d9b2bc3c9549f7f93aea28435
815,Acton-Boxborough,Gollapudi & Liu,1273.108948073269,151.69348904768123,6,1576.4959261686313,360138df3ed0565c22573198845a6b8c700ba1bbb9c63ff23a975b5095c93841
816,Oxbridge,Bruneau & Sosin,1272.2708816812992,96.31724595333777,19,1464.9053735879747,8b15e60576de8cb38edf0fbde59d5f8cfdb621d95c6f52863ca9ec95d4121cdb
817,Dougherty Valley,Jamal & Mallajosyula,1272.1414840716188,124.41387802020158,12,1520.969240112022,e48abda325cc696399dc143e8d11c9c9280ee878d18b47737653cc87c742eb99
818,Equality Independent,Burke & Zheng,1271.510558967083,163.7625662743124,6,1599.0356915157076,3764506534861144fd7bd8fb532ed028f5e550a613360cbbd40eb55c0369180a
819,Bellarmine College Prep,Arutla & Vijendran,1271.4965543939445,121.93909165302874,12,1515.374737700002,32896cf799c0e19ba31f5b509bea82297503908b841c0c2eace5262d8050079e
820,Pembroke Pines Charter,Ayala & Ralfelt,1271.156693159093,150.30454758247666,7,1571.7657883240463,8996fae4c817ba671d7c07f7cf31cc833b284d55d81329ba02e5e23cafd74847
821,Able2Shine,Han & Jiang,1271.0986972591825,98.68673843637018,18,1468.4721741319229,a6d1086009c2f97665885262b0aac1146e2e4e4c1b587bf8fe61f0fd2722f79c
822,Los Altos,Balan & Lee,1269.0371871361272,103.1810567849957,18,1475.3993007061185,af6752a16a4a8522f9da15b71fce0248f3aecff185d04a0cfc0900aaa82c3be2
823,Leland,Gupta & Patel,1268.7225440458885,121.4678824958426,12,1511.6583090375736,2eb531829b0c83a90756c6a2717f07506e45f4d2c6db079633a24a351a6181bc
824,Monte Vista HS Independent,Balaji & Muthuraman,1268.539751960086,158.63745185472507,6,1585.8146556695363,942ad13e4af6eb51ce471c27679121751689f2ed12dd8270e46c280a7594480a
825,College Prep,Acharya & Boscardin,1268.4179262336868,152.39128244954054,6,1573.2004911327679,344f5da695af378d557a67bd31174e4bf7d7c4594d43ed5448244858b8f403d3
826,Cary Acad,Bolt & McSwain,1268.352846460587,114.43197997326543,13,1497.216806407118,6d56d91c5bf3b90927df698b4036fd7e74bce0450df544b4e7cd3c72edf509d3
827,BASIS Scottsdale,Arul & Wong,1268.2381509410247,87.95673260991823,24,1444.1516161608613,7e348013a142eb8633ffac6e894190652e9586053faae8d326dca71b0c0c7804
828,Fairmont Prep,Lu & Zraiqat,1268.1664531333217,90.98313873453769,24,1450.132730602397,e8e6e3f9b02aca0c6e00f6c8fb23efe60e4045df7a22922d4cb324e72e208289
829,Loyola,Min & Oh,1267.874259312418,105.64976284095167,18,1479.1737849943213,3c8c08bd24078cdadbcb89fc73b2f00899917005ba249c662ebada03101f3d95
830,Arlington,Joo-Soto & Ryu,1265.415737603752,158.70764850868272,6,1582.8310346211174,46bffd210ef45429e505d7e8ac024ddf08cbebfc5ab5c66665878daf550b71eb
831,Awty International,Ajani & Xu,1265.3546367729055,163.36730324190611,6,1592.0892432567177,90ed69090a92c75e9807d0ae02eee3f0cedf834da619cdd7d0f6e9a39de5794c
832,Quarry Lane,Li & Visal,1265.2240122730423,130.62331008465443,11,1526.4706324423512,1fd4b20cc7fc024feb4d2ea403c615d9f1a5568aaaab09493e1d5766aec5057b
833,Ivy,Choubey & Shah,1264.9158117767497,165.22715624181728,6,1595.3701242603843,55efbf2d81fc1341f3e7a4398789c6151ff555fdf271b54f662c792196b149f6
834,BC Academy,Ma & Yao,1264.6758617651903,145.02063934060084,7,1554.717140446392,c1f39fcdc6729ecc1e4fd26e5d8392b416bbf0a124671fe07047e47c66fa5711
835,Oakwood,Fischer & Light,1263.8953979854803,85.30477188444841,29,1434.5049417543771,0af3f85f26f93cf4c8e94a6c156a250ace91efb2fdb235128f0247542db846ef
836,Neenah,Bushman & Hodges,1263.5450213786107,154.9086032256986,6,1573.362227830008,a7c405f1aabff5cdf384f7f78b10c708751952f2391a08ea6c861bd2d45af16a
837,Fairmont Prep,Tan & To,1263.4166611566752,148.0795771467304,6,1559.5758154501361,03559af11b1f13d15ed8a7fef4f62b686859dcf3cb9241e5af176265e306eb0d
838,Horace Mann,Ergin & Pinchuk,1263.1365665546596,126.1793761691476,11,1515.4953188929549,3e4e33a4e30434769c8c664b5e9dbda44cd9a83af0480c339c18baf84934a52c
839,Livingston,Shah & Wang,1261.5612057263584,148.91871507205275,6,1559.398635870464,4acc27f3a49a357d885d9de451c11158e0bacf4f745d382eaf8898692a232871
840,Eden Prairie,Baroda & Challa,1261.0538635818707,90.32609357281254,30,1441.7060507274957,72f580fa4250a157a7129419fe00c0dd808fc2ed8c4a745a79de532896452d53
841,Penn,Doland & Wagner,1260.0578795712909,143.35308571938518,7,1546.7640510100612,df834652a1b1cc1ed2cb0f08a9b9de973b19f0ce10e65eab80ca1877d209ba2c
842,Flintridge Prep,Lavichant & Zhang,1259.8774299864983,148.82959030761776,6,1557.5366106017339,56d8de66ef0a7701d376c85b8caaf7d701cfea4177f685c831849156a9ec848a
843,Denver East,Kang & Rasmussen,1259.7721665594793,154.59061423934403,6,1568.9533950381674,dc5340a8a8a35a2fb977df90c2712e9c9dadbc7ef033c20e21d3e3719c162213
844,Olympia,Senatus & Williams,1259.5748194683629,121.31983255944982,12,1502.2144845872624,fa31a8b059680f00c761998b63e98cc7daa93115839ff59141181e0050ffdbab
845,Head-Royce,Reddy & Weiss,1259.4840370153947,102.54663343401583,19,1464.5773038834263,8a7358c45c5a02139a7c3b3efe4e93275ec990495d9a98609b89648fb710fed0
846,Park City,Gladson & Kuck,1259.3336934203382,115.19790073459312,13,1489.7294948895244,e4f05a9949d7398fb27c3d5c215a6578e2ce313072a13bfcf00abf3142b89a69
847,Lynbrook,Gao & Tat,1259.3219264930913,107.37260523547961,18,1474.0671369640504,98d336f086a4b7ba761788140a4e9dae019fc4f09bcb77301075d5f93bbb07e5
848,Cambridge,Marsh & Tang,1259.0608617799105,138.64935688376121,9,1536.359575547433,2a251ae140724e3f882077b81af82f033a50e2958cb66a3b4b014ee0519091f6
849,Solon,Andrews & Buldum,1259.0445472248616,156.0298395776432,7,1571.104226380148,2a972ef019c388fab3f3de2b3faf7934d67107c9c916aa03e15b7d2230a8717d
850,George Washington,Englert & Santucci,1258.5460665461526,112.18027257190673,16,1482.906611689966,7106c3c077f63003d433e078e62da8c8ad87b2ac36d3d16d017680a982f2d975
851,JR Masterman,Dhiamandi & Gada,1258.255052988211,190.06505468673916,5,1638.3851623616893,ea21cacf0427620d3149206543451b25757392a35b922a609136e15f96f15d87
852,Horace Mann,Au & Gupta,1258.1717009921035,115.1497686690166,13,1488.4712383301367,97d6c1ae466103676026eab440664e64600cc6904a96f0eddd6385f21d8e549e
853,Fish War Independent,Heifetz & Ramkumar,1258.0879866241255,158.83482356618595,6,1575.7576337564974,df900bd431a66d0f63900b1946b0c33c3c0aa970939f822ae6cf51877268fedf
854,New York State Independent,Chan & Tae,1257.5632573626208,160.17515370764556,6,1577.913564777912,93accea427a24c16f931780eb42fb0330d8647cf773c81d5ff2dc501094f9e1b
855,Harker,Ahuja & Hu,1257.3716076233563,168.76534925681955,6,1594.9023061369955,751c80e21e4d5e7261fd2ed5fdae6e171b9b5529c9129c9deaafbfa7d6414781
856,Regis,Charest & O'Sullivan,1257.3291830779817,92.4846719723824,24,1442.2985270227466,cef8296f4c7a0261971479dabadfb1f7a76715d34644707020597cf58836c2b0
857,Pine View,Kakkad & Liu,1256.9947335381635,122.52293559299795,12,1502.0406047241595,2c7c6e3ab91674c19f8bd497293bd69a3f8f591f74849e0129c1a189d9984d66
858,Germantown Friends,Sethu & Zhong,1256.9286686585065,108.65523590791875,17,1474.239140474344,c8e427c41fe4ded927358094f59cca81b9a06e0dc2d04672f71abdb5a6facadc
859,Miami Palmetto Senior,Sharan & Shaw,1256.8088115672394,160.17443051904044,6,1577.1576726053204,7921f13b2a32461d426be375912ba03979b4106140ecf856f8f53dd4a2efeb17
860,Trinity,Husain & Jackson,1256.6066969539488,115.71805391036335,13,1488.0428047746755,a64340eaa799ec4cefc59186689445bc1abcd60d87049fe054f6b230f6f382a2
861,Harrisburg,Cauwels & Hofer,1256.2359763203438,167.79217140984883,6,1591.8203191400414,6dc28959354a8e96da8e1687659543efdbc88fb43b72f288b956292418232d2f
862,Cranbrook,Tang & Wu,1255.7416078704846,89.56647128639251,24,1434.8745504432695,b768af94dcc1a39016c377ea286d606cd8416c84c32cc5ec19d03157cb4fb311
863,Bergen,Hoshovsky & Singh,1255.4618364917844,149.47800798670917,6,1554.4178524652027,8799bee397f7f8ac88b8bea7d1cf2a28e6c1de534dc0d0fb7eb0876b142079fc
864,Hamilton,Kalmadi & Zhao,1254.687179230469,121.20275576584626,12,1497.0926907621615,750a4e0e8e418cb22de27d375ebd76d4a2548e3f2d06dc2220554722298935f3
865,Scarsdale,Chen & Zhu,1254.2797796183177,119.24206242674994,12,1492.7639044718176,d0d123a085736a8999186b20eec564b98a9e7fc2487a7f2cd0d35507378167f7
866,Scarsdale,Andrade & Peng,1254.1780169211263,93.47148901392805,24,1441.1209949489823,ce72084ae97e31a1ff7a63691105ee55d60b1c805aa84b41f7d309cbe641d54d
867,Lexington,Hosamani & Marri,1254.1435327866932,159.55039632562412,6,1573.2443254379414,712e87461f140c13e07db671eaa0485c2012fff976ae4f2a7c1bf0d2e702d599
868,Bonita Vista,Oani & Scott,1254.1314412287163,150.42114223338362,7,1554.9737256954836,5a877f6cc4308da7fdfae72dc16dadfed37e745dea759f50a4f885abc0914cd8
869,NC School Of Science and Math - Durham,Karthikeyan & Shan,1254.1157427858848,162.65382414621433,6,1579.4233910783134,f673d8c14b2ae200649a3b66ce1e9353ddec3f36cc949daf4084838edd84c380
870,Texas State Independent,Puvvada & Rao,1253.8049369877745,163.70160652616795,6,1581.2081500401102,af81963a7e1cba2c2aea058823cceba26e94b7d7d556df568eed978bee85e588
871,Frazer,Kim & Kumar,1253.7635591389057,157.14781983861252,6,1568.0591988161307,24ffb6c5be0352978c285873d300ceee3e6305e1adce87c08f6cf4ea1c4a6231
872,Canyon Crest,Goel & Najafian,1253.481525532642,112.15547833686485,13,1477.7924822063717,d7789dcde74afdbbb19c0b42f3c93f340c0779008ca65cfdb94afb5f978c2291
873,Mountain Brook,Pringle & Williams,1252.5848976602372,119.33915536634616,12,1491.2632083929295,6783f07c2d61ebbeb358ba5cd33303eedf6cd50d9a202e2ac529f26c4a269751
874,Canyon Crest,Hudson & Solomon,1252.5647173080702,102.44077669548317,18,1457.4462706990364,f19d99d9d1f07d786692801d1e453befce6402ed3e6e71aa4d12b932115399a9
875,American Heritage Palm Beach,Isaac & Shuter,1252.5617232549482,150.06806173224913,6,1552.6978467194465,526c5d5a5d89611ef0dc2a05677de081739716f78d5f33839ec346db6c9f4818
876,Dougherty Valley,Bansal & Shah,1252.0519956925345,106.8021903028243,18,1465.6563762981832,15b7a60ee412d1ea514e580dedee06133b68eb3149b67904a1313f1bb494b132
877,Eagan,Bonthala & Nandyala,1252.0463538534825,137.06210369225013,11,1526.1705612379828,143a69fe9c53609f2673a5f83777ccc9f2f48be0bca25f13cae7f6e23f86a6ad
878,American Heritage Broward,Fateev & Shin,1251.572848030425,145.80408139276383,7,1543.1810108159525,a4e44698781437e6d17a16c99ee2d5a8a3b8a00e445c859872692b9cd87a0eab
879,Able2Shine,Park & Wang,1251.2703683078973,103.46308732516066,18,1458.1965429582187,87de3579035c5a49e872ad9a19028091e17dbceed1b43a4a32767b037384edb0
880,Bergen,Pinchuk & Shim,1250.8815552745068,157.31929683090948,6,1565.5201489363258,11c0a077581559987d36b31ee5b4b4a0c69253f232cca388c68d89005bdedf52
881,Westwood,Hu & Vemula,1250.0455488882183,122.2920393786754,12,1494.6296276455691,4c62f18e36e0ed92579f11e6a563e46179175860f764e43c85d7f7658e08b90b
882,Vanguard Independent,Kandula & Khandelwal,1249.9551402935838,162.5320474383251,6,1575.019235170234,63a0b2ce4ce11b804a1553d1b2c8c8595399b9c8378d1d80d58c7971c2f1bdda
883,Westborough,Chinthapatla & Sharma,1249.6142185384867,155.09667537541318,6,1559.807569289313,af62c6794beb81081f6d89e9f9057eac438ddae103e7d24501c5d4b5e1271ddc
884,Corner Canyon,Faucette & Messerian,1249.0550769848487,165.24101472005333,6,1579.5371064249553,c996cd721b84090addc7631d85bdc1ea0c2e1de1cb9149bc20b50a70c55ab6c7
885,Edina,Daggett & Menning,1249.044566391019,145.46066032077744,7,1539.9658870325738,50869b4f242658063f0dc9e854be4cafc36889524613e3914a5529e6e5716ad8
886,Interlake,Kim & Wang,1248.8912614059916,109.54129757430465,19,1467.9738565546008,8c63df52eae98aa1b6c1b6a4ce381ddf5e5b8e9f9cc08be0eefc2d5e9914f556
887,Aberdeen Central,Borchard & LaFave,1248.543826329114,171.07495635132705,6,1590.693739031768,bdacc1b72c652876a4f09f08dde896c01fcc86f6eb0cd635664dcd2630dca352
888,Midtown,Brawner & Mackler,1248.4989060603184,136.84714198913457,11,1522.1931900385875,b8ab76998633f668d7d7adbef21edd1be589d68a35e85ba7c7d72f2fe13c30dc
889,Miramonte,Deng & Loughran,1248.4980977524087,157.51515213311188,6,1563.5284020186325,c6e83aef00ec3c85d6d51e6fb8f626dd9709d12929545e4fff5cb1308a97f688
890,Brearley,Carlson & Schwartz,1248.4286741486753,129.5192684796878,12,1507.4672111080508,d8c6e4a254d343d4ac457c9358e87452ce3f8b3475b5cbb1650c1aa29628697e
891,Phillipsburg,DiMarcello & Khan,1247.6271772998175,171.4399096680775,6,1590.5069966359724,39809d66382ea8c0f601cc11c875a0161fe23577c818dbd83f9e6f992f6f7a0c
892,Phoenix Independent,Ahilan & Shyamal,1247.1842030627224,143.5110046493335,6,1534.2062123613894,5a19ae714ac1eb01448b9e49136792aa34c5d1c98936f0de7feab7a8694a077a
893,Dreyfoos Arts,Fiala & Mo,1246.167437453804,160.6585699093769,6,1567.4845772725578,a9a13fd8405d15ff925eaac99c742e3ddd34be4a3bb32547bd26ec82141d1ab3
894,Blue Ridge,Choi & Zhang,1246.13998100026,120.54991305906546,13,1487.239807118391,01d0e8560cbb8e66e425d5fbeec054ce52748afe795e9431d4caea783e9790b9
895,Dougherty Valley,Gireesha & Pal,1245.7103877609163,164.42289500717433,6,1574.556177775265,01b60fb9b413cf29b473854628fb3de82f5b4780f5a4865e5297dcad9e2fa929
896,Bronx Science,Benabdennour & Elshaar,1245.4816025366258,124.65834817881664,12,1494.798298894259,142fa9ffb250ecfff235ec1aa6108b8d9edeb75bf62946be67934d51dc2a3374
897,Stuyvesant,Liu & Yarden,1245.365931205287,158.78305881370082,6,1562.9320488326887,3404ee5cabb86e17fa2c64278c72a0a97bb9180c547fed4382fa65d6f3b7e7a8
898,Monte Vista,Charlton & Pant,1244.3962173166146,155.5652327207959,6,1555.5266827582063,16d5857c50d990c7da85154b18886457b6d6308b8fb6455d9525a6debdf62339
899,Hawken,Jaffar & Mohammadi,1244.04748592321,122.10845624375928,12,1488.2643984107285,711412cc3ee3f5ee9f2d8a2e822350b35c2badc39fbe8c87df38b9464e001b82
900,Hunter,Rodriguez & Snodgrass,1242.7366817498764,86.0004076002793,32,1414.7374969504351,0618f6f96caf867e1ea33992858a816f2c30c7d25d410ca3fc4d09e44c5f8ad4
901,Bergen County Academies,Goel & Mohamed,1242.6533381945742,156.59933761493323,6,1555.8520134244407,475fa993b06f175869cd7113a7d14141ecf6e692546b135326f9e08298583773
902,American,Mishra & Raghav,1242.3873770555667,121.13011262420025,12,1484.6476023039672,7b35ef2cdc2b646a4372a92d0db03962945ef282239da09d1ae40f9a989fb671
903,Lake Highland Prep,Ali & Muppala,1242.1301976524562,171.87494968975525,6,1585.8800970319667,795f9041cf24b8be80605e6588c45bd34140e71a0687f254ba89d352655a6030
904,Milbank,Graham & Quintanilla,1240.427225455648,166.47210190457554,6,1573.3714292647992,7fdf113eb7d8ad6967093a530c329e2a4a71e6b9c6771eb44d617345e6f45f16
905,Delbarton,Amin & Caravello,1239.9403617889625,102.37943363671089,19,1444.6992290623843,802c1c1ab616000de03095d85424a985bf0f85bb9ca78279edaa8df0a47c91e3
906,Eagan,Arndt & Simon,1239.9377476571165,151.05397708947143,6,1542.0457018360594,831fcd239928dc31d7708ab959206621d2741485aceba6e12c6e90959e6cf900
907,Johnston,Dhanekula & Qi,1239.9369045095116,147.95162681170348,6,1535.8401581329185,82054ff1e0d2b457cbd0deef3dbdb104f3cbbe1cb0808b834301d42448860d75
908,Delbarton,Hosler & Sardar,1239.1536279121226,86.29362308765985,29,1411.7408740874423,84a9047886fa6e828d9d035887bae052d657588482d9db4cc3b66b40e45ef5bd
909,Northwood,Bhootra & Xiong,1238.8997167374916,105.64251229217514,18,1450.184741321842,2771feffd4138328aca9c4040513fa89972e843f1bbd5d107ff3fe2c003f8501
910,Hamilton,Mali & Muccala,1238.6629527149034,110.14797755527546,17,1458.9589078254544,c3bbdc22036244f851dbfd0ae41c610344f3abdb94e710621b1c4caf8893dfe0
911,Grinnell,Crites & Stevenson,1238.5003776262745,156.88042481210402,6,1552.2612272504825,79881c8756aa82b2b311110a56d38698e8bf10c19281bcbfb3da7f5ce7dfeefc
912,Apollo Independent,Baddela & Hong,1238.4897380045263,157.32781237697765,6,1553.1453627584815,1b92729dff6f08d350e60e6f3f33efe54d4bfc88feb5bbea6908f366f353b052
913,Corner Canyon,Babcock & Eckersley,1238.2657455240449,164.3538020577338,6,1566.9733496395124,687a765d63d679e4c4879086541469e5904aca0703a3250ae8421ed83b684d52
914,Fairmont Prep,Bhalla & Kan,1237.1719930676463,131.8143529721453,11,1500.800699011937,e3d1e386b2d00c44857f9965765819d7a1dd9965eea7f464f834d151ee59bff2
915,Golden State,Chen & Kim,1237.0412022342875,126.08870388805451,12,1489.2186100103966,08605667d326e6ff39c8ba49f8e1062227e76f447a07263aedd0347cbc4c09e8
916,Granite Bay,Konidena & Sharma,1236.8446144320724,150.8663975981463,6,1538.5774096283649,5cef741ce78b099adf71438eb409de35d68c4edf29adcf18b78a796a092d716f
917,Harrisburg,Olinger & Wells,1236.7973704248739,181.59397092298923,5,1599.9853122708523,c10d20bf3b7375fc190a2f4832cf8be632758a2312261ff3dc242cdb9da93113
918,Denver East,Bograd & Zabarsky,1236.7777854461779,172.65072525414513,6,1582.079235954468,4e95b22aa9b48f9ab8dddd8207b338343b1386d96b83bf2b05e840d4b540893f
919,Newton S,Kapoor & Thomas,1236.4255029451801,160.65314640706703,6,1557.731795759314,c10a9ab4451eeb14e8abc16748fa6bdb35b87fd4536d8795ddd448f2e2a40c91
920,Granite Bay,Kung & Zeng,1236.2874001965522,164.7485440334624,6,1565.784488263477,d632d402c6786aee2017ba7215b214ff4035a01d3beff36e18b429fe6c1e94b8
921,Ballantyne Ridge,Ramesh & Shyam,1235.8783695474594,152.31298644248454,7,1540.5043424324285,99bba3371522d095923c12d5ae6d0c479ebb3abaa6496a82f1befa9b38c9eeee
922,Overlake,Bhandari & Shen,1235.3314861726003,149.5861318688826,6,1534.5037499103655,6fec7d2472ca449b54c2a68582261295d183875dc807eb4dcac97f2456f4c004
923,Amador Valley Independent,Gao & Jeon,1235.3208937414333,113.66028969129411,12,1462.6414731240216,1e134fac114e823a8df497abb533c3d701bf9777f3dbe091b303001601d65fd1
924,Chattahoochee,Kang & Ra,1234.8028285188707,171.21027120903625,5,1577.2233709369432,8fc3ea7d4b4311f2b46030eae8d09d0cd7f720063de7021f740a3fa4f9e4ab13
925,College Prep,Yearns & Youman,1234.8023195584715,126.30064288471938,11,1487.4036053279103,75bc3568f32a8c7a761b849f30cab30a30f33b542ba85732b1f2bf7b337216e4
926,Brentwood,Chou & Johnson,1233.544927176074,165.11367633572405,6,1563.772279847522,7cd8d5838bf14a96ba4a56c919ec4a2f88ed1a135a99d314b62d9ff3cfb48803
927,Cranbrook,Qian & Zhang,1233.2992080394265,157.7484134414904,6,1548.7960349224072,ef1d3571392cc24923e37588335cba8c480b5bd414df9d491a32e2a5c020c52f
928,Avenues: The World,Yi & Yi,1232.394103258123,126.2939763849464,11,1484.982056028016,065d4ab932588afb91094f20abcffaba5acfc53eaaacb135234de58d28a96580
929,Stoneman Douglas,Dinnis & Kathuria,1232.1803985343267,116.60491830018127,12,1465.3902351346892,15961913493296ed4a96fe73991ec136c3f19cc7df169375cc7d160e35118dab
930,Apollo,Hong & Paul,1232.130348065812,147.66637521324782,7,1527.4630984923078,55c31e847e4aca0f7d5897a11d5b0640da1ed8296c88ea13e3d86f2e7f9aa69b
931,Campbell Hall,Belanoff & Dumontet,1231.2911281255938,86.23028391615033,29,1403.7516959578945,836d95e79a099323de282ef1762995e663c420e56efb47488bc6ee02cad1c548
932,Fairmont Prep,Ghaeli & To,1231.2229298945008,162.11385710884264,6,1555.4506441121862,721c59243f12446ff517b330aa4cc233cdf28e86f7b8efd26cc07668ce2411b3
933,BASIS Peoria,Peddireddi & Sumesh,1231.0700251694584,122.36374935061325,12,1475.797523870685,b6549654d30e9e269e1981ff8af2e68979ddfaf1723e9c9d479dadd64f8c0839
934,Bishop Moore Catholic,Len & Nowak,1229.7377141044094,160.76328341614973,6,1551.264280936709,78f03b6d21baf70ad24eb15f7eebdb3a9f45778c0b93c233159369361e71b952
935,Potomac,Bose & Peddibhotla,1229.2598939786344,99.60675915354162,18,1428.4734122857176,f134c51b47931e4ea03227e1ae520230b56de5ff34b3b089f2d1bebb9f20c8f2
936,West Windsor Plainsboro South,Gupta & Waikul,1228.952699228115,135.47201382663442,12,1499.896726881384,ccc3d8bc2ace140ee2e8a177dc52e500c590b9c8e0cbb820b9cb6527e7c6fe8d
937,Edina,Mehta & Meredith,1228.9146482188178,165.4403674324399,6,1559.7953830836975,4990f9fd393b6d344754585e9af24357c38868be84b5af5b6b48c07c3ac07795
938,Fairmont Prep,Kan & Wang,1228.2979478570041,156.88618472757304,6,1542.0703173121503,fda705edf13572fe0f135f7966f6d8578475e25a9cbcdc19f1780095208a8345
939,SA Midtown West,Omer & Rabinovich,1228.253976711153,158.63944931439875,6,1545.5328753399504,5f5d6d69b118295dfa8bb2ed0471830b4cefe8ef8e6e50aebd5dd5ae3397aea6
940,Lexington,Sawant & Shen,1227.1035374129478,106.43053319956807,17,1439.964603812084,51d00b21a98419f81854f4109d3ca08eb7fcf7beab958f04e230a14ae3e603ed
941,La Salle College Prep,Jackson & Petrosyan,1226.7921663790946,127.02454364875881,12,1480.8412536766123,94dcd8ae704c8f8d321dc54c7dd8aea15def713409c8aacc52f427e0a8d8d0f5
942,Bergen,Chen & Shim,1226.6874167156393,164.2913273823917,6,1555.2700714804228,9a557278588626a93e8a7b830f65ed2937229fd766097429c209d31ebbc57026
943,BASIS Peoria,Korpe & Moon,1226.4883042164947,157.85445821506102,6,1542.1972206466166,6ad30dc33702c415720b88019e34ef7d31b6f1c3d14d655e02dfca64ef9ed127
944,Lincoln-Sudbury,Immonen & Karmacharya,1226.2023854505107,163.99614710616035,6,1554.1946796628315,2f0c1fa23cdf26429759ed01674c6a23c6d2f6609e65e89c1f740f071e66814a
945,Lexington,Marri & Zhang,1226.1518181013278,109.18095080134158,19,1444.513719704011,d1a86df0d112b44fce5e9b3fedcecbafc33a68b6f107339b5a0a8d2f30aa9ea3
946,Walton,MacColl & Naor,1226.0193993299197,160.06246591893535,6,1546.1443311677904,e0c60feae475894bc49473be0c61b39ce10424e0f1a3974540462b6584f64b5d
947,CR North,Acereda & Xiao,1225.6755809872723,164.35434665302498,5,1554.3842742933223,e678b977d26536aa162dd8c255815fdf70e187cb1e654abcf71e4bf9954c35fa
948,Brooklyn Technical,Banik & Sharma,1225.6596748802235,164.09357179534956,5,1553.8468184709227,1c6392bd6849a652e1d9fb8876d9e0e143298c7de3c32428bb2a419212d61a73
949,Ridge,Arora & Janani,1225.6140218802543,106.56502424792674,19,1438.7440703761079,f9ef30a417164b87790f25fa2d7d7acad7856220c028d3df8e51c1d59d9ad820
950,Regis,Marks & Moreno-Naya,1225.5917631075376,107.3916620405932,17,1440.3750871887241,84b31ef01eae1f901f382980b0e0c6386361500df94c772a968a8265b08d5ac5
951,Bridgewater Raritan,Gaur & Gumedelli,1225.2577500558712,157.32333370034792,6,1539.904417456567,be36ad8a2ae811098bf60f3503fa0e659c09b38112d40c70188b1d8945a0726e
952,Sioux Falls Lincoln,Ramirez & Spaans,1224.888831707323,167.9727414208944,6,1560.834314549112,6ca82e9a336ef04ebb16b7e49d6d9398d7d0d5ea8bcaca892064693bc3c3d158
953,American Heritage Broward,Alvarez & Shin,1224.6904865815882,159.1603152908012,6,1543.0111171631906,a56c3f49ae1970847ecfb487c4f48dc10bb1a8616ce7940e4f80c8ebbb0c9d65
954,Newton South,Adler & Wu,1224.6376462602852,114.80388331668028,12,1454.2454128936458,265425e55e1cdd467820fd3ad0a5e717613c8806e0b838ccbe8d298e8f6199ff
955,New York State Independent,Chan & Sawhney,1224.5623747723678,117.0366808445646,12,1458.635736461497,2cb5b7a1f8c1696b21ad012a24d1660be2b27965090d48a8885f9a5fe72f58c5
956,Claremont,Luschei & Park,1224.4130807677152,122.34162536703927,12,1469.0963315017937,9b95ae941028ce9435f62445bcb5bd14e661620ba1a4ac1e35a16629f2d47abb
957,Bronx Science,Lin & Pathak Mehta,1223.820633628315,131.14554677563248,11,1486.11172717958,8c614b6af757e98ae0d615fa54df04d1d38c1932cad23610b3ca5db0543e4be4
958,Valley Christian,Narayanan & Shankar,1223.541734279535,153.75649322785213,6,1531.0547207352392,93e33a6df25986bccbdde19f54f1fb57d567f2d638d6ebea2be3d0bd795c3599
959,Vel Phillips Memorial,Dasgupta & Lankella,1223.5142075203553,164.1444655725424,6,1551.8031386654402,a2d278f4d0404b62955780842fc20f3aa00bae3629a1a99da5cbebb2b1f39267
960,Maret Independent,Hernandez & Lee,1223.3173875900093,161.71669658288428,6,1546.750780755778,72ef3cd582d67108af768846b7f0c79f10a70a72be8c87fa7e31116927e8218c
961,Bergen,Kim & Song,1222.851427281871,160.69859524446449,6,1544.2486177708001,87e8c821a3cb114b21866cc87857edfec4ff6ef993cb7de431837ae92d688476
962,Plano West,Ayuluri & Vemireddy,1222.492155069421,159.80620349281227,6,1542.1045620550456,72d4b8a46132c28bf2ba910f30d157124c2b9068e3b9ef9930271e8ae58b0cba
963,Bergen County Academies,Chung & Watanabe,1222.4336974580247,158.25432328136807,6,1538.9423440207609,a5bdfd89d7425efc451525b6b47e5550296e99ad31e170d8b42915c1d13240e8
964,Central HS Springfield,Hudson & Kleiboeker,1222.1232012213484,122.50167431346168,12,1467.1265498482717,bc2f7f6e4c8eb8c37d5da1ae0e72ee5edf6e9a628c556ea94320defb6f0ff773
965,Emerald,Ramalingam & Wankhede,1222.122831472527,105.26399652605944,18,1432.650824524646,18c90ed96fc3426da38382e8204049728dcbd26d20e91583e9df25c59def17e2
966,Ivy,Mohan & Moran,1221.5669882888642,119.35288823279419,13,1460.2727647544525,e90b332cf91a5f4ec6ea71fae2afa29e60a95426e7abf7b301c9a3dfe67b614b
967,Foothill,Goel & Shin,1221.4587900670558,169.45684223471034,6,1560.3724745364764,aa796fa50e6ebb6d0419dd7a466bceffa7dbf3c61dfbd59c3146f8b3dd595d3f
968,Stockdale,Corona & Jiang,1220.7538404709094,126.839696447911,12,1474.4332333667314,f1d650972d385f44e6261c135c728c9b43f5e2194419b761569379d5ecc2c7c0
969,Charlotte Latin,Ashri & Zhang,1220.6729199613183,160.2419491728054,6,1541.156818306929,6fd2a5c9f44d2039edcbd2b4709c29ade62ca6ea1207e2ae21441bec43449458
970,Arizona College Prep,Thomas & Vallamshetla,1220.3260048604363,151.50093438231337,6,1523.3278736250631,8775baff50d0ab5584242db36aad21919f64253bf3b817e71e5b3c48ddf6481b
971,Los Altos,Chan & Chung,1219.933862400635,153.70645625200592,6,1527.346774904647,4d05a47cea6a90c8754ab8c23dba0f6164c2b060ab206ba39d6132dd38c6979a
972,USN,Cook & Sinha,1219.2838736913407,158.20393254606097,6,1535.6917387834626,3f443b2135dd2a778564299b928ffa8a1b83bd918c98a580641fe0601aa2fdc7
973,American Heritage Broward,Vasilyev & Wu,1218.8370243474071,169.36160978891337,6,1557.5602439252339,207041206e0351ca45fc4b05bce4f9fdb7294aa00d3df039067d4bcd2dfea6c4
974,Eastview,Cook & Miranda Morales,1218.820486888055,155.3367360899384,6,1529.4939590679319,a6bf09cfac797928e124a13373b023f179d0ec1ebb3e912f985da7b421482fb7
975,Hunter,Jetley & Wan,1218.7325078050887,156.34204402780924,6,1531.4165958607073,06d8047b740aed8b8e2faa61fef6d2aaf452e2843c4ce2e8f994ac665cad78b3
976,Honor,Lee & Revagad,1218.2738504191998,168.48098250659237,6,1555.2358154323845,3151db6cb3b9da2785a6b3d327ca8b68c7188439c077e737d59dce9be18807a1
977,Potomac,Tsai & Wang,1217.7768132609744,113.18208227607347,13,1444.1409778131215,f47ddcffe47a2b2bbc4b4c8d502791a1c449732e9396b077f978dfcbec127fa8
978,Apollo,Arikepudi & Baddela,1216.967077161078,168.09976696693673,6,1553.1666110949513,eefddbcfee43b3216977bd658957c12a4ddad58e3f4520785df72f91565954f0
979,Omega,Volkov & Zhang,1216.3208119181925,162.04850150358007,6,1540.4178149253526,2a7ba243d9a4ab530dcd581982f0762e83143bf5ae308660e50a1ffd2de99026
980,Horace Mann,Ergin & Subramanian,1215.6497717138723,146.264133419877,6,1508.1780385536263,42b39b04e21b65d0b4d2c45496e87089974579a587441840f7921e82dca68008
981,Granite Bay,Peters & Zanzi,1215.4181856711043,162.31569507712896,6,1540.0495758253624,0245b0bc304d33d2045baa8191e8fec745c37c838f97bb0abac7bc2e1f6bcd48
982,College Prep,Acharya & Jain,1215.118629593091,94.26243598918342,24,1403.643501571458,91ea0a8223bba822c01c3ba40352a0cd1ec456cf4a8ced2a5b1afa956b126a24
983,American Heritage Palm Beach,Howe & Shleifer,1214.6598122071998,116.45049016395954,13,1447.560792535119,235752cc437cc098634e062dd6e8d382285bd583ad54b54d49d0c2d99e593b9d
984,Speech and Debate India,Bothra & Khanna,1214.509657896776,159.18579748561456,6,1532.881252868005,129897017e43c5af5f3a0184d895b1b8be4ee70a348861ae14bbe6ceeb578553
985,Potomac,Haque & Wolff,1214.301847471404,173.62168595622174,5,1561.5452193838476,8b3a391098f30cce88588eb167942e922a455a5606a954802e35036f6bf3cd01
986,American Heritage Palm Beach,Pasupuleti & Zhen,1214.1930914478473,103.6336626577877,18,1421.4604167634227,f980e1c27ec37b1ecdfa38deff976ac2532353732ece8c4272dbb10ef454c2f5
987,Irvine Independent,Patel & Sun,1213.7937184965053,164.11279286120163,6,1542.0193042189085,ee2b2b84cb4af75ea304c330c8ecdfa460065b8b08f9891fc01d35f16b60d775
988,Lexington,Bende & Sawant,1212.9821171371123,163.2211331050687,6,1539.4243833472497,9e56b79104ce8f38086d96c65875825de07acfb036f00258a7aaa146e57b5a91
989,Westwood,Kennedy & Lim,1212.9707269456703,83.28267985661415,41,1379.5360866588987,069166e21a0fd9c2d6bb0d86e1d7bcab6a1826b82ea75b01dd1241ccfd4bc1e9
990,Myers Park,Holland & Voltolina,1212.2582459962273,164.55182606754983,6,1541.3618981313268,41299dec6e266cf7a93fb3fd7a8ca60767fbf65751e18dafd1f0173199f3d304
991,Lincoln,Farrimond & Richardson,1212.1254334099378,170.7658891783367,5,1553.6572117666112,f1eb202b3fffc91b8cea36695f0603a5c6739ae6e81ca530cbeee1cf5d31db21
992,Bellaire,Hurtado & Rahman,1212.0529148260603,100.93482964491106,23,1413.9225741158823,b66a89f5714dadc67de8fd329f05e275025f3fa62231ebd209b8ac5d3e558a96
993,Plano East,Litmanen & To,1211.7862308167512,166.22105901090322,6,1544.2283488385576,8af8fad503bd8a1a1544d98b05a49f10df9e1f75097721c4fca586ea6e62d174
994,Cary Acad,Canes & Pant,1211.22171345809,151.08670772283588,6,1513.3951289037618,d44042614d9a4e29b5542a7e0294f839a78bd820ef8e1c1bfe052bb496b67b1d
995,Eastview,Kebede & Tranter,1210.937530746558,161.01617350590124,6,1532.9698777583603,128ae4462abe2bc5f581b0ab98b5dbd75ee7c83dce5d6f48bb5b20c9d33a1d45
996,American,Dua & Jindal,1210.7735515970764,165.6455609366749,6,1542.0646734704262,ed1426fce2c973f9cda69ed0c99c97951a34be69dc762b830c834b85812479cb
997,Campbell Hall,Venison & Walker,1209.9043353441493,120.88667685533648,13,1451.6776890548222,a4b30a59a79dc4d9b9f86cfa04f0d326676bf1937d6421db0c8f4ed66bccb926
998,Lexington,Kasi & Patel,1209.1130137712455,154.01647549048639,7,1517.1459647522183,e539ad0d86609017d3b346ea6a0170389dbb2c141509065adb8efebe067908c0
999,Newton South,Oliveira & Shraytah,1208.9368761180144,152.74224367445007,6,1514.4213634669145,39bbc969ee1a074f0d091577d9ca6017d3c50d34999bcd0559068d37a0e9b485
1000,Lake Highland Prep,Sant & Tella,1208.7386032869833,161.63822638406975,6,1532.0150560551228,c939a94baad00d2e8ec11b48beb0519007bf51e21a7e6b7e7c073a4691b55b4d
1001,Lexington,Guo & Nandy,1208.310980241747,158.21014653281472,6,1524.7312733073766,9b1a480806d8496ba42744a1f1f11a688473df9a3a8084a0b40850a0f7348a77
1002,Emerald,Nookala & Xu,1207.4722898013306,159.6366020266152,6,1526.7454938545611,3439c4312438ac5d3b38b85244c108588b1732b27d3f564f28c26fa38e78b310
1003,BASIS Peoria Independent,Chakrabarty & Nair,1206.1701279406795,169.31986252854765,5,1544.809852997775,b4ea50cf88e8622828c1be27d3da51c8ff97b56451bf3a59a87005a22c947931
1004,Collegiate,Belman & Kleinman,1206.1479067364155,162.29530105174658,6,1530.7385088399087,501f507a2bc8ea562653427a452062b4101731eb4432c9d33729715eb1c5cf56
1005,Millard North,Bhat & Gong,1205.7198680118279,167.13782882397967,5,1539.9955256597873,9073c4e099039a0447ba44f50b443b143a44e925a4a2453695fc98fe083909bc
1006,Bishop Moore Catholic,Brewer & Nadeau,1204.904457949277,164.01045047640648,6,1532.92535890209,a2e1c3d302e82a13d2cff40f03457d71aaaf0c13f6f2f38b534622a6174c6c94
1007,Emerald,Bansal & Chaturvedi,1204.7650748891413,95.56395030425742,23,1395.8929754976562,876fe87f8d2b97737ae2da92e9b4f78e361d7826d952b9c99cc1b53d123bcfaf
1008,Natick,Benoit & Karanjit,1204.727118348224,150.89551756633355,6,1506.518153480891,e19a6645d59178c7a2224e825e2a3f0206c2bbb3036118a2803317ac46f6472e
1009,Durham,Schulz & Tsui,1204.5418154008512,126.06756810239918,13,1456.6769516056495,98395e1d303d97302019f327ab4f4bb4f1c2fdce73d8ba0a6aa9320a49fd757c
1010,BASIS Peoria Independent,Kim & Tummala,1204.0037513377042,125.96992325176637,12,1455.9435978412369,78bb36d318a9449b8ff66527f9308ad5ca56cd179bd7c61435a2775f1529b442
1011,Los Altos,Lingo & Wang,1203.8963938330107,149.68044724773551,6,1503.2572883284818,2af50cadab34c91135a8694b26e2c8663d4e699b0696774905fd4d7b61dd5f3c
1012,Northwood,Chalasani & Liu,1203.847920669054,160.6627367671071,6,1525.1733942032683,c36a030deff819c16c799bd02b074a8eb785822e8b74b76a4a733983ee74f5b0
1013,Cary Acad,Curtis & Daniel,1203.41083055732,175.7969458823645,6,1555.004722322049,47e5d249e94b30cbbb65f1f9854c2ce515ff7d941402d4870cc5a5a37edb4a7d
1014,Cuthbertson,Jaikumar & Patel,1203.2014613147821,154.09259054963064,6,1511.3866424140435,822eeb75d6e1870c9985326d65d2bd932a4cb7c29c7ea138010201e2a33689c8
1015,Bronx Science,Hur & Zhou,1202.9663395917723,104.24666426598769,18,1411.4596681237476,ef5964b8180462e74a8f6bee95552f26d65cd6db6020ab6ed1edb660df4448b8
1016,Olympian,Cho & Flores Ramirez,1202.4164776492391,158.5825114399261,6,1519.5815005290913,4413e229e50d10dfecb5b3955076525ed91cd5ea63b8520f946b4ed5a6704acc
1017,Pingry,Bordia & Hao,1202.3722716308698,159.50495102720828,6,1521.3821736852865,c104438e072e35a5aa22010cc41f78d62e4ba9888d9b32c983905806bea49e35
1018,Milpitas,Lo & Mathur,1202.1793763516785,132.12856468747125,10,1466.436505726621,e63b48c3f2350185379ac084d7b67a73dbd13fd7f2bc2a5f00461cf76fa29637
1019,Olympian,Alvarez & Hastings,1201.9111696022073,158.07594776030032,6,1518.063065122808,0ec6db6c63b45503b90686f4a40fa0bcd900ce105cdd171344b56dd01a469df8
1020,Theodore Roosevelt,Koganti & Narayanan,1201.5997718904398,169.09643848969438,6,1539.7926488698286,899bbedc80cb9ea57c574d34c0d561cd6ced5ff770e42e89982ab80b3e948657
1021,Sharon,He & Sreeram,1201.0460492166433,85.32490050258839,30,1371.6958502218201,da509f728ff9e1eb25b88e7eaa328aea68b3beee74a95ca0000d21d15ba0b5fe
1022,Horace Mann,Pande & Scheinfeld,1200.9073169246394,168.9658205519675,5,1538.8389580285743,defabc5ed07573ff90e2e0428680e630af88271d233a20c50fee53157f190113
1023,Golden State,Bansal & Manral,1200.2411304228863,165.78672480476655,6,1531.8145800324194,945c0381b9749311d6ad858d2e2e5768664e7f80d3077e2b94ddf809b9311702
1024,Arlington,Atherton & Burke,1199.9785184846405,154.31792506523925,6,1508.614368615119,59b13038d14f8419389c330a62dd08b928b5ca8b0a8e27b618b9e6860f3383d3
1025,College Prep,Alhamadsheh & Cao,1199.8646742503777,118.73153919012482,11,1437.3277526306274,6406454c2470bb504240f076f8fbd0e7d767c981902186052e0ef3aae32f3973
1026,Bergen,O'Hara & Shah,1199.6409073401394,157.92954979287398,6,1515.5000069258874,9cd67f3be2309a4e53c7d192cdb429aa87f3fa8d8a01773a1fe920b631794502
1027,Taipei American,Lin & Zhong,1199.2249408781274,150.5908352541486,7,1500.4066113864246,46cc13942f57c301acfc9811812b3a54cc4671553313999c9c1d69e4cb8ffa35
1028,American Heritage Broward,Pineda & Shin,1199.081466012424,172.7422822604195,6,1544.566030533263,5420531aa65cdcf401caa24c2e3b9b475e3d2a56c0806e2545d259968c2c15a3
1029,Nexus,Kapasi & Wang,1199.0112839480287,147.98778916644665,6,1494.986862280922,c4fd7a63dc8d5084e8bba213492f19db1bc8d82a5a00335a020be5f11db620cb
1030,Trinity,Chen & Guan,1198.9022884323401,124.10069616521322,12,1447.1036807627665,c9a45484c3368cf1f45b0e555fa16dd815a802302898d63cca874c4035d2f096
1031,Ivy,Huynh & Julakanti,1198.6870365110638,102.2884996491914,18,1403.2640358094466,d224ad28f9f39b5e655aa1fadb91f0419ccabb461361b86ddd69f8635b887db0
1032,Mission San Jose,Rawlani & Shah,1198.22740189047,157.58849357432626,6,1513.4043890391224,a3fdf9ec6f79b251cc55ac0cbce70b69fe42061172d3291e03e34be6a3a1ca22
1033,Stockdale,Hernandez & Trang,1198.1647196494773,100.12490704390035,19,1398.4145337372781,ad759f77f2f9fd026d43623d8a8681cfbe8d18f833aacad4b834a38fa3393cd3
1034,Northeast Atlantic Independent,Wang & Wu,1197.9412925163756,157.39030954172796,6,1512.7219115998316,37cb4a1ae67ce3e512bca50af1f94002c9cddc28ddf40b828af75445b9d8bc71
1035,George Washington,Sawyer & Yaakobi,1197.7541378304172,164.46337738199878,6,1526.6808925944147,4352939c2c79c1f0e1b1f96f4c368772b54f384facd833021b1352dcfb80a08f
1036,McLean,Deng & Hu,1197.4430359002758,164.28195637404446,6,1526.0069486483649,aa2a102b29e853dc445a479bd8ae71c404f905de328e07495d9fafc012957b93
1037,Stuyvesant,Harrington & Rajda,1197.2871853645868,127.67650989666772,12,1452.6402051579223,cb87461ffb73e899955bb2f488048bb703aa8f4b28bb9e173fb9227d565cc1b4
1038,Alliance,Chintalapudi & Kishore,1196.9675456306345,127.15127846989333,12,1451.2701025704212,fa432b5c088c67c5039d98738402934130c8af8f7aa72ad7853d47f0700f44c4
1039,Germantown Friends,Chen & Jun,1195.8627038393497,118.25411158250805,17,1432.3709270043657,395a43f2c1f632d37f9489bd00689b1e808dcb3407e2276bb8b2df0b0e1b9405
1040,Bridgewater Raritan,Krishnan & Tejani,1195.713524421558,104.3357517408298,17,1404.3850279032176,c8bfc51e9724debd35a0905e6b2fa5f439b9f624812aa2dcb770bdd3140b1c20
1041,Bergen,Chen & Guan,1195.6881976905297,152.23957216502603,6,1500.1673420205818,f695a061a84302b16e0fef380a978d2321d6f961cd03de664d07a1e6bb5c0c3f
1042,Stratford Prep,Baheti & Zeng,1195.2236342886702,148.26541129778482,6,1491.7544568842397,9e3dbe191c3ab574b97f065706dc776bbeeac79257f32a3c51ec76e160152e60
1043,Milpitas,Mathur & Partha,1195.0320224004174,156.70895685065247,6,1508.4499361017224,811f88debf7950f2b5ba35770ad4254bf2b3bfb9cad739307f5fb33cbc90fdc9
1044,Midtown,Lignugaris & Parssinen,1194.6678379662885,163.5896644942684,6,1521.8471669548253,ab275b1a8e6e923e2322d992a249f8ac8d4553279892837441b2769149df6617
1045,West Windsor Plainsboro South,Harish & Telang,1194.61675576767,93.73747550162855,25,1382.091706770927,4967b3b4efa92fadd18df10b958fcc6ced9d65eeb38de3bb894e03c71b0f5b39
1046,Lennox,Lee & Van Sickle,1193.9276858924177,166.07606191422693,6,1526.0798097208715,e93e6cd50428de31b495e8efa82759982acf05ef7b6757aa0f9b31e329237226
1047,Acton-Boxborough,Hegde & Rao,1193.743391160618,164.9860218618454,6,1523.715434884309,16cbbc44ef42dbc54d23f58c2c3450027427ce18dfdd520e77098ba3fcb599dc
1048,Potomac,Chen & Kumar,1193.3609237094367,124.01514724528406,12,1441.391218200005,11fd43a51eca1d5b6f264a3a3c3544a7107b5c78cd2f28e239dbb3c580c07a0d
1049,McLean,Kang & Lowe,1193.0157393933391,154.80828591110048,6,1502.63231121554,8d5ba3512fd0c6a06003b5b74ffa07256d0ec5bac63349e5fe94ac1c00bb4675
1050,Fairview,Simpson Teplin & Zhou,1192.9386790915214,147.86228022185895,6,1488.6632395352392,c846b429b9ebde699fc280dd3239bc903901ea92cacb163f123619313b90cd82
1051,Edina,Allocco & Gotte,1192.649058202904,103.10817608041336,23,1398.8654103637307,ef06dbb8241a0f9e0e3a0c70041538e5388338e0a33bdd815ac33d9400d59720
1052,Horace Mann,Chang & Pande,1192.4283937107148,161.73494964799352,6,1515.8982930067018,2ec781733a5fb5bd44afc1b5265db128c36f593c535355011691445b8cb8fd9e
1053,Bronx Science,Greenberg & Mattoo,1191.9754188906381,88.46017382199335,30,1368.8957665346247,95d39f7af313a503330b32717507532945313e75edf6120abdef8ceba5ef21ae
1054,Durham,Estigarribia & Gao,1191.1383577070742,115.77647016787078,17,1422.6912980428158,c1d3a986dfe2a44fa742ac512086947b2406b0ed93a029044a4bdab22b928dce
1055,Walton HS Independent,MacColl & Naor,1191.0127617139035,160.46743693390394,6,1511.9476355817114,91a2c3d4c9dd6fd10cca2caf65ef372800afbdc436a25ed9fd6fbac16bace0d2
1056,Germantown Friends,Ding & Liu,1190.9047763678377,132.59719642196518,11,1456.099169211768,eea8f16cf89ad878087ee841ea28e4cb47dc3299ebdf25413ac0604552fcb0cd
1057,Resurrection Christian,Dudek & Nguyen,1189.6714484981926,168.371928067919,5,1526.4153046340307,aedadab3eb485fd04a9af969942bb5330009018cf6531382554be7aec264fd66
1058,Stuyvesant,Kaushal & Kong,1189.508746619091,164.2381902731772,6,1517.9851271654454,d9c17337c44a92765022a45e51c18a1e7463552a1b1c094fe0fc9eb59c30395a
1059,Cranbrook,Feng & Zhou,1189.1721284366151,93.22808281452201,23,1375.6282940656592,6b65607a236e0d77774b645ddbf40c6118229daf0b862719dc168514e4c9d4b0
1060,Potomac,Newbill & Puvvada,1188.750025010682,179.27503607404932,5,1547.3000971587808,711746b31f2f18fb22c39b44e5c4e1481b98538b6bb6764cedf9c486dfe138fb
1061,Nexus Independent,Jeong & Mohan,1188.735850730743,176.40471916941448,5,1541.5452890695722,6f6d5d2ecd379d333055761156e99534116ebf0bbb75c3db5e5b76701db082a9
1062,Sioux Falls Lincoln Independent,Ramirez & Spaans,1188.6824277688468,166.11744867081993,6,1520.9173251104867,acdc946fefc0348b3828ce20caf96a0931fdc53517141c0195ba92865b83f924
1063,St Paul Academy and Summit,Narayan & Senaratna,1188.5804090863155,131.66586573527707,12,1451.9121405568696,2d6a9ce5f9ce5ed543855bd3645e9473dac0b057bddd1942f52026e2c49bad0a
1064,Ridge,Narang & Sharma,1188.1774969197077,160.08277216172024,6,1508.3430412431483,daab20126fec7c742bba6d4e6cb204cfdee4d0ce5f634bd5ae0445c1765192ce
1065,Westlake,Nguyen & Rana,1188.0103468382715,163.6088914350577,6,1515.2281297083869,cca3e2a3b20f512d4df1cb8a752222523a0df32e6580330db59fd7bb8e86f409
1066,Skyline,Bartholomew & Park,1187.100018745511,155.25836541714872,6,1497.6167495798086,f92aed532371681d73f15197e86606d13f72dc5a8f350cde82eff35f9f9f364d
1067,Cranbrook,Awad & Wang,1186.6844330712072,161.4127912524349,5,1509.510015576077,b89c8ad2a1a6fbcaedf895a58fa471a9cacb4272f956fcecf0716ffe7faf659d
1068,Regis,Pace & Prisament,1186.5527285931853,150.02640648501176,6,1486.6055415632088,c12f95b1b313c0a2dace61a2275696dc38e217203ce871f2b0a92aaa3efc305a
1069,Westlake,Cheema & Siraj,1186.3437379726536,102.43932976312082,18,1391.2223974988951,0392f4944adbf3053629a7851431c7cca90c1fd14ab3521e3439aa5c92b5f3f0
1070,Bishop Moore Catholic,Drabik & Mahecha,1186.3245675115672,168.8466886681846,5,1524.0179448479364,6873a48f690f4a2102347bbf016f89fac1aa9f576318741b4fc2a58e8f3efb84
1071,Nueva,Ge & Shah,1185.7418521970376,156.48275475019292,6,1498.7073616974235,5a30000d91af59551798f2a531cbc4b5391297f8444bb064aed1bfec0f671aff
1072,Plano West,Luo & Ronanki,1185.7345457647498,159.76821574603304,6,1505.2709772568157,02b907509948968c14ed359bb09eb2cf7e16c7fd1696725b20feb036f60ae858
1073,NS Independent,Levy & Rafat,1185.5439052615993,156.5763491151365,6,1498.6966034918723,6c6389199c06a591f59e6b98f5a14a5d8ab05b5d6d8c9455d2eeec3b0e4439ad
1074,Lambert Independent,Patel & Sun,1185.2934549521026,158.69103113696596,6,1502.6755172260346,29fd595a580cd99eb4726e4293c6a9529f9fd30354a95f89feb97507679b96fa
1075,Molloy,Contreras & Xiao,1185.0258594110953,162.28731662143898,6,1509.6004926539733,622cc692c20b570cced89178487fe29125f0d9b2696aadda48b8e6d759fc9938
1076,NSU,Benaim & Edery,1184.0078394519326,120.92679862636508,12,1425.8614367046628,a3031eaff4e915858604bb488da76b0b7b0fc039ed5d05ff02131961690cf4e7
1077,Newton South,Celiktas & Gao,1183.975916566953,156.07694725649844,6,1496.1298110799498,22c010e84f130b2c27571baca01ba82a85f37a09b15f418a41d7da72e79d7048
1078,Hamilton,Grewal & Pothukuchi,1183.662699404985,162.01027230368155,6,1507.683244012348,9c3697fc353d4583c341cd99b6dc985885e2c50c29d4afb272fe978aa91d191c
1079,NS Independent,Ben-Levi & Da,1183.321917595572,163.12879868619478,6,1509.5795149679616,87e02a92fe82b0e76a2aff14545e08ea564b26d13dd62977cad8d7f67f22a8db
1080,Magnolia,Huynh & Julakanti,1183.1173923766012,107.51269799095633,18,1398.1427883585138,30fdef0a917702478d009b940d723fde13a3e6785b735b55fc5ab00897895959
1081,BASIS Peoria,Cho & Naik,1183.0189253851013,126.38670008548665,12,1435.7923255560745,679d5427e52d134b2f0a16009bc36c4ddb67b9c095c9e56a597c24a3769a815b
1082,Cheyenne East,Golwitzer & Haynes,1182.6755680962208,166.60669964668372,6,1515.8889673895883,7feae21dc5ea4c0766e4495e35b06a3447d1318447352b23644e4fdff432e405
1083,Lexington,Sawant & Wang,1182.2159447023064,149.60339575488413,6,1481.4227362120746,a7582d0fd4ab17201ea1bc3d6d81d0d6c3a32814798ec2a29f94bc7309b56028
1084,BASIS Scottsdale,Panwar & Srivatsa,1182.1458474256776,106.48130710605668,17,1395.108461637791,aa2995d5726529447057953cd6b50ae2500008e71afc7de1d5b0a881851e3c4c
1085,Carlsbad,Francisco & Sarris,1181.8820349406683,101.22551149487231,17,1384.333057930413,5bfc67338b0c3bd80c34a7ded70cbfaf532c9b0edc162a7594a1b662ebc8ddba
1086,Hamilton,Bhaskarpandit & Midhe,1181.7261278989236,150.9818716913358,6,1483.689871281595,fcbd27177f2e5e58a6ed4a766ef9d2040684521c0aba9ac1e7d3002cc89d8637
1087,Marist,Baldwin & Findley,1180.8671862643566,133.92363816659213,13,1448.714462597541,be73ee97e8551884856b0f40fa3b156b98bbb76bd91bbeffefb42273e06abac4
1088,Bergen,Lee & Yuan,1180.642427362347,159.56188003910216,6,1499.7661874405512,16cc86d80ff34a25b162a613eacd6f9297eba135af6e0289e85deae2fbc2871d
1089,Valley Christian,Chen & Jadhav,1180.5756181926333,107.98738346200591,17,1396.5503851166452,86ab2d58383736ff06be2935306dd775803c2f244f697df76abf1040e5d42ff6
1090,Albuquerque,Devarakonda & Marquez,1180.4002323954232,156.38801124650564,6,1493.1762548884346,0c73a2e6cdf45829d3bf5f0a9ff5de6752f0035795500403cb371597e4ec11e7
1091,Fort Collins,Cumbers-Wenzel & Zuniga,1180.21985828937,123.80128819020811,11,1427.8224346697862,5094497c95a5356d8ad75765fa69f6ac4bc28d4b18320ce5e0cbe7365b93df72
1092,Syosset,Huang & Li,1179.7838941195414,160.54538871843715,6,1500.8746715564157,cdb345b0db76f57e9dc764b63f79ddfbe479d47b73e22c20428c3c8cfba2c684
1093,Marist,Mastella & Powell,1179.6584008430984,106.64754202526346,18,1392.9534848936253,f0599a4a03a8bdf5125430b045ed8179592a744da984ffa3b01461dbd1c6e1ed
1094,Potomac,Gupta & Yoon,1179.448003280626,160.04956072432495,6,1499.5471247292758,39568acdd74bf171ab9a78bfb31e857471804e25209ae20b71b6fded671a2347
1095,Taipei American,Lee & Lee,1178.8315700749197,103.16636769626396,19,1385.1643054674475,3991bf59673889f6584ee4f5bdbd76c68fcceb125901cbb61b0248e407d00760
1096,College Prep,Alhamadsheh & Sherer,1178.5837073929283,165.07522168238864,6,1508.7341507577057,150c96e2b27d93257fdc04b3a06b089e6c1a5dc885be5e6ed42b00669d9d2fcb
1097,Mountain House,Nukala & Pullela,1178.4570022296195,127.17219382068448,12,1432.8013898709885,6b3a8a551dd8bed6951b39309b4b77e916160b49d2915a22dcbe23f70ad279b9
1098,Middleton,Kim & Koeller,1178.3237866810655,160.79289497258566,5,1499.909576626237,2ee87418ae444b98aeb7017fcce5f7841085f36cb815452fd200d444c2033f63
1099,Western,Korn & Murphy,1178.0464864091214,186.98840336984082,5,1552.023293148803,1451b6bb7c0a6daf2794e22c6df4cdfc849feb802bc2acc5ad685e46113bb055
1100,Syosset,Kleyner & Puri,1177.9794329573228,159.70285373563428,6,1497.3851404285915,2586b04a495c5319a38707a80c88656d76e0061b08356fe253398bc190ac1651
1101,Karanjit Ibraev Independent,Ibraev & Karanjit,1176.720756389328,162.2600248466766,6,1501.2408060826813,f433fa82478f751ad6673c1241539d80cc6e4702b00cf009cf669dea94f179b0
1102,St Michael's,Collado & Rivera,1176.5921505736585,162.19549035818957,6,1500.9831312900376,c75f4a990a3b79755a2328fb8beb2de9345e018bc205718aa48e0eee493e601a
1103,Fairmont Prep,Cho & Tan,1176.2654859769095,159.5694845402516,6,1495.4044550574129,b62cda797eeff06ffc6b83c31e5a63546496c825335d0c53d4a9e6a6d9c8e9e7
1104,Princeton,Huang & Tauro,1176.1612091405414,160.75952851739245,6,1497.6802661753263,5d03840a629baf9d5d97afd983543b1dfd13a9c224a481e7800537aaa7faeea8
1105,Brooklyn Technical,Banner & Sauer,1175.8095772684674,101.2904031904534,19,1378.3903836493741,3ced95440beb76193fa3827ab4aa870fdc93092d80d9a7f8c8b7bf7a3a0349d7
1106,Hunter,Urena-Bernabel & Yeh,1175.2727812230876,96.35290001574141,23,1367.9785812545704,d0920881bbb93233074becd0abbc509cbacb4e070856c46e3320a225098f509f
1107,Townsend Harris,Medage & Mendonca,1175.1462448761092,111.54572214722964,17,1398.2376891705685,13bf196465704cc990057db2683f6875dcaefe3be4a088de1cd4b4590e9f32b1
1108,Bonita Vista,Bazan & Boyd,1175.082496982062,160.90880932360935,6,1496.9001156292807,9ac7279bd352e5106f4c7ea1a2d0abc0f58e41477a390b8a49c8a55ca094b33b
1109,Fort Collins,Attridge & Grobaski,1174.8901424273142,170.7600706337436,6,1516.4102836948014,8e9d696080c69120295c1d7340be9df694c29d8d2d0335ca417c102e9b4c6f4d
1110,Garland,Moreno & Rodgers,1173.9839684855388,168.6228172281312,6,1511.2296029418012,42237e6c3c38a40cb9d661f405a499d658e59bbab8fe06e7ac46bad5becf2b2a
1111,Strake Jesuit College Prep,Gadin & Shatby,1173.7889885640466,107.91597943668694,24,1389.6209474374205,ada32b0d05e5b24c9928d4ca7cb5d538156d2465095bcfbe2f42104c78955d03
1112,Mission San Jose,Doan & Pan,1173.6139686014924,127.61878091896656,11,1428.8515304394255,d6933623600f56d9f9d707a5c4ac0c62564c0eb33f14ad23c516eef292595826
1113,Natick,Ibraev & Karanjit,1172.947352291831,161.4376592338286,6,1495.8226707594883,a08d7c8612e29fcce8aa4d24c4d47041ab20bbc882014793f491f7f2177a68d0
1114,Cranbrook,Johnson & Zhang,1172.6883802203374,161.91568020718617,6,1496.5197406347097,1d5016c8cce27ace61f69ce319fb8b3e4ec91225d740ddaa8a73bc9b103451d0
1115,Vanguard Independent,Pandey & Sapkal,1172.4604889607747,153.6843102387315,6,1479.8291094382378,efa8406c517dddda89a4c8545a181ffcdb6e04f38f5a87cded6cf1a9d628d4da
1116,American,Jonnalagadda & Raman,1171.8514673855475,164.5891271288528,6,1501.029721643253,9ccabf9d654c361b4c384d5b1798ce31f28b1a1255d12abe97618baabd4ecd58
1117,JR Masterman,Gada & Golzari-Hunt,1171.6527981951751,116.2247121868193,12,1404.1022225688137,a4ee1e66b0acf7aea3406caf048fb03d49c4e0d00b15a00575508336bd00cfb3
1118,Mira Mesa,Lorber & Stricker,1171.2152900302021,159.79868997065824,6,1490.8126699715187,cee24e1cd454f9055f7461103ea21ede50f0f153558147aff5b04fd87cdf2df2
1119,Bellevue,Khan & Koh,1170.7919116797154,158.6606522634419,6,1488.1132162065992,9caf97f2c22691a81a70ff6e02005bead840793863912fd6f8611bb24565d59f
1120,Harbinger,Tan & Yu,1170.7478130535897,161.73360562112185,6,1494.2150242958335,f727777f2596b41720d9d36a4c5a483ec08971e900dd4c58554cc88cd25f8faa
1121,Altamont,Shah & Vedre Kyanam,1170.6530810604631,103.53921576581514,17,1377.7315125920934,0dfc05c55b31b1e30aee748bd7ed6dc3ea284fb885daf1133a99982d706105bd
1122,VDA - Vancouver,Yao & Zhang,1170.5919828140607,108.98637505715415,24,1388.564732928369,b853afd5a2e864d3cd9d4f142e9ca180857a7ea88986ed5458d43f8175077425
1123,Bergen,Hoshovsky & Hoshovsky,1170.1007498314561,161.41534307911678,6,1492.9314359896896,838a430084589f93c5c36ab4bc67d20900f58f89e2bd250f4bd77c2e13ebbab2
1124,American Heritage Broward,Alvarez & Cheng,1169.983152019596,118.25896280833824,13,1406.5010776362724,30b122ef121c2c38de1d80ce5a971f8a9b3100d97b3d9e977cbb86721398ea37
1125,Strake Jesuit College Prep,Brooks & Moore,1169.818466084958,123.43762928977343,12,1416.6937246645048,b6a0e9961eacf214f6ba176eae025458ea81f44a757a492dff0d332690c11c60
1126,Browning,Kang & Malhotra,1169.816915526953,161.94984553086303,6,1493.716606588679,1c886f1d3d87d4b1db7d0746d30f40def60021e92e6883f8b7e6781c61c7b0d9
1127,Foothill,Li & Tang,1169.2792297480885,134.97980531811626,12,1439.238840384321,d33db6cde2a9db9138de493f731272cf98cac2ac21f8ba4bc41c86abf04d177a
1128,American Heritage Broward,Agarwal & Nair,1168.6618267314475,117.79427778767315,13,1404.2503823067939,34086a59643c256f44d0b57d71ef75505c1bae4bef2a583e299813ec14f8246e
1129,Nexus Independent,Lu & Song,1168.4392994221307,155.37863509214284,6,1479.1965696064165,d64baff02ea535f3ea5c4076cef177c9f96a8f9557b80709afbb5b8048e67a27
1130,Arizona College Prep,Gandhi & Naqvi,1168.2014691002703,121.6965930601905,12,1411.5946552206512,40989a67b4df428022e41daecec7f42e2ac4108bb5c97dfae55cbe78193ff55f
1131,Bergen,Guan & RajSharma,1168.1141406220222,151.46053243586556,6,1471.0352054937534,2f37e93506febf51e48e9a8b7fd53eb1fdc92ec997971e9e0f3f0f06eb7d950d
1132,Medina Senior,Campbell & Gallagher,1167.4549383322815,160.53800865532378,6,1488.530955642929,ed2f92bc645b169c451e5becda82297b660dbe6a867de8b491645e694afb615d
1133,Duck,Avdhani & Nambiar,1167.3288966260302,153.44145509488158,6,1474.2118068157934,0d7ce4e04e0a0b6df1d9b9991720626258f59b1517c8ff549190748caa557b11
1134,Bellarmine College Prep,Joshi & Mitra,1166.9366081386877,135.74665023834885,12,1438.4299086153853,4724354e7fba12cfb27269d167cffb50cff4aa8eda14f94736c7ebc094f2494d
1135,Myers Park,Hobbs & Lore,1166.8908350849479,164.94048094690515,6,1496.7717969787582,2e46de981f414a7748bebee25209978663dc43ef2f6414335598c144ef0c051b
1136,Southlake Carroll,Chanana & Nambakkam,1166.7947423359224,160.49660474719713,6,1487.7879518303166,12ff585b04ee16718e13f96ac14987c5d494de80631ac3d5407ec7371604399e
1137,Strake Jesuit College Prep,Segraves & Wang,1166.4406436655042,164.5584719932202,6,1495.5575876519447,f3b083982e24a4ad78139fc9368b63567e9e6f195871ea06a0eebd1651033131
1138,Leland,Choi & Zhu,1165.7012740919881,150.03933863333202,6,1465.7799513586522,68995b820cdb00bb18901cd53e1ecfd5e87b3546a4724f9e6cb691527c63942e
1139,Trinity,Hebard & Li,1164.8984616351918,157.9411187051375,6,1480.780699045467,98955146744e7b5b23bdd34e2990513487cac9f0d72dc407b1eb829f35c8ba89
1140,Centennial,Chamarthi & Lagudu,1164.8829084686317,159.51632321761923,6,1483.91555490387,42b5c1992071d709b6714ba9c7a991567c280dd4c296aaf827c3d8a07eac702f
1141,Argument Institute,Brodlieb & Sadowski,1164.225263307408,170.01479375778678,6,1504.2548508229818,40ab8cbe8c2050b7eb8740560f6a9524f94c916be7eea470561d9b22d4a514fc
1142,Midtown,Goldman & Hyken,1163.8925191977753,118.72895636339571,12,1401.3504319245667,22e9148b403e9705da0a0da5d65dbd17b6a6859370a4f3391d25cd21c107e416
1143,MSTW Independent,Budamakayala & Shah,1163.7861524588163,170.07049079309442,6,1503.9271340450052,f59d90967351dbff99bf8dbb9767a414b6b4949b75a3b48dd7e371c0da217e82
1144,Northridge,Gupta & Lee,1163.4402987055612,161.52189273569437,6,1486.4840841769499,9f279efda066b882e8637a45e25cbdb6374550a9d2b917e4f6eb5ee6118975a2
1145,Ivy Bridge,Hong & Paul,1163.164473379375,163.60077246218043,6,1490.366018303736,dfea3639ed8a55fd556c42a46e3e7edde009905119c8f0965b05f5751487d097
1146,Strath Haven,Logue & Zhang,1162.180302236565,163.08003672519956,6,1488.340375686964,4b87405b8ae829dbb226c0fe706eda62fa5c52bc925c7ec2472d3817363b59b8
1147,Mira Loma,Ayyagari & Sharma,1161.826627526528,162.49754429876666,5,1486.8217161240614,3c92228577f2cd2fb6b8132c10077f8179015c1b4024b900c0cd2cf07f76f94d
1148,Fort Collins,Tremblay & Yalin,1161.8085099003551,118.48328463546407,11,1398.7750791712833,86a59f36e9ba32f3563b7fec32940013a46509b1a11547ad21bc4e944532c981
1149,Vista Del Lago,Bondu & Shah,1161.5268539831432,149.6915644773075,6,1460.909982937758,86a413082d27dcbad1e87140373ffd699e5682c91c56f7945d79a85a04bc1a53
1150,Ivy Bridge,Arikepudi & Baddela,1160.6331900040063,159.08996626808937,6,1478.813122540185,2a7784cad7cceea673054fb2ddd35da8335af161139c31cfda7eab3e1dcf5486
1151,Townsend Harris,Lianos & Roth,1160.2891205620235,129.92202282000773,11,1420.133166202039,2edb94573810301461effca2130ea21c79c1abe9dd798a04a6c399a2604d1341
1152,West HS SLC,Agarwal & Tao,1160.2696513673434,164.32373618815814,6,1488.9171237436597,1f4fcd03fba8d8058a63c68b9e8f6ff4c71299fe46eb45158a3d8fbd1b319eb7
1153,Hamilton,Bhaskarpandit & Grewal,1159.774242782461,156.79024157518882,6,1473.3547259328386,63e5fc548c686c7348e60376d200c2b301fffb36bb73329464ffcccefa87f718
1154,Seven Lakes,Mehta & Yechuri,1159.3879872727857,123.37085648447022,12,1406.1297002417261,da19da6ea2842d7186b89906ebbacdd8bb9f235ccc7aa8d39230b5ddbc4a2ca9
1155,Pacific Blue Prep,Fan & Wang,1159.081943594197,151.64541027873102,6,1462.3727641516589,5deed62692bd758505b789f8d97e938338682778538e109ded178eab1da954fd
1156,Ivy Bridge,Leger & Naor,1159.0525338490947,161.76643035749515,6,1482.585394564085,e7ada85164cb5f230a0dad379ebf244b4c66e2ce79a67494bff8a9f547bb8552
1157,William Fremd,Dandekar & Iyengar,1158.549583605485,121.63916921066281,13,1401.8279220268105,c45e60fc76c89761a0d3764d53b824c0883a2d7032faa2195393cc66a0fa8c97
1158,Titan Independent,Li & Parsi,1157.9181721391105,163.96087094782897,6,1485.8399140347685,0af55841b67c8d0995170e911db8d2d5d6ce0fb5b9cc007370a1096ae9459c4d
1159,University HS Charter,Adjoyi & Arega,1157.6876293989799,164.34463513073337,6,1486.3768996604465,83ae02dc59a54f042be122b30ae62109fb518f634d732ce787aecd2fab5b2dda
1160,American,Pakala & Raman,1157.6710344813023,174.6052222607786,6,1506.8814790028594,5bf0df59cc742be6ccea70f4f742aafc8b16cfd53aa2ba6064a39c8046df642c
1161,Ivy Bridge,MacColl & Naor,1157.2636054169002,126.43448581287717,11,1410.1325770426545,cf70c6de10740af8aa722cc1c8133df887ba55f01fc319653c96dbd6b62cfcb8
1162,Delbarton,Dufner & White,1157.1325693719057,165.42111795293366,6,1487.974805277773,ecae4c42cf0b0d4403041c74c954771ceca4bc7c3993f57cd93852711d227fe3
1163,L C Anderson,Benko & Spindler,1156.7527148794418,114.76589865078157,12,1386.2845121810049,7a2c7c625f35a2d86924b0ebcd4fdb83a215fff1678f366116a132f7ea789879
1164,Harker,Liu & Yeh,1155.4081103906924,116.23736176082146,18,1387.8828339123354,9e1c0846a40e19f03407d64302b4f3e922b78addf37897f6ba2838af1bb163e1
1165,Bellarmine College Prep,Ekanth & Jilani,1154.4509754853675,122.92553086999294,12,1400.3020372253534,c50663d630fabf3525ff673394acb9e9d40664fc841e1b9c1174c7ec032a53a6
1166,Scarsdale,Dragovic & Hosman,1154.3857417341471,123.93407720485804,12,1402.2538961438631,c463f38c741ede05291ce2c21d6667234e77f8b8d337d9af3c95b3e5024da404
1167,Palm Harbor,Keleny & Sherrell,1154.17021960168,159.60757106677676,6,1473.3853617352333,bd206b782475b12ef5f8755c8b5d836452a34f00ebecbfa3e556a0d25284200e
1168,Northeast Atlantic Independent,Choudhury & Yee,1153.6852916460691,164.35229001884542,6,1482.38987168376,cd7c15069aeed441401f1cc32a7a99996732037ba1fa906a4e9958c4a61d992f
1169,Palm Harbor,Alandary & Zhu,1152.7329923490274,163.71821492083922,6,1480.1694221907057,3488fce29c5cd85ad632d3a900d81329b9271237c1c925fc399b4b8cd923c208
1170,Hawken,Das Sarma & Pinto,1152.714993529047,155.6364685734413,6,1463.9879306759296,3616cf0fa1eb2e74508fe35050bf113fbca77ec1030f6c72380a96ba3ec29d08
1171,Seven Lakes,Migliavacca & Yechuri,1151.2379820623817,153.83572898801364,6,1458.909440038409,babdc6cc2473a1ba50e3bfb49afb7989592ccb244dbc0d8fe8d678ef67df4928
1172,Dougherty Valley,Dravid & Ramanna,1150.931646165674,151.11684035133314,6,1453.1653268683403,181c3360d63f18155dd61e0f28d330e1e649d71b5da669fb99ae411b76f8361a
1173,Saratoga,Duan & Zhao,1150.7738440455387,167.6586883327438,6,1486.0912207110262,8ced73ec271cb116885f1180e7a38dd338e601da9a040ade8115c8b600f6137f
1174,Newton South,Ben-Levi & Da,1149.9963014096138,122.1296508641702,12,1394.2556031379543,a7f8fab96a900dadb2acea49a39d8b95590b8ce3c0b36e89a13b0244692590d9
1175,Fremont,Poogalia & Waingankar,1149.9871163813805,170.20221713632068,5,1490.3915506540218,4051a6588e29571ac682703986ce58568a752d099874b06bf848b5151ea82d1d
1176,Head-Royce,Bauer-Kahan & Wong,1149.816435915058,101.70031083297715,19,1353.2170575810123,c2dec12efd2da01636b83398f649463074b4c85b71e98054322463abc5b70391
1177,Homewood-Flossmoor,Cherry & Dickey,1149.508185710315,170.85463709472324,6,1491.2174598997615,89cd7085ea6dc4b2e866af24bb7b2e2f274229def53a2da5cb1020491da32894
1178,Carrollton,Long & Neill,1148.6342224737286,127.51761463794797,12,1403.6694517496246,47c2c10afd5d3791db4ae1b91a69fe28c1a773872daea437567aa672fb3bda2e
1179,Thomas Jefferson HSST,Hallisey & Lam,1147.9225298219937,93.70042782114804,24,1335.32338546429,62341eebc96d0fbab69e75fca6eb46b05ecb48ba04611919274d7357f6bc89b2
1180,Maret Independent,Das & Gordon,1147.690859277985,167.05768810544572,6,1481.8062354888764,656c98856ee50d292b0c7d8ff373c600088c82bc089adfb563025de93db037e8
1181,Leland,Chaudhary & Potnis,1147.4236198299945,170.63724235737658,5,1488.6981045447476,1c65fadcd8486ab5dcf3e71baf638f85a2fc9d8bda345dad2ca320f9fcaa650c
1182,Laurel,Dodla & Rosenfeld,1146.0628619800204,163.03225180714966,6,1472.1273655943198,0bd534a5f86df92f62814cfb4d3eddd02c0ffed034115d45b39402362a2dc3c7
1183,Bergen,Gupta & Huh,1145.5207349148452,176.60024453913658,5,1498.7212239931184,437e9e095023ff80b39401b33c107b6b45ee019e6bf79ae7d9833ae6a1eee880
1184,Tompkins,Mody & Patel,1145.4204662502123,131.01580857481636,11,1407.452083399845,090540bd906d798bec0a856a813dd318aca150460dbb8022008c5a7ec65e31cb
1185,James Logan,Amini & Mutti,1145.1981330507567,99.28020684386601,18,1343.7585467384888,2a9cbe4cc95c7e096614adad32d18cae873722d58cef70fb5ffeb78bc06a7758
1186,Bonita Vista,Clark & Vargas,1144.8836251116295,157.34740819056526,6,1459.57844149276,6bbb30d1b2390bc62558c01412bcb43a46da3ef8cc43465e084b6d68fbae1660
1187,Village,Keswani & Saini,1144.5610382538239,157.82615351671967,6,1460.213345287263,18dff653256d7105469ccca334107ec57d4926423946144de3d69add45e80e55
1188,Cary Acad,Almony & Soldevila,1143.7584499425718,154.69983796270057,6,1453.158125867973,193da70c89fd262044d2857f398839f02c7d1450555f214440ca8e256a11e797
1189,Newton South,Kapoor & Thomas,1143.5600005789752,110.53779641698094,18,1364.635593412937,640592ae313132c88b33bd92ecb0941991c661afb4ee28ea430988229d1be6a3
1190,Horace Greeley,Suh & Tucker,1143.5189998419216,156.31586024817113,6,1456.150720338264,4002cdf630f23ffcd9a1fbe011f22953e1fb1386acfaa705e703a1fcdaf52d18
1191,Success Academy HSLA-MANHATTAN,Almanzar & Innes,1143.4840990243065,109.03563815254284,22,1361.555375329392,b6a3fc947c0f14726af848586067708f7fe987ab17f1de289ebf97a22167e1aa
1192,Ransom Everglades,Chinoy & Torres,1143.4734458180455,152.7712553181281,7,1449.0159564543017,9cd9ccd45089aac9f83e0386b9638a8d5e8759abdf20785795b8391b35ef09c4
1193,ModernBrain,Kim & Lu,1143.1709452236964,157.52795652571578,6,1458.226858275128,10e9d4dc457552e91c59c2669e8e31f80e43540f21b16910c0c165d4f2e4288a
1194,Northeast Atlantic Independent,Kapasi & Zhang,1142.7253697315946,164.11655659920285,6,1470.9584829300004,a5c1fb41f498a5a179d3a81982dc3b6370cd543f14c75367f0f0ff2eefde67cd
1195,South Forsyth,Avdhani & Yadav,1142.5692972476372,166.02039427098083,6,1474.6100857895988,5ead908a8c45080e1db7c5f65cd173e4a09e893c35d31334a22cdbeffb3ebb1d
1196,Monte Vista,Praveen & Praveen,1142.5246714348443,160.99704867200785,6,1464.51876877886,8c57c4aaa5bca149cbfcd64d47a2cac15aefa2a77cee0acf6906338c71727d5e
1197,Camas,Lu & Ye,1142.3512424810583,158.27074824420725,6,1458.892738969473,b3e8f94912895bf2318b0b0e0c9b3c1013e05b40ce980f8632326bea7e32be63
1198,Ardrey Kell,Dhote & Srivastava,1142.1750198579955,177.82802222097686,6,1497.8310642999493,387774e7d46a5631dddb3a2bc72bcbd2ae84103593e3d17fad7981298cba62d1
1199,Dulles,Biyani & Pati,1141.9897703140068,153.7051543405995,6,1449.4000789952058,c258b7f1975fb8c604a922967210fda19415c6699e18009a37f40c92182ce6fd
1200,East Ridge,Mahajan & Vijayakumar,1141.6448399400429,123.75001207417543,12,1389.1448640883937,20e8723947ef923fb83e605bf45f31289c566d7da3add35afa1915241f6556cd
1201,Windward,Crain & Hayutin,1141.633327603028,161.86676100908616,6,1465.3668496212003,2afdb630011b3548fe8f0303b3a5d098789d1e5ccd86498c5308600ab789299a
1202,Marist,Crunk & Zeigler,1140.7854930553926,162.03339085510643,6,1464.8522747656054,ed0167a0b8c45e6160e9a11aadeeeae41478e0ea19a77917398763858de9bc54
1203,Syosset,Farooq & Gill,1140.3310727838011,152.29708918351633,6,1444.9252511508337,58c13161e8a957612a531e213d83d9d984ab43531eb79caf686fdfc7079d0149
1204,Samuel Wolfson,Kelley & Rolle,1140.1128310121705,167.66157412219331,6,1475.4359792565572,a13d6cac52208eba9bf3131702ae31ab2b93e3676d4e2a6e173942a4d4e023ef
1205,Sequoyah,New & Wall,1140.0696740833273,126.51992155284864,12,1393.1095171890245,2f86f218abf9e0a9cfbd7b5ac779d0553bdfa38da0fa47b79f0034024c6cc722
1206,Mission San Jose,Parasumanna & Waria,1139.7002131379022,155.645795100545,6,1450.9918033389922,1901ae0abbcb1a06a638bda42753f008798e4421d49de0821e02d85603fe6636
1207,McDowell,Davidson & Mohammed,1139.5869434132626,94.37464289763831,25,1328.3362292085392,0fc6cab45016a98a87acf832c6f142df0f36b63fd3f103bfddef715b7c7010e3
1208,Delbarton,Thomas & Thomas,1139.583162668552,93.08378291045433,24,1325.7507284894607,c5092126b66b78a53e138d9fe8b4fc5a219ff0707736d8c3c1674092ba24bb91
1209,Marvin Ridge,Kanderi & Muslimani,1139.1008344678091,162.2600367620565,6,1463.6209079919222,e2bcb8afe759c40f7af87f169befecacc8a56e9c7b3ed427931a1c90ad641dad
1210,Cambridge Rindge and Latin,Liang & Rakoff-O'Neill,1139.0965596228916,149.96272834060613,6,1439.022016304104,6b7e13bcdc1449e480667c5132ac26e31dfa5207780784d7abd897b069e44c6c
1211,Stratford Prep,Jhawar & Venthan,1139.01834247256,123.13372143942496,12,1385.2857853514101,3c058e0a829bfbdd49e2bb203e8c87b2e241ab14a166aceb02ed3b17563c6702
1212,Fairmont Prep,Ahmed & Sasspal,1138.9075195686855,124.73617950167407,12,1388.3798785720337,725b40b42354d8db941605ab1b4947946e68a2cb566b416229a491ddf6014524
1213,Bronx Science,Nu & Veerubhotla,1137.6550225911249,126.48149243596664,12,1390.6180074630581,8307b9d64787e68441960f35aa9036000b0e09095a59bbd4c7ab3dad79c68345
1214,Newton South,Rafat & Santhanam,1137.2845639264137,186.0305912136902,5,1509.345746353794,3445df5eb8008a706de1b0aacf313a73b0888fd8b09ecb18e1e62bfdddff43d8
1215,Natick,Belev & Yu,1137.0356491744724,172.709201922951,5,1482.4540530203744,6be7c83c4597dcad2f87719c5921accd36eede0cf56a36cc601d0847d46a4c9f
1216,Lexington,Biswas & Streithorst,1136.6848494116557,153.34213483284904,6,1443.3691190773538,94f4f2911e2ead6c7dba7ab2e5347be700039bc9adcc19e8d956a7021c6dee44
1217,Lake Highland Prep,Armoghan & Yan,1136.3653025672224,162.61390036194638,6,1461.5931032911153,ac9068279eaf1c6e87ff4997d28f232a671111d98c7169910a1457e91dc6d390
1218,Stuyvesant,Gelman & Mahim,1135.9521860086893,154.43328845018644,6,1444.8187629090621,2038cc48a163dc66e2bcb1211282291888ffc154017457b6b6d8a7b42c6914b6
1219,Hawken,Martinez & Rotberg,1135.8066762268272,159.33665543592016,6,1454.4799870986676,19dc55272fa27e12d7c9ca736231ef4e0d356651a2e7eea3ec34572029944cdc
1220,Taipei American,Lee & Liu,1135.645469375642,97.27993779527948,23,1330.205344966201,be55f57c24e8f8b675084662d7ed7d58b2a2b355afe8404313f712a0e6b55b8e
1221,Masters,Danahy-Levine & Panos,1135.3975409312459,120.95382221754939,12,1377.3051853663446,ab9af6465e26eb138c2ecb9b724fb43b87b491e9aab96b2a81d3824412a93663
1222,Carlsbad,Dougherty & Stein,1135.0053227943388,160.04798410233215,6,1455.1012909990031,7eddcb3cf717a35a22490997dd18a9c4c80cad128c44006b534d21dc6793e101
1223,Garnet Valley,Huang & Huang,1134.8373545255015,178.4994409616302,5,1491.8362364487618,f89461ae186f5e889399486739185bc4b4f1e007557462ada23fcd0ad3f588e7
1224,Marvin Ridge,Mehta & Potere,1134.7755725002096,163.73525568649708,6,1462.2460838732038,653f9bc97d0d0c7427e3a543ec7ffd26c746677ce7bc175d6b135969ec4eedec
1225,Concord Carlisle,Jiang & Moffitt,1133.9559736915073,152.32371851489174,6,1438.6034107212909,8e6fc874be73f29926c9174423e5770b95ee7707448557a96de9544fe05ee67a
1226,Unionville,Childs & Patel,1133.8081921708806,149.9293775262673,9,1433.6669472234153,15388e6c1e490c98800620053178b0dcae6508799fe2c845ab8bbeb0923deed2
1227,James Bowie,Bhattacharya & Chavez,1133.592807028704,165.3388688871001,6,1464.2705448029042,7606e48bd7df97c8e6208ce7d3e85b450e0be96cb52294d236baa533fc72c790
1228,Midtown,Chekanow & Hallett,1133.5006774096298,150.01105850507767,6,1433.5227944197852,8a90cfa0bdb3ecd909f3cfb7aa3e66b13ded89b10f85345edecca8f6bbbbf956
1229,San Marino,Kim & Yao,1133.1927983791463,112.7245593784733,16,1358.6419171360928,87806603f6cd132683014501f5585c971692074ed445f92e608b671015aceda3
1230,Vanguard Independent,Gondi & Sapkal,1132.5920617597624,165.1439243473093,6,1462.879910454381,8cbf6febd7a3333cd6989ba4c53716b252173a16e7f3f978301a059befc9136b
1231,McLean,Studart & Wibowo,1132.5194471140117,126.66904904117713,12,1385.857545196366,3f8493829e6179cc0b5855e158a1b9733fac45063a8d28164be9da0d4a8084fb
1232,Magnolia,Reyansh Julakanti,1132.4588973224934,157.50113357699868,6,1447.4611644764907,a83039b8a94407dc31ecfda4e8a76958ce1e4d08a962124db394188089e4d54e
1233,Montville,Panchal & Patel,1131.992010543484,187.49904436479616,5,1506.9900992730763,0c364094787ad702678737e2d2bcfe295101e3bd289fa38b789e916f634c8c5a
1234,Taipei American,Chang & Park,1131.9840138268826,160.65361053496395,6,1453.2912348968105,9615826d3100d9a8d1d7305115cbae9e8f154a74efaaa59a13ac70894e17846f
1235,CR North,Seto-Basse & Wang,1131.7950184371311,176.13553537363305,5,1484.0660891843972,1d4803b738059165fdfa5dd2d4a93aa1dde4f71ffacfe9d79651002204391ffa
1236,James Madison,Kamath & Reznikov,1131.2405209431195,120.3584624088385,13,1371.9574457607964,8082caf32d072918f215775f0768c9e32f80cf04ae2ea2da23c27222bd46858a
1237,Belvidere North,Gilbertson & Richardson,1130.3984737875574,164.71405335751317,6,1459.8265805025837,13b818ead6e069b0793e3b7a56551b63c8fdc4c50e43719bf923de37a553854c
1238,Ransom Everglades,De Sabrit & Pena,1130.218639574215,158.70492748228062,7,1447.6284945387763,effcb68a057f5bd8607e5c414bb8ebaae0e00c375604b2fdca3ecea4ce1e261b
1239,Valley Christian,Qi & Wang,1130.1798460387388,188.63863444089324,5,1507.4571149205253,6f2541703b95366808de8092ced04b209f5796b5d950fa90a352d6536fd37f8f
1240,Episcopal HS - Houston Bellaire,Anwar & Pan,1130.039167581156,121.15417434520033,12,1372.3475162715567,7bdf0b843df9abb4d0da1f3f43127a86866e817b4559393c4a0d81ed11204ab8
1241,Browning,Hecker & Syed,1129.742716882426,122.49803477490576,12,1374.7387864322377,6c0375756c9be749dd8af390512cfce432a8046630e451ebc54739b667d289d6
1242,West Windsor Plainsboro South,Kamath & Tripathi,1129.1269647421882,104.81990743157692,17,1338.766779605342,69e2ca6977a0de598db01fd08de06110f62fdea916542e7c5ce72c85ee72f101
1243,Bronx Science,Malyukova & Rempe-Hiam,1129.031501764789,162.15865229748897,6,1453.348806359767,e5649d1daa5bad4aed994f4fa137957bbf2c6a35b1ada6850e2240ccf42cfcf0
1244,Bob Jones,Baugham & Ericson,1128.5927165083497,164.03626825619563,6,1456.665253020741,424bac9c313adf1a58f29074c6e44800a71117714533a1b24533040721b8052a
1245,Plano West,Cheng & Yu,1128.145380845881,131.28476426880889,12,1390.7149093834987,86f492c7208f99e2265646549d069cc48a4aab893a58504f0a4360ca579ac032
1246,Head-Royce,Le & Liu,1127.9453312841597,159.90001332774838,6,1447.7453579396565,e23cb1818611f9c3f82fb8b15616aff514fd589ba07525dfe48f51bd99b48de2
1247,Vancouver,Guo & Zhang,1127.5054043075588,159.49992363975477,6,1446.5052515870684,c50396d52589351b19045f082b4d6c48974dc2da4413b1d130de02e061d3a26a
1248,Sidwell,Fagell & Garside,1127.2071675604286,160.88005690036633,6,1448.9672813611612,bad0721df191dd8bcc996681d941878671916b1381a90256ff0b938ae322689d
1249,Albuquerque,Grandhe & Rounds,1126.735170644109,162.17462674134984,6,1451.0844241268087,1184da327230a0bbbd3348bb11739ed744ad137f71a49681913cca4d7b49be8d
1250,Canyon Crest,Asuri & Pandhi,1126.126902830933,165.0602569782227,5,1456.2474167873784,09fb87f6b7c8bd095307d8465d19e5edc5d242ee2b1a655c15c59b11f7223505
1251,Adlai E. Stevenson,Ramaswamy & Sharma,1125.4832383056664,129.1418366382485,12,1383.7669115821634,2b5d2e2acba13d4a0dbaa4b4794f63ddc62b2573a9a6a35c4eba204792ebd516
1252,Edina,Meredith & Wu,1125.4068227432317,163.54343082973415,6,1452.4936844027,d6f8355bae3442a48641f78280e011ff15343f4bc90309bb93b1ea8326183fbc
1253,Cranbrook,Wu & Zhang,1125.0323588261226,169.69234726217258,6,1464.4170533504678,cce3ece7c73fd98341d94b3a414379907d286cbc24a96e3110969fae7a092760
1254,Westlake,Howard & Rozek,1124.4573087516794,172.36907393267782,6,1469.195456617035,f904e24a935d1cf6c067944382e29a269a808808ebd22cc09c5666a382f7a4b7
1255,College Prep,Edmonds & Lin,1124.2865563978203,116.07958906721008,12,1356.4457345322405,98d130e71de72068b70b36ae91e7e808d6df21e1a7a002bcddb5a54f37d734e5
1256,Strake Jesuit College Prep,Higgins & Moore,1124.276520408915,153.37846577078082,6,1431.0334519504768,cb48a01f6204bb62cf5df95a6f960ad08cf954f003e92c8f0d31ee7fe9e186f4
1257,BASIS Phoenix,Anand & Erramilli,1124.0615695044028,103.61858315407036,18,1331.2987358125436,b91dcde0da19ac0c334a03b6d9938980d441bd023218aa52197866bb46aca2e6
1258,Holy Trinity Episcopal,Hudson & Richardson,1123.6979668683603,161.72987843890058,5,1447.1577237461615,759381e1c74de789b8ba72f85339e40d8a45f2bdd5dc029ebbcf890346502f94
1259,Pembroke Pines Charter,Crossman & Petkov,1123.016740686789,151.7678355148058,6,1426.5524117164007,176a24303a547feb0bf2769d81e736f533650a722b27ebc0e48cae1474b60598
1260,Northeast Atlantic Independent,Da & Mohan,1122.6033540700337,180.0661693396307,5,1482.7356927492951,92ac6dd0d7be606e338f0c487bcd0ee0bfe7c14421ec44bb2ab296921c9b7bb5
1261,Albuquerque,Tohen & Xia,1122.5860797163173,171.36461836049668,6,1465.3153164373107,f320919dbdacd96e4be5e5bef9e6de3f70b1f0b28e573d3e2d32ea069a879640
1262,Cupertino,Kedlaya & Rao,1122.3634410152622,120.11408337143642,12,1362.591607758135,6b11f7923e5763121a03eceeb14434ac3d9eb49351525b8e9d3880a6008a3b44
1263,SA Ozone Park,Iwuoha & Lennard,1122.0564379934176,167.6963223266011,5,1457.44908264662,723259b6a7197e64c66244d8b181a933c57dc00b8b3ee176c35eb07d576cf9cc
1264,Newton S,Lu & Song,1121.9899859213283,157.6471314888124,6,1437.2842488989531,477245922a37397528bc2ba881b55f0ca0cae1b2a4f1950f37091a294e2aac1b
1265,Potomac,Ram & Ramadoss,1121.6258491149513,121.51451389821955,12,1364.6548769113904,9984e04124765dd1fc6b441ab1bbdeb54ab35380d3ffe2d9527fff3b311ee46e
1266,Lexington,Babcock & Nair,1121.3045252022685,174.87057645436852,5,1471.0456781110054,3ef2c3532175da6c8e15c86e1d6095fc025351a97df13dead582b1ad1068fbe1
1267,Frist Institute,Chen & Srivastava,1121.221382383314,172.92031161974893,6,1467.0620056228117,1fc8fd5754a335699a208b45c5d191e36b4ee86ca22b9e067f7b686fb6985eff
1268,Bridgewater Raritan,Bansal & Malkari,1120.8774933109341,118.03489694848989,10,1356.9472872079139,87f8cb9bb7bdc5f2de8af3219dd441af2af5c59a9634804b5900343af2c33103
1269,West Windsor Plainsboro South,Sadana & Telang,1120.5141206951007,156.12957043301645,6,1432.7732615611335,411a5b256b5ee35c2e5b0d933a9d1f410f3909304358793bcf57a0a3b2c0b942
1270,Chattahoochee,Hegde & Reiss,1120.1020247007891,159.39895656666948,6,1438.8999378341282,eb93acef33cb0f61e4e771feaf53afd66ba01e2812420b8b1de8fe4f2989775c
1271,Emerald,Haile & Khalifa,1119.5618163497313,123.51643298791298,12,1366.5946823255572,40a6888cb6b737601d5b68c9fe9ddb1a5d1b94790fedebdfa20c54916672d08c
1272,Palatine Independent,Ghia & Murali,1119.4406465082498,158.10507725970805,6,1435.650801027666,3a3c9eb010986833ed9a20ab18371a1c70cc0c3060cf76e13172c06d4bd4a767
1273,Loyola,Chilukuri & Kassabian,1119.224653259459,154.88747617230848,6,1428.999605604076,576796d5a20df2e77752e744c3dd1efc37851173b4d491709c8c96809d904a7c
1274,Oakwood,Lee & Stern,1118.3845283081773,162.04211840762125,6,1442.4687651234199,0c80f2ddf0f7c862891e84388ff8794dcc56c026c35b56db76e768457a2af5f6
1275,Quarry Lane,Li & Nandan,1118.3282621267178,163.0522250781397,6,1444.4327122829973,0356b748feef69f76cf734a377eedef3b772705e65e72edc40b16567a96f2db0
1276,James Logan,Lukose & Shah,1117.9196351507658,111.38212329478566,18,1340.683881740337,3a7e58e52e10c0cdafa0d8b2cb99dce9d6785cc7e3b2e0d9c87c1197a7857170
1277,NS Independent,Kapoor & Thomas,1117.8063199578814,154.65839325075393,6,1427.1231064593892,d6955185692558e0bdeae9f1329e65e47435d8027e4f6e667465a1f149de1ae3
1278,Equality Independent,Qiu & Yang,1117.6327253902907,165.19897848591805,6,1448.0306823621268,7bcab47d65fec6cc88d51147a7bd9ba29785c71db56a0bbee54d1fbfde98799c
1279,Cranbrook,DiPiero & You,1117.5597125082995,94.74493947653406,28,1307.0495914613675,1668a4be8d3f4f72fe88114a569ad9fac4667126a2b1e474bed8cd98971c10fc
1280,Portsmouth,Cummins & Rajavel,1117.3793976524503,154.35172033701608,6,1426.0828383264825,b5bc34683a6e15825b3af17d8fa0ba3be5d0407eee4f86b45c0002f87cc8b39d
1281,Windward,Kung & Nelson,1116.8328740832778,157.26012515516695,6,1431.3531243936118,0be79237a1b6d14ba99c439d730317e5d210c078fdccb9ac62f62e6673afb867
1282,Seven Lakes,Kapoor & Yassir Eltigani,1116.1161722805207,153.6204242369521,6,1423.3570207544249,6871e05c4fc100192a7149deb0561e09bb9f5540a0aedc9c0fb7dcdb2f855e96
1283,SF Lincoln,Weeks & Wiessner,1115.0154537990468,165.11631933498168,5,1445.24809246901,37c568e7ba282e42394cf900f7aba0b3a65efe951d47eded34aff5f0e33331c4
1284,Fairmont Prep,Sodhi & Sodhi,1115.0153305469107,93.97505161537623,23,1302.9654337776633,722d0936e4e4ce7dd479e23f7bce6fec46ff4ce9a0eddb5865ea6b8682c97475
1285,Chapin,Spence & Trinh,1114.9320690512757,119.0902311729568,12,1353.1125313971893,287e9e0918d07c5eb7d29d5501283cfbea9e627d3f3a7610559e2c2a82248b56
1286,Canyon Crest,Huang & Peng,1114.4013746800406,85.55433387221028,42,1285.510042424461,5cadc742d0a1547578ae05bebc8231ba30f504804b7744cda64d56ac7ba6a7cf
1287,St John's,Kulkarni & Pandya,1113.7078946481172,117.60958942495441,13,1348.927073498026,35c68f5f50b7e2bd543a7ab736fa4fef17a9aa17a915507b0cbc03b7d42b4d30
1288,Hamilton,Rahman & Rajan,1113.5637352926751,126.12959615010975,12,1365.8229275928945,e514a2774fbd2691f2403799d763c17e46548d83916037816efbd39529e9471e
1289,George Washington,Sheehan & Weyls,1113.2264594796534,107.78481024341912,17,1328.7960799664916,72ead04c5e8c2f5d6c3fa63e5ad4a20d4e96650e2746226e262d5450c9d9b3d8
1290,Princegomery Independent,Chen & Srivastava,1112.7526936851411,152.5767677129071,6,1417.9062291109553,2b8516b3b69d9b5c662bce44373a98f6c9d49a5b10059eb471a52342b001b67f
1291,Helix Charter,Lara & Rivera,1112.3632648106448,140.10771053842777,9,1392.5786858875003,f593d43d2dee923caa5b9937cea8b127c2bfb23536aa0d4a700751de54292b76
1292,Benjamin,Scaperotto & Sluiters,1111.964737242477,160.39427945647935,6,1432.7532961554357,03130fc8c19aac2e24381188bc3884e3771f563a2896195b504ee1aaeae148d8
1293,Southlake Carroll,Hussain & Reddy,1111.5930861620336,137.10665977638004,11,1385.8064057147938,9cca1f90716becd000d918ea6c05bc07a789e18c4fd50694507e37af5bbe29e9
1294,NS Independent,Kapoor & Wang,1111.5927040445838,162.05994778965862,6,1435.712599623901,1db574c3d584d6b8a0e60cdb45dd45bf6b52116536c85024521a1b02bcffc0c9
1295,Harbinger,Cao & Wu,1111.5806237349464,177.98929708384824,5,1467.5592179026428,a4b6ea75cfc424fa7e5c7a6b4749f2d7f9c24c5cdf891f1249378dfae447f07e
1296,Independent Hamilton,Bhaskarpandit & Grewal,1110.9132717225252,156.98385114837112,6,1424.8809740192676,99c28f228e03004fc5bfee2c2247c54dcf5e92e6215f851eb582eea4fde9a580
1297,Mira Mesa,Hlavac & Valencia,1110.5708526296798,168.88748006467114,6,1448.3458127590222,3d52a39876aa4ec4c27f9a15df42957d73ffbfd5a1e226fda2acdc94371465a2
1298,Ivy Bridge,Karthikeyan & Puri,1110.5282560954527,172.9776864256569,5,1456.4836289467664,c107d966aef5790fac6496f8ef8e1819bfa8740290908cc936cdeab66a14f8b8
1299,Nova 42,Vibberts & Yaokasin,1110.2209974980437,165.70810408440656,6,1441.6372056668567,3c985e69226e1820845921cf7d311e091ccc35545eee056b16a937b53ac2fa6e
1300,Creekside,Lolla & Rajagopal,1109.703346203071,161.3577942245611,6,1432.4189346521932,61eb6138acb996993583485f2a4425a47946c7577dcb1470d62b36274865160a
1301,Honor,Park & Singh,1109.5554873028648,163.07837054183017,6,1435.712228386525,789e28e461357b78b50a410f57f35ec75dabc652d4d67adaa2e37fd0677fbbbd
1302,Titan Independent,Gokulkumar & Sureneni,1108.9721837049285,161.01410950854975,6,1431.000402722028,3e741a7aff541ca47bdbcf06cf1c659d61215253814bc2a87ab81ca09b858fb6
1303,Xavier,Eversley & Hoffman,1106.7151595797282,174.67880538644388,5,1456.0727703526159,05b48b18d4b548910b55d677b3e90c900721144c07aa819bca73329328e02e75
1304,Medina Senior,Nolan & Shimko,1106.5096038480829,158.5685040252909,6,1423.6466118986646,61acb48fa30c672b6e6562bd446082c22be43ae61b64f4f856a14ba7b07156a6
1305,American Heritage Broward,Nair & Shin,1106.0121678200899,181.33786668129977,6,1468.6879011826895,0a3d1925d3b6f969df075332d5186b894f9ff9b276adbeffdca453350fc5671b
1306,Hunter,Schonfeld & Tsung,1105.790277673021,155.3724834334714,6,1416.5352445399637,2ab7ec62036fbadc9f7743b3944d0a4a498f0359bb78e28f25819cd8fddcd6d6
1307,Holton Arms,Agha & Miao,1104.8990764786045,150.92445422807629,6,1406.747984934757,de0493435c220240ee50a86c50dc2566783968befd02e4db49f4c8b4e886a80b
1308,Bergen County Academies,Kashyap & Watanabe,1103.2584458470137,124.85174597800754,12,1352.9619378030288,0cf5c8fa632bfca05174fa8b86fe1782bf06045776ff0b1d507448cd437a3d4d
1309,Pingry,Hao & Liu,1103.2414059211126,164.13969809530064,6,1431.520802111714,1865796fec3b67686baab43a0588144aa1fef1b2c843a499af01fbd271f9f510
1310,Los Altos,Balan & Chung,1102.882660551283,169.522351797116,5,1441.927364145515,79f7d0cab9c03bdd05d30108a1857162d83225c7b08eb514c4ea92b751d52151
1311,Sharon,Hussain & Yarlagadda,1102.8035567558827,128.65585452239486,12,1360.1152658006724,1bd3520fe1d06314460f0718177be33ae936665f9c9eec18730bd352b9007f55
1312,Valley Christian,Vu & Zhang,1102.529057264892,122.62952484409068,12,1347.7881069530733,807a2b6c5ae8d77fd8358a85d86a03448164ee2ddd7ea268b7f000a06fcce9c8
1313,Leland,Kim & Park,1101.1625968772692,166.92000281851944,6,1435.0026025143081,69a60e15a3a33d3e29e9a84c5055c8ab81c7a38cb6f715d3ba1550f5ce8e996d
1314,Vancouver,Yao & Zhang,1100.670541515037,166.8343342346324,6,1434.3392099843018,037a0d28bd4e2f80632f87dea4071c54c4bea8f60d0f481d210776acd3421d3f
1315,Charter School of Wilmington,Choubey & Wolverton,1100.4070307767063,131.130271815931,11,1362.6675744085683,774de3fbe0228324d8c09043d4cfb41fe05ab301cbc2222d7932aa774dc50310
1316,West Shore Jr,El-Ahmad & Salyers,1099.6604578335339,166.13046905742667,6,1431.9213959483873,75f0d28fa056de9aaa40ef78dc16c66a276c0b8072c5f822faf382ff46ba795d
1317,Potomac,Leonardo & Staver,1099.6121330162578,170.18056110682798,5,1439.9732552299138,ba66c4924ae186dcafa52fead9223d6a0d65a62768b206e0ff1f8ae82cfa11c3
1318,Central,Felderman & Nieto,1098.6427142076434,132.18602868818553,11,1363.0147715840144,2128eaf46eb3097d1b405c0267c1c111d1e538b64437676771c2bd1c64803e3b
1319,Lakeville North,Menon & Sreekumar,1098.6324131511078,173.07835080891988,6,1444.7891147689477,9fd0f67cb0a5204424c36b9db14de1913d219658ac705307e5635baa4590840b
1320,Lake Mary,Calla & Kuruvilla,1098.233052754585,167.850945143538,6,1433.9349430416612,1b623a9b8077504c9a5d02ab415c88a2e9fb4797f22426f9606d76ffc07585cb
1321,Valley Christian,Dharne & Lakhia,1097.9262987319244,157.41164421642486,6,1412.749587164774,7d7f93aa80b8946ba630b8c92e2e8107b4aceca3cd28678c864794c30ed1e5d1
1322,Marist,Baldwin & Devassy,1097.5282830752951,177.26919460870195,6,1452.066672292699,311e22bc45489c8424b6e66eff7f3ede552b9a674e7cc4b9003371b0e30229d3
1323,Brooks Debate Institute,Rawlani & Shah,1097.4051971863155,121.20256421697644,12,1339.8103256202683,9f00bb5623c7ded01da2f0888be55cace1c8cfc38a29e8dee4723319ab16a109
1324,Potomac,Nam & Noda,1096.6351509107765,110.4279667549835,18,1317.4910844207434,35b9c4ab6a13fc98d7d642ec2d718a5119a24037e1d8f918698f8718405f0d61
1325,Eagan,Ahmed & Schumacher,1096.0841003832786,130.22725239588408,11,1356.5386051750468,7d2dfae83d5110e7da692a81da7a019c70fbf3f8509fccb29806aea8f46ac2a5
1326,Strake Jesuit College Prep,Jiang & Shatby,1095.2786069384588,166.16831712641016,6,1427.615241191279,ba37cb2ca809a92b9e9cfce18f49f67284eba46a82967600b70f1b496200e632
1327,Los Altos,Balan & Malhotra,1095.0986849154065,165.1747583966744,6,1425.4482017087553,5ea8beff9d07d78920bbdebb9831b1495e521710ed117a177f0b385c3984cbb9
1328,Ravenwood,Sankar & Volety,1094.6722231904923,171.48380675193982,5,1437.639836694372,f51652f7ad0920764e2188f911c80d45392f586f9c4275bb811bd41d7f03c13c
1329,Vancouver,Lu & Ye,1094.647929472138,158.95977887019268,6,1412.5674872125235,1cf62ab4801b65ee958a9ad6e39f15910c8c2763bd489f85ae686d4d561fdcaf
1330,Centennial,Kasera & Kumar,1094.0973216012828,159.02710062274113,6,1412.1515228467651,0d3a5a9b522618c78e6cc720acbe971589326376a9888f385d6bacca5b97c8fd
1331,Sioux Falls Christian,Chapman & Lunn,1093.9777031977362,179.33684404631808,5,1452.6513912903724,350c023b94ac0cbc64cd0311f40ab7724d40a08d7e999b32486c4ecd6f7e5f86
1332,Cranbrook,Ahn & Medvedev,1093.8084262050932,170.35650195129585,5,1434.5214301076849,0ae6964d47bff355b6ac94626cf1fdabba9cb9137e7f439b960327cf6c490521
1333,SA Ozone Park,Singh & Udom,1093.7963127986143,136.4590092256453,11,1366.714331249905,382c5ddc14cb82d5e585566a93d751198bc4b76584d6902159e9d321e9fbb513
1334,Leland,Cho & Garg,1093.4104867081242,163.036846178521,6,1419.484179065166,56e3a988ccc0246bd1caafcf4c682ae55d47e483c6449df6513927cc4b573951
1335,Holton Arms,Humphries-Do & Thompson,1093.3045256226592,179.57175999552456,5,1452.4480456137082,5d0af434aa94fe264048f096d1f1e0a09b8e21489973fbf75f45c4b5e4153d3d
1336,Livingston,Jhaveri & Ko,1093.1590508104016,123.772683320377,11,1340.7044174511557,de6d616edee609d91ef0768acecce08e8d076fa12d1fe3d47a43910707adf074
1337,Georgetown Prep,Elliott & Halm,1093.0981216479786,152.8268163774964,6,1398.7517544029713,c728c3bebde77d6078d24512ac57ab8478b409d1f21751b9edad42c7e28b88da
1338,Gulliver Prep,Hug & Navarro,1092.9127542552465,146.8983078598784,6,1386.7093699750033,66b730a2806ea2cbbf5371e1b53ed625627d4cf0a66e46ac1c81aa017c320156
1339,McLean,Sandhu & Vazquez,1092.7499993675706,108.98423452895376,18,1310.718468425478,cafc6d5e969a6a523b44003a869db6334f65d72d88c20c8b8c0fe147793614c0
1340,Arlington,Burke & Potere,1092.4246415590455,133.05217982561913,11,1358.5290012102837,6ccbd3fa69877f061195003a36215973ddc9ed4c415774e6a9ff3efae8509255
1341,Patrick F. Taylor Science and Tech,Alexeeva & Hoang,1091.8478165710267,174.41823027287649,5,1440.6842771167796,f949554538ef67b1cb4d03951d7a909a6f8ff2da8d3f681d8f5b2d5249008401
1342,Mission San Jose,Dinker & Qin,1091.8155088555127,156.84279184739268,6,1405.5010925502982,3b0d717a59012a488ff4f78c37ad9bdf74ad0f5be057a177eefca5271994891b
1343,Delbarton,Dufner & Hosler,1090.7098988291693,147.93039905486577,6,1386.570696938901,500473266367b85a082e8ebd57ca7f6dc33c6ef8e34c8115831af029af98be5d
1344,Newton South,Kapasi & Xiong,1090.2614703394493,158.69937173606033,6,1407.66021381157,dbd0ff9289acfed69a9c932398aa2e0aa8db284b3f84b343d78ea9b7834c4558
1345,Mountain View,Huang & Kim,1090.041922288216,163.33564094908573,6,1416.7132041863874,38107aeb18ff8689b10cc4e7926940e87ac4720aa24ed444ecb65207f4653ecf
1346,University,Ihler & Katkuri,1089.9121203321115,161.2346683615097,6,1412.3814570551308,b97fbfb066857ca98f8ddd32d1245bf689746e5f704008626246f136a143fd29
1347,Bergen,Chen & Ren,1089.6717266900478,164.36275413298682,6,1418.3972349560213,7642270ab030a9ecd91eb3f37778c2fdce605f4688ca203788462847abf33d04
1348,Hewitt,De Lavandeyra & Rubin,1089.5327289185625,172.4080135743503,6,1434.3487560672631,85123e067fd582bc9c3125ddfa65e89efe4ad267522c833ccd1c5b17d234429e
1349,Grinnell,Dobe & Hatcher,1089.1864616734283,174.13149399254885,5,1437.449449658526,49201fad58365171b6ab95b2bd678c79677ca80d32a6c742e8291ad05c5781f2
1350,Masters,Malkin & McElfresh,1088.8247444760414,170.0411319290408,5,1428.907008334123,f1594d31635534a730e8c6998949623b4541eacb0aa50ba3287493e4d9eb6f7e
1351,Cranbrook,Mei & Raheja,1088.5913934228897,161.5800172337912,5,1411.751427890472,13fe1b2cd081527111295da810685ad6e23dfb71527ea7693a220acbb70b4dd4
1352,Mountain Brook,Druxman & Portera,1088.063899877092,182.83875561849507,5,1453.741411114082,5cbdbda5b47261fc8fd70ab0a36e07e5dcb580199bdef6af0a9a89ae57b8646b
1353,Lincoln-Sudbury,Karmacharya & McKinney,1087.8740370454525,106.3494934404461,18,1300.5730239263446,09c2158061659d14abed3beefbc6bc11861747b5999248bdf96b82cd867149c1
1354,Ardrey Kell,Sun & Sureneni,1087.7184160269449,166.58743387142167,6,1420.8932837697882,b6005b8267e6f52a129e7739e797f569c413608c1b844e6fd4c81b993897d0fb
1355,Hunter,Burton & Tsung,1087.4758214039143,172.13284451758636,5,1431.741510439087,7240701ca0c23d903829e67ba0bd50e01fbe4d446606bd606fd7d234d1e1eddb
1356,George Washington,Sheehan & Yaakobi,1087.4531978169794,127.83757385580249,12,1343.1283455285843,8fd93a23dc50dbc955a379a37176566d78d31f4af7002ac0ee2ba80151557c5e
1357,BASIS Peoria Independent,Cho & Kanungo,1087.2636896491747,168.59186367640845,5,1424.4474170019917,a5026bf2834aed4a7e9a69bdb1e52aa104522a13cd76c4e8fb72df42b13af833
1358,Harker,Petrova & Pramod,1086.8332232302678,92.48614618789567,25,1271.805515606059,dde0b89c649705727df3df052fdca460ba6ac4690cb563fac1be1e0fee635565
1359,Dowling Catholic,Kirst & Raymond,1086.7271840260503,144.09853691384183,7,1374.924257853734,58875a4245a6381f1fd674e747d41c9d5478197c7e1d37341b402f086233ea28
1360,Harker,Agarwal & Lin,1086.4785870165842,157.30670890861126,6,1401.0920048338066,deecbb749101a57b2415ac12d25de84b101f62560c58dfff5aea1a022fa8af02
1361,Strake Jesuit College Prep,Davis & Jumalon,1086.1250066071407,184.98484773333823,4,1456.0947020738172,e8082bd181b2a7a4b1af45244395a2a78eb63c5bd9c882909d9dc8ac869ee884
1362,CR North,Ambati & Zhang,1086.0578841900297,180.8324880847018,5,1447.7228603594333,3f84bb24e1c135cfcda6bf2011d5c5398118b2dcddb5aaab457c85f877e44298
1363,Dougherty Valley,Gireesha & Mallajosyula,1085.9068315642048,121.34619747637817,11,1328.5992265169612,55b647adf48b1a3de2dd66ac30cf15d2aad8bd7f89c51a54f28c359f6c67bc55
1364,Acton-Boxborough,Hegde & Vutukur,1085.736528109384,163.2992943013775,6,1412.3351167121389,158cd1d2a2ec684305bcf7935c2ce1f09f9a37f67f3d2d1821842112c372dc43
1365,"Ridgewood HS - Ridgewood, NJ",Yang & Zariwala,1085.4877599133001,150.63798597692465,6,1386.7637318671493,f80084fd2bc9b6fcc65f0427de2b1e09676e7b1fc10e62225ea312bd11b11daf
1366,Mission San Jose,Kaushik & Ramkumar,1085.085595703847,162.90648952392547,6,1410.898574751698,ad50f6355649698d30a4af9037ee6646d2caabb31cae27e26b8a5ebe87d971b1
1367,Horace Mann,Gupta & Scheinfeld,1084.526738271635,172.2250185587742,6,1428.9767753891833,8b036e0fe70fbcb1b9dc458592dc35d69f247ea63385048d257e08e0e8280ebd
1368,Milpitas,Chan & Kaluvakota,1084.492535371957,172.33686945733652,6,1429.1662742866301,dfde6956b9d799a5a61ebbfef9e64c4a0566c7780b1aa6808ba756fd8b42a71e
1369,Taipei American,Lee & Lin,1084.3223020764246,161.40554862685931,6,1407.1333993301432,67c143350ddc71cc1a19386db043e24d180e5e31fc5c08c771a01aa14c9d7679
1370,Marist,Mastella & Zeigler,1084.2577188749644,135.71061680799866,12,1355.6789524909618,74f4724ec9949b283ded605d4062fe80215ff4ab67e36ee48f0d60a39da62f6f
1371,Wheatley,Ginu & Mahajan,1083.0891116498738,158.6164498835603,6,1400.3220114169944,4e18f854f6417554e0a23c5d4ea74fcb4249ffad73685991bdb5335e5263e181
1372,NS Independent,Shraytah & Ziv Petreanu,1083.080743462301,178.52531804531645,6,1440.1313795529338,d56aa0ea054dc783cb19e1a0b28e1d453171b2188172bf5b8342d7643448e148
1373,Mountain Brook,Doobrow & Williams,1082.719954235507,166.71133265493376,5,1416.1426195453746,65c0d2677b39b217ed5b10ebe73c1eef912a408240f2831c3d634133711b27b4
1374,BASIS Scottsdale,Guo & Srivatsa,1082.579087523487,148.63097623542365,6,1379.8410399943343,6a6cab19de0dad0694a0b34c087febe71569edef9d5c6acdda842bc75f5e33cd
1375,Grinnell,Backlin & DeRidder,1082.5733064459407,186.04215914887456,5,1454.65762474369,68340a34cb27e1c0385810637733c89f928fd241f365e92565f3f1cd9f2ac35e
1376,Monte Vista,Eesh Pant,1081.8294296588783,152.06402399862446,6,1385.9574776561271,8e36f14792191dc1f2698522742a0bb12d44348e94a6716b8e5a43f2b6c560de
1377,Sigma Debates,Sapkal & Saxena,1081.820542515528,174.86008906418206,6,1431.540720643892,b2e5f158946b2bb17784d82c0750bd3ccd30bd7592c9b0290acac6d93b3cf681
1378,Byram Hills,Chowallur & Weil,1080.8008991801732,125.84719059083491,12,1332.495280361843,2ebc663ec30275d0138fb81b274a78df5c7aa0b1c1729f12c9d05d39ae99191a
1379,Cranbrook,Qian & Yang,1080.7738634153386,164.6258655809503,6,1410.0255945772392,d12c028f268988055f0e36c54847f8475fcd88b808f878c8fefd0d70550f63d4
1380,George Washington,Burness & Stout,1080.3560983269665,149.59359437118886,6,1379.5432870693442,814d71c810646c213e9aa3ad2e5984cef5f5a79a4ef2675f43745c71a3e48c2a
1381,Lexington,Belkhodja & Ramnathan,1080.3009221740022,168.1824362782126,6,1416.6657947304275,b37e18ebc91058a0aa9e7c8c4362b8e43a991439d5aaa8dd5966e7862517b752
1382,St Michael's,Castillo & Peña,1080.1346352285373,175.1479558915403,5,1430.4305470116178,8da70ddb591955fedd395e94b422a7902ee2f53081709f8832eb592cb3036e1d
1383,Lexington,Marri & Shen,1080.0767819157286,153.6962332855654,6,1387.4692484868594,42abb70fc4b62737c9b225836dff01a2b72311a14e2720616e8dee24ce33fda6
1384,Lincoln-Sudbury,Sharma & Young,1079.604674322095,161.15442032567123,6,1401.9135149734375,77c2e266530bdb5319f532941035e3e479d5043c9736077ac686a131d5fbda65
1385,MSTW Independent,Gvozdenovic & Khanna,1079.19901052562,157.95800777927016,6,1395.1150260841603,41544285f4c27c9ae80a9bdd59455e97817954524f6887af412c35719f5c039c
1386,Independent Hamilton,Rahman & Rajan,1078.2946420994974,155.3616762722534,6,1389.0179946440041,e84cbda0cf8ab868fb91ced8f0912ed363507ae345a8834810f6cd401ca34f0f
1387,Hopkinton,Amigud & Kumar,1078.2658829295594,170.68711969376145,6,1419.6401223170824,7093a8f76d4704953d5477ff99f660771e8ed292c7623bbd69e7bc246a766f78
1388,Fairmont Prep,Seth & Sodhi,1078.029358966972,150.93210658804045,6,1379.893572143053,a1576d14788025dec08cd1932b5e084f47f64ef163f53f85a2be8937e76fc3ca
1389,NAVI,Choe & Tang,1077.447399281378,162.78435279768402,5,1403.016104876746,4dccf6ad8025d0a01aac7f0fa7f0f3ce3b45b07b37b93d3ac15341e4c1d9cfed
1390,Los Osos,Kim & U,1076.959333484944,104.6518577765904,18,1286.2630490381248,b5706835e97b540ecef8630ce5fde60b46a9feacfbd3abbcad66231191e98480
1391,Dougherty Valley,Cheng & Jiang,1076.575015820129,100.17464848424595,18,1276.924312788621,a18f2a7548f26c1e148d688deed080497c6b03556dcd33d271cb6122cd9d354b
1392,Nueva,Angspatt & Arkin,1075.8989219053892,160.30321590442017,6,1396.5053537142296,3b7fca51d3031ef730777fd1540bf7f306efecb03824fa2f8ba34f456846b808
1393,Ridge,Bonda & Narang,1075.7417903737974,182.2083367202132,5,1440.1584638142238,24f165074c9eb5c75fbec4a3b9ca5ea0d44b79e8f7f02a7ae385731385ff0d23
1394,Blake,Frenzel & Zhou,1075.6368533274792,170.9659757421218,6,1417.5688048117229,94079fd080527c7718f9dd2c84236984f6f61de5eb12e1905a2beb813f66bace
1395,Cranbrook,Chen & Wang,1074.9674839044653,132.9062586552002,12,1340.7800012148657,4eb101014ab19f992d6c335223cd17310465ceed597bd3bb556712dc3b252520
1396,Westmont,Sattanathan & Templeton,1074.875930320772,166.3331484567338,6,1407.5422272342398,296efe3d28b0c707baa799c673ec9bc22a59ef2eaa53d356589f1c13ce6b5c1b
1397,Hudson,Marangoni & Sandona,1074.758648829673,161.68211160879773,6,1398.1228720472684,e2dece26c2ec4fc88f39f4711670ee6eae6672c25162d95d1e39c33b389ce92e
1398,Cupertino,Harish & Liu,1074.0183960845852,156.46644771702827,6,1386.9512915186417,b4cfc8ceb9c06504435fa79676094d884284036651554f464aae1c543119ab20
1399,Interlake,Li & Xu,1073.3765346201822,120.75210829776374,17,1314.8807512157096,78a2cd0174b10a2f3b030c7ca31eb0e37e84835a605fd87948e7a842e0de289d
1400,Discourse Power,Madaan & Peter,1073.2271053045974,165.11496883277545,6,1403.4570429701482,5796f851ac493d42a9ad061bf4a9f9fdc2ca59a9f46c512c70ee4ba303fa488c
1401,Germantown Friends,Jun & Liu,1072.8779011653064,180.8101685604649,5,1434.498238286236,5b7fbd25cf2640f4c67fde2096a05256ddfdef70feb26c8ca71a083e9634d3fb
1402,Windward,Goldberg & Guo,1072.653776624376,149.74038221443573,6,1372.1345410532474,70994adca2c3018b7049fd357bfeb0eede6cffde5e89d5f89f28b80bdaf371e9
1403,Altamont,Lanier & Vedre Kyanam,1072.4128047309223,162.5378198325609,6,1397.488444396044,4f0526c2e3c108efd543de4f65b54a052b804c2e81cb21230662a63028a22d33
1404,Randolph,Brunton & Yoga,1072.1844121047154,162.56999330756116,6,1397.3243987198377,29c801f251c02bcbcb9d1ce483bdef83b5d76f8f7083946b57abaf994f6277a1
1405,Trinity Prep,Membreno & Paul,1071.6505901985902,176.49694977907077,5,1424.6444897567317,eeac0fc8acc23acf22ee65000bf4b3ec4d6f87844a0173a19087219859b31c8e
1406,BASIS Silicon Valley,Liu & Mu,1070.8531334708096,104.38695603335407,18,1279.6270455375177,cebcc3247194526dea57bc4d0441045247686a778db0b4c0917e52b927d531b9
1407,Hebron,Kim & Mehta,1070.2663681378713,165.47796467651978,6,1401.222297490911,a731bdc3a28ebf57052eb32003d8f20b5c775793ade7ceadfbea2c99dbfbb069
1408,Sigma Debates,Kurup & Peter,1069.9632957906758,174.93619080419046,5,1419.8356773990567,593ea116ff81abeb159c8eda569e015273fe6f2faed554655f9b0aa68bcae1e6
1409,Ivy,Nguyen & Xu,1068.4235888716235,108.11728905586097,19,1284.6581669833454,926c79137c450adccfa5aef4cd3e0de2d92b9a8514c52bbd8500a8611078724c
1410,Interlake,Mi & Wei,1067.8275918475524,172.58711489217043,5,1413.0018216318933,5a17b9aee160478dbfabae77ff882dd2c09bd90f79f45764e0db27d135c95f9d
1411,McLean,Li & Zou,1066.674772057617,165.17473178024431,5,1397.0242356181056,9edb5df9414e6fca0c2aeaa855f12116081a03f16532cd0e2dbaa30c54977fd1
1412,BASIS Independent McLean,Park & Yang,1066.5289201644896,173.37309207506078,5,1413.275104314611,43f6373f46b0c5a3151e66da8899bfa5df3a5f0a86f9503848bbe78dd1a02996
1413,George Washington,Chenard & Sheehan,1066.233799641963,159.7656036949818,6,1385.7650070319266,186645b4d84f5860a44d95f712cb26b585d0da930f9055f47f2e34a18026ef26
1414,Montville,Arora & Barve,1066.1125876879582,155.86160836814304,6,1377.8358044242443,cbad71636c127c956e5730a9044827137b2203679603fae9415dc96ca353de48
1415,Jackson-Reed,Braga & Farrell,1065.3672554920406,164.5128619063944,5,1394.3929793048294,60cc25580bc3d0cff0860dc4eb0170cdc6d72db567d718f62f0490b49227520f
1416,Regis,Dominguez & Rodriguez,1065.2964428198356,171.81546966530885,5,1408.9273821504535,19854c0df2ae84b8ba7f062d2e47704fca7f891f6c8b445340d02b6c65a4c43b
1417,Olympian,Guevara & Loewy,1064.5692904702635,178.03284382239966,5,1420.6349781150627,d44c424f064a230353157dc7cf82a45b20af149a210526f8045459845a774a5b
1418,Hunter,Almedia-Batallas & Mak,1064.4098360850148,183.50614277206705,5,1431.422121629149,de75dd04912ada327037aae6cfd245b6387a5aaea050087dd6960ce793362c3d
1419,Potomac,Lumm & O'Connell,1064.3671418305144,169.1873494463826,5,1402.7418407232794,fd4e2ca1119b2aeb1ad4c9b02d8abe69cf1e49a5715a3d22e82ca96645e7f47e
1420,Sequoyah,Koster & Tillero,1063.4536042547425,161.59786046473852,6,1386.6493251842194,d9588c143fd128bee0a5db02197e5734109f15823858a759c0b0a7e96b73a400
1421,Strake Jesuit College Prep,Davis & Pruneda Hernandez,1063.2475589274193,107.53105730426206,17,1278.3096735359434,63461c35dad1fb75cd7257bd0360e88e65109a037030a287a2d345267b93fd79
1422,Adlai E. Stevenson,Mehta & Raitani,1062.4999164506855,165.72881120002228,6,1393.95753885073,4f89d4c1115c83d407e566617ba8e2abc0904239bf99c5b7ca2bc268a5dae6ee
1423,Dougherty Valley,Chatterjee & Yeung,1062.3917961238276,155.4711530393186,6,1373.3341022024647,07f3da3f8814fb07012664fa402571aee124065e7a3e53171ef59e9ccbc3d760
1424,Edina,Ma & Mehta,1062.2027937888715,159.50994920079376,7,1381.2226921904592,61c780749afda5c59c6c4b702902ef1c296d629ad6c475157e0e7e279380c1c5
1425,James Bowie,Mirkin & Shreeve,1061.9563622668918,131.88236725492155,12,1325.7210967767348,8d30ecb5397b98f75d023023932eed0a10973bad5cf538ab1712f5ec60c7381c
1426,Kent Denver,Dougherty & Gibson Ramirez,1061.5072360690383,154.4447261033238,6,1370.3966882756858,93d7672f4df5abeb25e9f12dac4a6f540d7c4812032dfcc9ba5986aa1ac72f73
1427,Trinity,Li & Yong,1061.431112943312,156.53077999900412,6,1374.4926729413203,fc6945898f214eb85a9ee246e5f6ea1349371d398e22bc75a01ae97cf0abe813
1428,Collegiate,Palmer & Xu,1061.2240738237374,123.30624550665472,12,1307.8365648370468,182196e0f585dfd37eb4cc209fa03f123a9571e9df1bbf4259b3f777f92a432a
1429,West Windsor Plainsboro South,Dharma & Sarda,1060.9263768970097,166.6098837243036,6,1394.146144345617,93e835820f4ca9cf2f50baba7f4bce8b3d52be73d35408274dc4aa40f4508007
1430,Taipei American,Isogai & Park,1060.6400333371057,127.56221456698684,12,1315.7644624710795,b516e4386e3450c88c9af9f8f35f7a9085b70f476b1b72f0ad8696951e550ef3
1431,Quarry Lane,Dambe & Gandi,1060.1778242544647,156.4378121096176,6,1373.0534484737,3ab6416a50b6f4ca1819ff19bfa6ab51b1f1e70f05ac620c31d757b1cb51fb09
1432,Maret,Armstrong & Don,1059.3577687714987,168.6126317638716,6,1396.583032299242,b9107304a5df27e3fd8b39fd4cb8b9b0249d4cb87b303ffc96dff68f8fed689e
1433,Edina,Meredith & Vega,1059.1007147286693,181.69389672947716,5,1422.4885081876237,3e3739e82efca5b2aef976085402f97b6c32feceeb81ca9ddbb0a5f9e2183969
1434,Colony,Peele & Tiwari,1059.0533101655242,163.8477933947674,6,1386.748896955059,f4df678131c64608f29bbce1836dfc1914bc7abd12d7d0b1b93eb976a31afec7
1435,Lincoln-Sudbury,Karmacharya & Patel,1058.9881845954794,160.65828296948177,6,1380.304750534443,57dfa14412eb244067269b9dddaa3e0a0a5183e4d96ff0e4ccb3f587b18b7ba7
1436,Lexington,Ma & Marri,1058.754151962822,155.8011867962382,6,1370.3565255552985,31b69bb88a53af13db74267175d574a8a375c88b71cef220d9fa4981bf1954d6
1437,OES,Kim & Kim,1058.7180494715085,120.90337169435196,12,1300.5247928602125,93b1fe36a918142d79e1d51fa45ad8ca722e700442e1c25795870f17e4fd7be6
1438,Lake Mary,Piacenti & Robbins,1058.584395169782,155.75622546084895,5,1370.09684609148,2b229f9723028378aa91349c9e2f28b36a72ab45e62803fb3e77205e77f8157c
1439,Eagan,Koudelka & Mungara,1057.6228244838926,173.20251985011575,6,1404.0278641841242,f53e8ba67a8b99ea2649b15e6ea8d5d6c2e95f382e9d4b84ef1f500ff12913ec
1440,Acton-Boxborough,Kim & Misro,1057.4385641012748,131.565903401456,11,1320.5703709041868,e33a5baa88012d47e125c64f93e9b24b8fc3a3502d9ad0081ba09bcb2dcaee7a
1441,American Heritage Palm Beach,Feldman & Shuter,1057.3372577583548,164.45463613569473,6,1386.2465300297442,67a0eb45aa7774f7dab461ad7dd358151456c0dc98c580890ab2f45edb351c95
1442,Saratoga,Pradhan & Sethuraman,1056.5954944938403,155.0410939285837,6,1366.6776823510077,09760b696f021827fc5c425d2c0298f7fdce268c7df544130cab039c5f2788f3
1443,Nueva,Arkin & Chen,1055.9112574933126,130.36889669614098,12,1316.6490508855945,3cfc2b382000301f173a1ac48976fd2c428d2c670484b6411fa0a5fcff7a1da3
1444,Aberdeen Central,Klatt & Madsen,1054.6708741655966,181.16366469419046,5,1416.9982035539776,5c1af979d33cc4fd7a21bd560358a89b5173ddfa790563f8957e913b984186b7
1445,Del Mar Torrey Independent,Hu & Xu,1054.6638621599918,162.96506773869658,6,1380.593997637385,057f2bf61129ae7face97f37b7b7a1c2aa96b714a9089d87abc490d30145b2d5
1446,Sequoyah,Daigle & Range,1054.4681892297415,155.50702505354744,6,1365.4822393368363,71622866742adfb8906466b0c4ebcd401f68867afcb252c187b343374a66b0ce
1447,Durham,Gao & Knowles,1054.3197601486436,121.794229294579,12,1297.9082187378017,0d8755dde9921adf77efa7cb796d1f1186a5b5df4af6739980de9d0764dd6ec1
1448,Milpitas,Thayil & Zheng,1054.2949392163455,92.56934986438529,30,1239.4336389451162,c1cd105e8c9529cf320e75dd4a60645e08ec72967003ccddea4f8463aba81d12
1449,Nueva,Chen & Hui,1054.1003809724214,179.0827800584508,5,1412.265941089323,c995b17b888c53c1698cc2713b1a784370bfd984abde6e0f50bd13091c7da241
1450,Godwin Independent,Khan & Khan,1053.9714375710569,171.23542245362444,5,1396.4422824783057,60ed74161248cf0a047412b4b999286e485527d1449399efd40265b9bfec4604
1451,Buchholz,Brandes & Nguyen,1053.2987838585832,158.72626670093504,6,1370.7513172604533,1c8942935c80d8ed39932c2a1ee4311f96f69d2cd1c1150e0dfa73746cc7d4b7
1452,Lincoln East,Peterson & Williams,1053.0959664237348,154.22732940600335,6,1361.5506252357416,b1bf551f312fa7fb4a9eacad316a7d503f840f7ae6b39ebec3f99fe51263bbc7
1453,Carrollton,Walker & Yancey,1052.7403597310204,118.80844920590307,12,1290.3572581428266,9840160f61fcbbbec1c62e45e1dd1ce8e18c2f90e4fc224dc9163f14dd950344
1454,Strake Jesuit College Prep,Brooks & Chaffin,1052.3823867445046,160.24695086340182,6,1372.8762884713083,d4d86b4e678a890712d52a9f4ea706b84b8b35cb0e6e29bf6a7924245090de97
1455,Strake Jesuit College Prep,Erickson & Vo,1052.1788622930458,167.7040213168969,6,1387.5869049268395,277ac7910e737f8f66a64a25c89251ef7c82c18f71153c0e1beccdc918ec3b84
1456,Solon,Dahiya & Shong,1051.815063931513,157.30150436170322,6,1366.4180726549193,efa43fb75256e8d435f2335bfd371fdfdfb47822fbce304286a0b3a0454f7018
1457,BASIS Peoria Independent,Cho & Korpe,1051.4737631568296,165.64197759692374,6,1382.7577183506771,648a63d8df22de2141f6d74de73b4bfeafe7b2777f197e9056e7fb4bf011bea0
1458,Hawken,Hamilton & Pishchik,1051.365893340341,165.84124038661113,6,1383.0483741135633,56e807dc31004ed1b29edb9f5f9a53b6b8d1ff9a02bcd452b89ad20c9926c65d
1459,Stoneman Douglas,Kalam & Ventura,1051.1184844331854,153.7494412336429,6,1358.617366900471,466b25c8971ef5577882077b7d8c9b7792427fafc82251b8e9db33e9cb320520
1460,Archbishop Mitty,Jena & Karuppusami,1050.8520606312693,174.54426634958602,6,1399.9405933304413,74e3e4fe628cdaf4dcb11ca8c82a05bc9b9686cbb074a6c6444c526afeb1f564
1461,Eagan,Brass & Koudelka,1050.451048943103,162.93312039356587,6,1376.3172897302347,d4b3fdbea64e5268e216379ff7419c483e6f99889167cdb695158bb91eb14d1d
1462,Cranbrook,Kapadia & Swami,1049.9057714838025,160.24730695837764,5,1370.4003854005578,894ad15650e8f68a6180371f1334d0c7ae51a01794af17f308922b7724f84943
1463,Edgewood,Cox & McVicker,1049.577720376829,178.44989673157733,6,1406.4775138399837,a4450b6d18092454517c4464605a56c0df43c49ffcc39fc631d01dae651d2d1b
1464,Columbus,Dara & Moshier,1049.2155413686446,168.17588519048826,6,1385.5673117496212,25f917b36464a63c0c8c5bfbc1e6741ecd3d680ed3b3b141c8fd47e74343cd57
1465,Rowland Hall,Lasater & Orgain,1048.7286757381196,162.93673802065857,6,1374.6021517794368,36ffddc4d11957aa44e25b87866fab69d6f64a9ca1667681034cec28dd58d8e8
1466,National Debate Club (NDC),Arun & Ranjit,1048.6352295958047,155.29078007123158,6,1359.2167897382678,40006c0bacb8780ed586dd0a0e63d3792012825298b50c873a394842741076c4
1467,Stockdale,Deleon & Woodman,1048.4575762887534,123.20486103544128,12,1294.867298359636,2d8ea7b56e65bddf703e9adaee65fb4eca7feee2f0822d6d5e38c6bbbbb48834
1468,Penn,Singleton & Wolter,1048.3017423645733,148.61382152889692,7,1345.529385422367,efcc87efba8c8a0d6de5b5d421dcd1f7313ac3bebadec5443025bc9817aa5318
1469,Christopher Columbus,Lawrence & Sacher,1048.1749709090177,127.59583363800326,11,1303.3666381850242,abbdfc830033dabcbb8eaa89893f5206efe7c6b6f79964c61450159ebb1ed80c
1470,Round Rock,Parekh & Yadav,1047.997063008896,175.15623093681285,6,1398.3095248825218,11d6e90d1fe53e77856b87444dbcdcbb2c87971ac4997627e07f94ee12578df1
1471,St Paul Academy and Summit,Chen & Gao,1046.0420612198077,124.94885878666409,12,1295.939778793136,dda5cd9a538c5a2a12c1ebcb441318cb2740afc7d0deb0b78a13069911467eac
1472,Blake,Du & Zhou,1045.8173931326655,176.05159016810717,5,1397.9205734688799,5829e307f41cf41b15d3476cf541158c69e1c96f344fa03c7056025cb39a68ab
1473,Loyola,Chan & Liu,1045.7305431186855,160.2572453020331,6,1366.2450337227517,f75a384b3c39eb07dbce1c057487e98ef222379f82313c301c618943cac38289
1474,Roslyn,Khanzadeh & Zarin,1045.190411431704,168.58391710499635,6,1382.3582456416966,9778711afb99f7d6ac86a900207c062d93989282230a627c193b8f7d2c1275a8
1475,Central,Chen & Ng,1045.0232541412436,183.99486870214957,5,1413.0129915455427,ac99fa1c8519ad0d029087eeea494d13358e5a2d1183e30906c95a894dac7587
1476,Brookings,Ellsworth & Hatton,1044.411777743927,179.35867266584563,5,1403.1291230756183,f142145bbb4b9aa7cf877b605828f84961d25c784194712cec89b8327f6d0f41
1477,William Fremd,Mallavajjala & Patel,1044.3401538014841,152.6379987592896,7,1349.6161513200632,fa81846f6fef818781683b4ba3811f9c5a8abc8e30b782c9b0109525de256a7b
1478,Lakeville North,Deepak & Lakkoju,1043.9202379495437,167.1815407958225,6,1378.2833195411886,9b10c0b0008d1fb95c3648300b265344b7297c49371126ca5a10efd333fbb888
1479,Sioux Falls Christian,Johnson & VanDenTop,1043.8031431262239,185.97531871120225,5,1415.7537805486284,ae280cb2e5f14b462e0203780ef448f3f755215e3393f863cf4af922d17decd2
1480,St Ignatius College Prep,Cadiz & Rodriguez,1043.3996428902635,155.2991280526968,6,1353.9978989956571,eeb43342668a228dd267e5e412c337796bd14a2ea589d8247370518caa44d63b
1481,New Horizons D.N,Lockward & Perdomo,1042.9044551038571,167.02499586753345,6,1376.954446838924,e363531402ff0d2d0a40a5673bbbc72fbfebc27c7818dbd15b998d6e5a55e740
1482,Wheatley,Cai & Wong,1042.5842036443664,124.77629076705976,12,1292.136785178486,3b0019ba7c09fe34b5802465f4eb8e9b89b682442b9df73bcc32937b43614b99
1483,Washington,Bartholomaus & Taye,1042.4671149567916,188.489460162483,5,1419.4460352817575,0aaab0eacaab79ac39a37a461f15855938bf4afb44ef9f2b68fe49c02bcc6918
1484,Nueva,Yang & Yi,1042.2903685223218,156.22207759316044,6,1354.7345237086427,5843979263e422cbbc7972f7fc72bc86a182b9daaa8bda50c713ba20013c5d4d
1485,American,Ding & Maram,1042.0610184713462,166.15840790618986,6,1374.3778342837259,fafcdade9cb6ce02f061a98344886f851c2b8cd3c47731d9013275733f510c23
1486,NAVI,Koo & Park,1041.9404627849299,189.44266273188964,4,1420.8257882487092,bc3a6c52ee788f428219b36fec80b651f9121e949d7ca159fc909f80dedca3d7
1487,Ardrey Kell,Bheemineni & Maddi,1041.9320534495096,107.13081784388895,18,1256.1936891372875,b61d7baba481488a50c5c765bbb4648b4bf21481c97637c61c47e42421414c35
1488,Brooks Debate Institute,Prasant & Thunuguntla,1041.880002810974,150.13731424709755,6,1342.154631305169,99c19dc7c65b53be722a7c31debea0c9cac8630e8625e7576ff54fb16e97215d
1489,Granite Bay,Sandhu & Singh,1041.773025067466,153.32436884380502,6,1348.421762755076,f3ce7415909122e2a0032ab562bb712a162605e9fd24df8b3e053c27b2ed77eb
1490,Northeast Atlantic Independent,Jeong & Mohan,1040.0286985727955,159.7180133415965,6,1359.4647252559885,5188c3e4f4c8b927770c1483fde21c70934c356b916d6310c1096f5c5db64568
1491,Ravenwood,Fedorov & Mehendale,1039.4596009319848,166.56604186348244,6,1372.5916846589498,fb5538cf1da6dac0633bb03a34b11ed8059aa7ef87cfadd19cc9ce4e0ce2c457
1492,Potomac,Ajai & Ram,1039.2845977046914,162.7556027483152,6,1364.7958032013219,374b81ec4e38f11f6d1d545ab246aa8f0ce849be050c958a9e9e36c135c2bcb6
1493,Vermillion,Bottolfson & Chasing Hawk,1038.999772107692,187.23703364476998,5,1413.473839397232,8f3a7ba547d872d219f68c300b43d98a3ad1acd89d14e0c4b8936bc51430dec4
1494,McLean,Sheng & Wibowo,1038.8456262857865,164.58693371781672,6,1368.0194937214198,966696bc3353f62fa078408c877fcac7e5b6e4049aa84d257bd34ed24f3c7b60
1495,Arlington,Burke & Richmond,1038.475790889169,170.1468314912819,6,1378.7694538717328,d1263f88cd11ef46fa77597a1453bea4e13b1a21c8cb56874df7deda37258912
1496,Fairmont Prep,Li & Sasspal,1038.0173468436071,126.25553160057086,12,1290.5284100447489,58169616a2b7697360f0acfe28d5db147d37c08d29871f569210db4a047f77e3
1497,Niskayuna,Bao & Sung,1037.8568516854843,129.40234137581953,12,1296.6615344371235,9d960a2c751fdc596e33856102d2ff106a3f3d870b826cc9c10b716cbf016f8c
1498,Episcopal HS - Houston Bellaire,Livermore & Ward,1036.3523210110893,158.22754142299542,6,1352.80740385708,e3479c685fdc1dabc6d21e094d4402b9d92d5a4923777239b5846f719431149b
1499,Elkins,Sharma & Tammana,1036.349834300905,172.2080907926432,5,1380.7660158861913,60ab5d5c984e1f100f1b0ba9e2d14d12ffdca6d2065a9eae51808afcb47ba7f9
1500,Flintridge Prep,Ochoa & Robinson,1035.6942291672235,109.68235853797272,18,1255.058946243169,e43e27f7e8c52105cedfdb97bfc15b53589996dc20923958faa885fc2d432e51
1501,Westlake,Dobhal & Thomas,1035.6735597136942,155.97418447025768,6,1347.6219286542096,5498117a5f1e4f011ec19d76fa740fc9820a66180f62710fb54564b4820870b9
1502,Palm Harbor,Sherrell & Taylor,1035.4470289229664,166.33468279680224,6,1368.1163945165708,bd1d49af33d1d5c42ef77e5f0281cc4dd435c542f3302fc7a1d571db852617cf
1503,Milpitas,Nguyen & Yadav,1034.808812953014,155.13611513965589,6,1345.0810432323258,cdeabe8a19b94fabd76e75d270df6f589a85616257c3f3e7a130b6f5f8bd1e71
1504,Bridgewater Raritan,Pranav & Ramakrishnan,1034.7946016850392,182.14210306132304,5,1399.0788078076853,d239cce928c036c237a8b4a4bb270ae73b70edabb8eb3228673527c9cdbe6d01
1505,NSU,Dell & Szapiro,1034.3616465177176,127.86917456809695,12,1290.0999956539115,204940ab25786b89c0b0d39bf2e863395e634ecbbfcf24b2a11811262396d490
1506,MSTW Independent,Gaur & Roy,1034.2363294661282,165.8348333124472,6,1365.9059960910224,7596305f7f1e8282668d0aeda782159762c4c10152658f4d09e88d4159a155a8
1507,Taipei American,King & Tsai,1033.6236080129484,153.71601310328157,6,1341.0556342195116,dca4930385dac39319386d5e58ceb3942ed37d7f53602d46ef29fedabb20c195
1508,SA Midtown West,Omer & Payan,1033.554073100773,155.80734565097728,6,1345.1687644027274,1e9665f455c73d61b4a7842e0ee712aee11f6121110057593414048112cfb171
1509,Titan Independent,She & Sun,1033.137490820408,161.4918983641223,6,1356.1212875486526,d7673f00ef23a2e317a96772f6459b18002e90289052f94729ec28b6e9dfb208
1510,Midtown,Lignugaris & Moye,1032.8250591018223,209.29451663053993,4,1451.4140923629022,324384167ff2d9cde4d534aabc6cfcf6da4dbd6cde3415135a9056e88b7001be
1511,Eagan,Iyer & Victor,1032.716780974971,159.5339380066371,6,1351.7846569882452,871b650f3c108ed1907ad948b9b5346cffc8ab512dad019c6c3835ce71c8b913
1512,JR Masterman,O'connell & Solomon,1032.493437304247,166.35436536597723,5,1365.2021680362013,bbf48e952ed4dcac2cbad466422dfae4dcf3214471fdab10cf0f26624853f01f
1513,Brookings,Butzin & Dwomoh,1031.869360174811,179.5753704057061,5,1391.020100986223,9de441d8481415a4eb9da4ac58c8454d96a26c511afee9c927ddba0ac59e09e6
1514,Walt Whitman,Katipalli & Kumbar,1031.4407651941797,153.724136751518,6,1338.8890386972157,7672ea857810a31176b2964c47a17877c829dcd76560810660c2a13db6a78abf
1515,NS Independent,Kapasi & Xiong,1031.1874313655378,158.14860663519505,6,1347.484644635928,2d8d3107dfd792c66dbd3c52d392afc596f8db2a8b6139d9cb95225671dd9910
1516,Midwood,Fitenko & Khidirova,1030.556434035802,156.37372031005796,6,1343.303874655918,20ef41fd56f22c5a8acd72d4f31933ae0880c237ae9847be20a90acd81ff7902
1517,Ivy,Xu & Xu,1030.3067117658404,159.44850025201893,6,1349.2037122698782,700e40b8052002239ad8dd1175ca2b06a00f1706a11b84b84a54f9cc2afafa7e
1518,Mira Mesa,Bishnu & Estipona,1030.2810046336313,163.01155695530363,6,1356.3041185442385,53a40c4ed15c1d02e4e134ce97ed8081b0ad2bc863daa3f13e542de7fb493053
1519,Bronx Science,Dhekne & Potti,1030.0616780770079,179.43967440081175,5,1388.9410268786314,fc04464c15bc84ce9412d6bd919b47919ed8c0ee9e4247d0c13992c08b599f1b
1520,Shrewsbury,Pappu & Satheesh Kumar,1029.6325962530188,177.68454127531504,6,1385.001678803649,96346f71ca124537c428400c5e48ae06ca1196df183dcd15eed1d23450d422c2
1521,Alta,Henderson & Welch,1029.4512947193402,171.46508300356308,5,1372.3814607264665,0988800fa183a3d4b8b3f096aa040d0611e451878a6c78d688679001a10fd93e
1522,Desert Vista,Hankins & Pack,1029.4235194219584,168.93665451837043,6,1367.2968284586993,f8e53faf4bab95edbf8c952fe3ece7006b2fd259fdbca5ae9965027347ff7e77
1523,Equality Independent,Kim & Wang,1029.0773238983256,164.93339702505526,6,1358.944117948436,6a4790be63cbc92ae3243c54bc5f13a5e3eed39d2704bcd2b6804a008ba36c3c
1524,NSU,Annese & Malka,1028.9283504362973,164.6929717032617,6,1358.3142938428207,08274d5b5f1dd95ac35617f5f9a9f6472cd817dae684d7ee7299ab6d57e2fe74
1525,Durham,Swaminathan & Åevik,1028.560978107467,117.5164993600594,12,1263.5939768275857,a656026607b12204e7e690e48e323905a1762d45143fc1fee6678461e4586440
1526,Palo Alto,Lee & Liao,1027.6821523407475,173.64956271393504,6,1374.9812777686177,efcfd12b8289f27bccdb785e4052dc00b45866fbf48e822cec96d6490b59da30
1527,L C Anderson,Noes & Padden,1026.6591210138909,150.06558040043168,6,1326.7902818147543,b634932b75b7916e64d0fc418a63a3e79ff75cdb282bf9b90a11e11615e89240
1528,McLean,Kang & Kim,1026.3381785367978,152.53393926379223,6,1331.4060570643824,d66d14ff4c39b4bd30b8205c5e621909d61f620ce2f95f5d487e263b4fc4619f
1529,BASIS Scottsdale,Chen & Das,1025.8795659762561,176.29675214949665,6,1378.4730702752495,b854c036e0322c1bb2c7d93a4da7be746cedfe71b861f81bf3cbc2902d189863
1530,Pine Richland Independent,Jhamb & Nagrath,1025.5870838339097,164.53915930190735,6,1354.6654024377244,8934ab8ba038af45a2d92fccadc5a89e9d9e5b959f5115ef2c7e33226a8b76bf
1531,American Heritage Palm Beach,Arpaia & Moore,1024.9221674615726,158.90915878840588,6,1342.7404850383843,3a5a5a9668be2c3e5dd972b4bdccc821a303845ed02b83d16e35663c6f0cc6a9
1532,Oakwood,Khosla & Robin,1023.730549509668,168.31130744750263,5,1360.3531644046732,f4943543dc089ed37906d02147a888d28ebbd4b85a08a6374e8ea514ea436d3d
1533,Mountain House,Sapkal & Saxena,1023.6149219162213,122.4039288697381,12,1268.4227796556975,684877dad6d3eca94a39dcf05440815472eff33e24ec656df1c8b38689ba3619
1534,CR North,Seto-Basse & Sitapara,1023.4569506640516,176.1121883922541,5,1375.6813274485598,3b4ad9f60079159c6c5710031ac84f150352d57482c40ad9c1ed8dd8547bc2ef
1535,Ravenwood,Mohamed & Narayanan & Nbsp;,1023.4306859471722,157.71487193395663,10,1338.8604298150854,eb162313ddb848bb228f59291b2c0de9c1da13e02ff1037f0273e56b13f1ff31
1536,Olathe North,Jin & Karou,1022.7699831913778,161.55782600779392,7,1345.8856352069656,6f1158328f2fb0482dccfa76b60bf6079f4b47655ffca5281ac35db41ef007bf
1537,Molloy,Contreras & Lukose,1022.5697839276158,125.9798240048717,12,1274.5294319373593,949ba59e42572cf06c4f208db23deddabe2753e6d95f55ce2dfde63ec90d2420
1538,Northeast Atlantic Independent,Oliveira & Shraytah,1021.9631185656295,163.87089695557808,6,1349.7049124767857,ba9978560793720c6d55aac0a019114509c61a0ffbf7443038b538d83ec6e7cc
1539,Molloy,Lombardo & Xiao,1021.9189602590013,164.31651060466115,5,1350.5519814683237,12039271e74d3ffbf54528cf9aaea01ac1df82bc412e6b16c255f2efc75649af
1540,Head-Royce,Lee & Liu,1021.8864828894918,149.00313472606422,7,1319.8927523416203,704331a834174060f1c791ea12c7f367d62b08f6463fc21f6ae841274dab68b6
1541,Mountain Brook,Doobrow & Noel,1021.8396025716313,155.83950455001948,6,1333.5186116716702,25b63c8340db6fa0147f85e198a856c210c8e07748fd8007c893dd265af0c7ad
1542,Park City,DuBois & Ziegler,1021.6701591230828,157.9671451002538,6,1337.6044493235904,1340ee3190f07d4775bfcd71a27b6903976ff7094427cd26b3007517f412c22e
1543,Taipei American,Hsieh & Shih,1021.6326294788221,123.09531752034471,12,1267.8232645195114,01672edc02f3f1e759578a416fe1ddd5e1c4a2708eda05dd651462a42ae94569
1544,Bronx Science,Einhorn & Farooqui,1021.5544548160407,173.6388099921988,5,1368.8320748004382,c34fb5e6ec33416b5edb7f8d0edd81f3588ea10db75259b251e284934d477f35
1545,Liangyi Youth Leadership,Gu & Ye,1021.448865610286,167.78749106911894,6,1357.0238477485238,98d26045f0d6dbd2dbdbf5866c63291e80e9fef9edf031015f163b90b73d0446
1546,NAVI,Hwang & Park,1020.2343150923152,157.46068582810014,6,1335.1556867485156,3eda8ff79426b3014934f55efe6d12ca0cf9958ad99ef99c801f5104ef2bd61b
1547,Harker,Ding & Wang,1019.8686175309374,163.91744312337894,6,1347.7035037776952,bf7f164eac2c33834e269954132bccb801c5795c261edf3b343fc303ead1d589
1548,Newton South,Almedhychy & Rafat,1019.3791928827031,157.4159250355177,6,1334.2110429537386,2e37d433e8a12d7628fe5ace2fb51ce6b4decbb1038e63afe4352187df3a5513
1549,Olympic Heights,Hodson & Knight,1019.1084952012651,161.90072031698486,6,1342.9099358352348,3b7162a417cc1c3ae6d89bbfcfc3e752eb332c6561ae280061bd6aa02e4122ca
1550,Sidwell,Jain & Schropfer,1018.7075790530221,158.96168624607654,6,1336.630951545175,33b1747d144916880a8b44466cbc3b2a197914776bf898ec2001a2e5304a4ff0
1551,Canyon Crest,Pham & Sethee,1018.3514059590946,119.7767014742602,12,1257.904808907615,f35ab1bbf2bef41544805614246be35f97c0514e31eda568aa185e2ea98827d9
1552,Scarsdale,Chen & Zhang,1018.2698145018564,163.23674699689795,6,1344.7433084956524,7c3434d0286bc2bb1f1980ab51b74eadb7ee7921907ff8dc05b65f5feeda18d8
1553,Adlai E. Stevenson,Bhat & Sharma,1018.1974072596778,165.63229691145665,6,1349.462001082591,a0418b84b2db945a3f76297ea3ed919f5a6b0c9859f4e5d7dfa177ccc2efcaf3
1554,St Augustine,Moultrie & Stanfill,1016.8896371716207,156.47836928863435,6,1329.8463757488894,fc0c6031ea636bdd21ab9687c2276f1b93227cbba2e81a522c558e8d0da714fd
1555,Ballantyne Ridge,Biswas & Srivastava,1016.1741433683574,160.81654017607661,6,1337.8072237205106,dc504908d5fdec12c002a3147ca085454bc70ae256990af582e0736090de197b
1556,Lexington,Kasi & Zhao,1016.0931696280243,157.03013945426747,6,1330.1534485365592,6ed1284a3eca673aa063b6b879032fe6cee6e246e04d501db4a323b52b54a349
1557,Brooklyn Technical,Budin & Dobran,1015.6453647820067,108.64062010858802,18,1232.9266049991827,6dde459c16fac77db5f46fd2a548a5d2c99344c8f95850ce03655c537c7f7ea1
1558,Winston Churchill,Galbraith & Tovar,1015.0462542638461,160.3679152413345,6,1335.782084746515,8bb7371a0ff14dabb1c716fe690fa0932ff9a65c32a6c6804d2584653a3b0080
1559,Acton-Boxborough,Leo & Rao,1014.0681190276262,110.50889883184422,18,1235.0859166913147,0f83d7dc1fa12a71e8ae4e0a823655f8f1a3170a09be856284fba6bc4962dc69
1560,Acclive,Lin & Zhang,1012.4916572299232,160.72052368527264,6,1333.9327046004685,6bb7345c623942ca866b2f6f7edd155b721d1f77780667f47134bc8b5b129ea1
1561,Phillips Exeter Independent,Deng & Fan,1012.321779718324,162.40611415308152,6,1337.134008024487,008e989c7263db561e77da086ca0816316e9e83a89fb531f6a4109870ff4f23d
1562,Harker,Yu & Zhang,1012.312933342084,97.3640129088496,23,1207.0409591597831,61627117e2b695aa319b39444587e643bcb89dffdb3fc99f8e95d043e0aae1a8
1563,Westborough,Hegde & Mondal,1012.1024957687226,157.7880636226236,6,1327.6786230139699,149fc100e784bd3365214628bb31715ee2d1b758c09fde128cb28bc6255ae5ab
1564,SA Midtown West,Rabinovich & Teller,1011.8933439367828,154.21213437731518,6,1320.3176126914132,55183bd7ad463fafe1e499a60a269765a2202af0da0db9990201d3a9b232c69d
1565,Gulliver Prep,Ahluwalia & Hug,1011.7178476779231,156.08542139592046,7,1323.888690469764,e9f3f6534d98770fee58fe34fae7f084584b504c0720561be3ac75f610ad15e6
1566,Windward,Fischler & Gray,1011.6727631787315,155.7048972498946,6,1323.0825576785207,42046470d596925bfe02d4ed0b22a40adb242e4235276ed259f4c331aa8adb2a
1567,Layton,Newman & Servoss,1011.1422007511887,160.96663321169873,6,1333.0754671745863,654b45ea8ae45aafeebf8794b6f2e49217d4592521fd38d7bf0d19b5232b643e
1568,Valor Christian,Conway & Kavo,1011.0664464300198,157.15228750229895,6,1325.3710214346177,43209ddb54b488bb40dd6b042391b977940d5f10657ce1cf040a515cc4c56f27
1569,Great Neck North,Chen & Cohen,1010.6715707678891,148.23592059065427,6,1307.1434119491976,701f020b97668db651c3a6c74fa9f3275c647db519e28c89770a2b3a63398bc5
1570,Vanguard Independent,Saxena & Senthilkumar,1010.379488377365,162.3705188573369,6,1335.1205260920387,34b16c4a20a69af074baea0eb462c23058c3465a4acc19f25e8a3e4ef6c21694
1571,Chapin,Panzures & Yi,1010.1003271430563,154.6412572879672,6,1319.3828417189907,649cc06bcac7386327f2ebba18c4e6c57f3862b75cd2eb57ce319a201a3f24c7
1572,Bridgewater Raritan,Budamakayala & Shah,1010.0985813675313,185.79660467632183,5,1381.691790720175,80318f9d0c1521ca4d1a18604ab0bea8e144c189ecdd41ccb79b307baa3fe445
1573,Hunter,Tsung & Wu,1009.6736991851851,161.70517354208326,6,1333.0840462693516,82e29e2c0c20445646154d3adfd2565a57a9512de165962f11dae980d1c5706d
1574,Horace Mann,Pande & Wang,1008.361386036883,157.5906824932964,6,1323.5427510234758,591ee1cee5914b737134410292ea9b64cb7b85198f80295e213cf5362b30b1ad
1575,Horizon,Louis & Patrick,1006.9917342735148,160.13087950904355,6,1327.253493291602,76aa44c5254fdd028404d65f6b547a652f93f9ae60d759e589b23deeb009b5f8
1576,Westview,Indlamuri & Liu,1006.8765718456152,168.96426313418328,6,1344.8050981139818,39c706b7ebed3857ce3ac0e082a60ee818ec818529e025ca410fcef3ebf09876
1577,Bergen,Joshi & Peacock,1006.6517831638596,119.54528910484495,12,1245.7423613735496,22cbc04d8b20051e51c4a932347c263403f9308c9d2544448ade274890482f18
1578,Loyola,Han & Kassabian,1006.6386279313435,157.1933213970086,6,1321.0252707253608,fbb6341d779cb27c2a99efb64459f923366de94592742166c926a36a1a3a57ec
1579,BASIS Peoria Independent,Cho & Naik,1006.59093106824,157.33031269210267,6,1321.2515564524454,f204da73a035af9b3335ed530bb591f3d6001ae26c4cc647fe1496c87c9355c5
1580,James Bowie,Manders & Verghese,1006.1007293238032,165.4154414910186,6,1336.9316123058404,b283955ea31ce152c6d04270b41ebd8b2fa6e5ba06a00cf7ef8ef57f11e10842
1581,Bellaire,Chen & Lavi,1006.0245291518218,172.0371561522237,5,1350.0988414562692,5de88f50776dcc997a26207d7b25e9648ea98ee1268867d7e2a79c0235b1778a
1582,Winchester,Berstein & Yang,1005.9014818505657,167.2739745533673,6,1340.4494309573004,a854ea09adc4f22d7e7cd25003eda464e6bfe409f85d7be942ed62f3050707f8
1583,Bellaire,Khadse & Zhao,1005.729980757267,130.6042475780131,12,1266.9384759132931,d6a2849825bdbfcacb5507b80488a456281d056cc2c7228cf260cb33d519fd0b
1584,Delbarton,Dufner & Qiao,1005.0620216057928,174.8812018366069,5,1354.8244252790066,ce886b3da2dcc6b10be8279f20ec825fa7955905f2a3923fc7a50e88272a84ba
1585,Arlington,Ryu & Zhou,1004.3145212216455,121.43929393682913,11,1247.1931090953037,8b179c6b5baaef8f3ba78d329911a30cda7f2cf91d645553da8e243de032d865
1586,Nova 42,Fern & Yaokasin,1003.7097712199375,161.2189004716232,6,1326.147572163184,0d4cffc2d32c68156df1f95e4ceba6f0ea811be21964ac69bb337fff7c49db91
1587,West Broward,Hernandez & Ortega,1003.1105931676298,160.01018843283305,6,1323.1309700332959,17afc44b6ce5279d04e887751aebd74a24ca23c9de8e50f78f271961c9a3d186
1588,Portsmouth,Blakey & Mehra,1002.1783484591945,189.69816544884554,4,1381.5746793568856,1914db40dffc5c5d17745e3a3ef9967d5aa96fd94eeabca191abf205812646b0
1589,Columbia Secondary COMPASS,Kairolda & Malia,1001.7455690788022,159.19048851743176,6,1320.1265461136657,217422b81bd684e0d99473b83e63f7fb91055eef6865972c294bc36bc2eb3a68
1590,Emerald,Parepalli & Vashist,1001.7396518401515,113.27388693026748,17,1228.2874257006865,ae57c0434310fccee3950ec3ef12fb944e653cdcaedbd7dd7628c7f2a4344912
1591,Germantown Friends,Alisa Ding,1001.3294014069454,159.7517708805362,6,1320.832943168018,dde7125124d3aef8f63ecfe8017fb8a264bc2258ae431222fe787a1fff0fbe36
1592,North Allegheny,Birnbaum & Liu,1001.2411281881698,161.25061807215354,6,1323.7423643324769,b0d4dcf49b3417cb906cd54f94481ac66ac5dfa222c65982ae9036de95fd0204
1593,West Windsor Plainsboro South,Nerkar & Rangaraju,1000.7232022622607,170.89177386521305,6,1342.5067499926868,3d40922060b2aae076e9aaed440a032de7f892adbe6cfb85e6cf42d71c60033e
1594,Edina,Ma & Meredith,1000.6534889280515,167.21026558959431,5,1335.0740201072401,ee15c9449d23dd3e0ca156aec7bbb15ec4ef5a81adaf1ea994f7c1880350b9ba
1595,Northeast Atlantic Independent,Kapoor & Thomas,1000.6493281771067,179.46893900218828,5,1359.5872061814832,ba5a3a0f6daf97c330a0dbe6e8826423313259ccd04449e1b9b20a5104b6f7ad
1596,Jackson-Reed,Clark & Reed,1000.4776232679507,172.98774490415082,5,1346.4531130762523,349922895a97ac5d0d544c8ddf6040175b0a390b0beeb9b19b18fa1914fb6757
1597,Iowa City West,Downey & Ross,1000.12194325532,190.92188779400328,5,1381.9657188433266,69aaecda2f8291ea97dbc535fc8ee5e3452c46af8e82e74c547eac61a4c2ee1f
1598,Pingry,Chadha & Hao,1000.0492052595037,168.5138928351914,6,1337.0769909298865,8635c3647b7885a107a5019f1740ef2ce0646f572f554822a93d4ef7f44fd343
1599,Vanguard Independent,Nukala & Pullela,999.613212465253,122.78257730049252,12,1245.178367066238,4e18281b739d544f15d82f609112121f3e8d364bceee36c2744bb9af8ab7d27d
1600,Dougherty Valley,Baldawa & Syed,999.5958903667324,169.1103855043183,6,1337.816661375369,71f08764fe354d46ef4b369f38b41719b365e363db024fb8f8c586ddfc24e7e2
1601,Mission San Jose,Gupta & Ramakrishnan,999.4729748858766,122.17379295574466,12,1243.820560797366,7803b927f61a9172d15f9eb628250a54f76d38e7cdcf56537065f678a2498a9d
1602,Dakota Valley,Monk & Murray,999.4197997100748,181.48963375312613,5,1362.399067216327,de0aeb5844542e6a7a7dce7cd33747e1a9a4d9fa5b779385304236ac43cc7c10
1603,American,Pathuri & Raman,998.9886965098729,159.3781821466135,6,1317.7450608031,1c9033a3d993f1818b239d042e9b875382948c257fa108d5500979865ca1f429
1604,Cherokee Trail,Tjie & Wyszinski,998.3556686580845,154.63038772663373,6,1307.616444111352,bef9c11cfcd95217d4c45589a3a5a293c3b3995be5406979252a15cf02fc398f
1605,Miramonte,Lee & Peng,997.7309521592863,161.27695532243624,6,1320.2848628041588,e20871f13bd262af9d20b47b5555989937a916ebf2ea598467c43770ca31336b
1606,Edina,Hoye & Menning,997.69024676966,166.08008438471805,6,1329.850415539096,0e321c9495e20a46d6fb2773f835356c59d2c63ab9e5f5bc9a4b80cc3a1ce4fc
1607,West Windsor Plainsboro South,Kandukuri & Rai,997.1651194258602,163.56232334297133,6,1324.289766111803,5c064a72d6c96f21e3061c35ba1cc056d731c87c5079a6822ac5cc9bc6491109
1608,American Heritage Broward,Allain & Allain-Tereshchenko,996.8410097810904,128.9038818818218,12,1254.648773544734,3666c1368dae9a2b45f07802d5326fdea5583da51aa873bfd13d6321a7524475
1609,Bergen,Jetty & Ramkumar,996.4436358035356,162.45725022548362,6,1321.3581362545028,bf7db7eff3282188ecd07b9b83376d1863e31d10be1f65cf267680b3c2554a9f
1610,Thomas Wootton Independent,Gao & Garg,995.5960225159938,166.02768410803506,6,1327.6513907320639,5bb6323e7bf2bbddc24bc66b16be8bdbbe4f41b2fcd847e9f8485f4211380cb0
1611,Winston Churchill,Canter & Llanas,995.5842597811538,159.52989897891936,6,1314.6440577389926,ee506e3fc4436abb2f38e80381e6370165a672e68b70d65cf4136777e2b66c85
1612,Grinnell,Boyd & Stensrud,995.0012176313917,185.35988179775313,5,1365.720981226898,0fec4c41914b86563b8cb71eac7375d1c9178026a94f7361f1df527d42f4c05c
1613,Trinity,Chen & Li,994.9625788569958,156.94070376842998,6,1308.8439863938559,546c5a6c4f9f74f00bf188eb8bdc9d9ab1b05056f3a76546aa870b84a26bf459
1614,Independent Hamilton,Midhe & Zhao,994.5521896727698,163.57596174671525,6,1321.7041131662004,f4da28ee87c35fb13db23533a4339f3437eedfe6fb4bd0d63fa9d254d1d20774
1615,Bergen,Conrad & Peacock,994.4631139401073,160.94972859435,6,1316.3625711288073,74ba133963ac5ad6cdde0db5012581118d86f80a94c7528dcddc8e5b1faa168e
1616,Nexus Independent,Ben-Levi & Da,993.8812929273595,160.96245441913325,6,1315.806201765626,39c194c2ac2332b11fab14ed02db2657169f7354aa23ca052f62129bc37236dc
1617,James Logan,Lukose & Mutti,993.5478220361364,161.39318465071023,6,1316.3341913375568,08fbe1726f748aa56e617b87aaacc556a9a49284184d4047022f482d7d0cb5ac
1618,Friends School of Baltimore,Kirk & Shields,993.4290295087224,159.60317619948708,6,1312.6353819076965,8563633a29f5e9f7e949ea2b58cdada26ed14640c1430326254850f9ecc0b92d
1619,Mt.Carmel,Ganguly & Maretto,993.1123817062977,165.29339308961272,6,1323.6991678855231,9e7998fe2ab7de72053742d5f2842b989740d21e00b4f46f02cb31b4e69f0b00
1620,San Marino,Jen & Malmstadt,991.3535583986081,161.936650744771,6,1315.22685988815,17ce77ebc92b66be8ba90df702a8a270d2fc2d2d30beb06e2546633c47660f07
1621,San Marino,Chow & Chwang,991.2140141540331,129.9224801822179,12,1251.0589745184689,d3b08b6c5becb3f72fc37b8ea8d18f655e99793603988be900a34dce5c06648b
1622,West Windsor Plainsboro South,Rai & Rangaraju,990.7918897578004,167.1581368139224,6,1325.1081633856452,3fba5704695c9da3bc9c072e84be547eb5973e3c967cbccfda4355114fe8c75c
1623,Long Branch,Hills & Santos,990.5259227365925,186.14172241506677,6,1362.809367566726,b281d65631b307464082ca3e031acae7e4940be14fa493251aa49ba5617c4aca
1624,Montgomery,Daryanani & Doan,989.772868027356,127.13631057778773,12,1244.0454891829315,3f9da3d40e34ab4b460dde0f7d0543aba84af4fef209ca9301c1bccd60de4847
1625,La Salle College Prep,Jackson & Ma,989.0558514141189,155.9514444236213,6,1300.9587402613615,38dd2d7999a803e63e6d145de14b93cf614efecd6c18f3b085e3a8fce6e4f4ba
1626,Oakwood,Fox-Clifford & Lee,989.0210239435721,124.40057548506879,11,1237.8221749137097,6872dcaa88c310a41786eaa31724a97636ee43fc7075978b3f4949700696df8b
1627,Cypress Ranch,Verma & Vutukuru,988.8153692803213,125.93166429472781,12,1240.678697869777,1bb4afdfb9fa7696b1de62bb6f73257ccc3450a273096be103b85e1ea1a48c05
1628,Edgewood,Bruce & Bruce,988.5074729685396,170.2390588427645,6,1328.9855906540686,724dc149f554a0735aad9901ec9bd1a3184cde4c23b732850e628329bff7f662
1629,Cranbrook,Awad & Gan,988.2622302157238,155.45917856955336,6,1299.1805873548305,6338f1e3e30928a500c8e7538bb331cda9884f3004071feae5d6954af1c5d22c
1630,Ivy Bridge,Choi & Park,987.9689510401507,166.47770754242566,6,1320.924366125002,5b47ca7cd92ba715e03325ff24fd48ec264a714a45aa9b8d1dfc46b537d1c9b3
1631,Chagrin Falls,Lyndall & Shein,987.9194443267269,167.22194866961496,6,1322.3633416659568,541a35e33cb019d190b23b18e19c0a64cbd3c32aca199115f2f7e8ed140e492a
1632,Bridgewater Raritan,Bande & Sukhtankar,987.3990613245651,149.15887224852955,6,1285.7168058216241,f1ada6014e789d6051132a268fe1ca53e79d1cbe8cdf7e9327b0ccc877947939
1633,Canyon Crest,Hu & Najafian,986.9799929064322,124.43736221155575,13,1235.8547173295437,7f074de7993c824d787424da868c2c20d9d163edf9cec2b5ad16cc1d877afc67
1634,Palo Alto,Chun & Yang,986.9797162367856,173.71306825844405,5,1334.4058527536738,b0b42253691de7f9b247b1d1f9c00f700b44bf4b194655b215863780369878c8
1635,Taipei American,Chang & Huang,986.3667570783879,106.84074191423402,18,1200.0482409068559,3a74d226cf6b176bda9a35eb4113bfc4d34c3cba1e1a263e252793a02b5dec50
1636,Cambridge Rindge and Latin,MacDougall & Ristivojevic,985.9285983147679,154.2073433273307,6,1294.3432849694293,1a6a6a616f670dd78ce35ac9eefb7a2248aad77136894f3821b20e56cf9ffc9f
1637,Fort Atkinson,Guerra & Szabo,985.3431858566416,170.39225943510667,6,1326.127704726855,8a21089ad8ddfafbfdf6c9d811912a9e8798c54a2bf91eade1c9e46989043893
1638,Lynbrook,Tat & Xu,984.9273335894379,178.64934521568182,6,1342.2260240208016,e3e89e42478dc572530aa4e970c04ab4293023b57fea4d60ef31e70f9c53fb3d
1639,Loyola,Hannon & Sloan-Farook,984.7431133276511,129.86434053331473,11,1244.4717943942806,b8ff03ca0ba3806f5d96a60e32c2421011fda2fb8a090f3681863c68d31a61ce
1640,American Heritage Broward,Jos & Shin,984.6005206574423,127.36023039696195,12,1239.3209814513662,6c8f9d34f2a1d0d8f04afb51e701c806b79cd07591a08bbfd67264783fd74d9f
1641,Northwood,Kher & Soni,984.3364360156825,161.68268194767737,6,1307.7017999110371,3f0b4937b97134a113b6420eb1022e0ce154b2ef7dd26a0a54d74f14c91627d2
1642,McLean,Conrad & Wang,984.3110592653375,154.03245475127707,6,1292.3759687678917,76aca0d66f970fa6d0a7632d3ace148fb986ce34676e496e0e94e29d49eaac71
1643,Eden Prairie,Narayanan & Pancholi,983.5121588311829,170.50445181561747,6,1324.5210624624178,5a16d5b4ffda791fdbd55e877431c669de4c87814508f1be78c2e36b8705535b
1644,Lawrenceville,Agarwal & Lee,983.2116844046686,159.96332212992448,6,1303.1383286645175,127979596f1c324c2aea6942e6f8c8048db9bd890cd18de584e9f18f51f5f12a
1645,Episcopal HS - Houston Bellaire,Pavlik & Yared,982.4154565315235,164.10582883295132,6,1310.6271141974262,ab403459d865f0f5a610b998d4a3671d013d9328df806c637ad3eb62edd2d3d8
1646,Saratoga,Shen & Wang,981.9121563362122,159.58435375891196,6,1301.0808638540361,0dd398b31f8fca8b8071eb64d1d3bc77907266383797b370f64b687c795e50eb
1647,McLean,Sandhu & Zhao,981.4825971910356,166.76961162802223,6,1315.02182044708,8551a4971b5f5c50624994a507215f14d6f0739d34c96b846206ec7a1dfbeccd
1648,Mont. Acad,Daryanani & Doan,981.049592848474,164.647386736165,6,1310.344366320804,4a46c470208de71c1cda2fc59b85e5ac0a597449cbc22069c8d3376fb0d8c3b1
1649,Stockdale,Moe & Trang,980.9345504653809,160.32777780849526,6,1301.5901060823714,dfa80ed38de095fd49a9d111e707db20ce8d0cedf57b76c7b1480b4d072fcd3f
1650,Los Altos,Chan & Ing,980.3553627271136,121.85099238314062,13,1224.057347493395,04e706c84ae80ce89dea6e9c6f36aed7c47d91a4adad39c3a5ddc67f400b51ea
1651,Milton,Dsilva & Jain,980.309749232976,167.24223397354976,6,1314.7942171800755,aacbdb222aa0a8dbb8fd9638002aabe47b05ae4723e86168f3b60a1239353941
1652,Westmoore,Jones & Thompson,980.2275511759749,155.79651807370405,6,1291.820587323383,46896f0b6024c2bb62abf6d8984decfe7db05b5b2e3b567c1e46b135878861fa
1653,Schreiber,Drozdowicz & Lefkowitz,979.9543064860184,165.35568179148686,6,1310.665670068992,e3e7afebf00f38907a2f4c9e6634826aa60c3304a51ed3c0ffce63a975f7102b
1654,North Atlanta,Conley & Woods,979.7767992877655,186.1464742145847,5,1352.069747716935,ff0d9712c5dc6d7f09d8cacf11fc2b381dc4e337833ed0f20c710524ac6b38c1
1655,East Ridge,Mahajan & Namgung,979.1098354692814,155.6536083836956,7,1290.4170522366726,866e86d36d6cac61515e683e178b7be767791510a9583d97703d20c3e6040819
1656,Fordham Prep,Giuseppi & Jasik,979.0867211518425,164.98795352979337,6,1309.0626282114292,685240d895f89f95487882dbe96aab4c02cb1597795741d5eb09b51771eb1073
1657,Moorhead,Kellen & Stuber,978.8670190634773,169.02179777051037,6,1316.910614604498,1f123e8c6f13d322e3186290207a38132f7f6acc4388103c9cc763b1894f791b
1658,Delbarton,Amin & Hosler,978.6601603223969,163.8232601746968,6,1306.3066806717904,96a637e5c3204a45c83c30fab5ae4db4284fef2bef4e09c4456f21027e44bbd8
1659,Lexington,Biswas & Do,978.3737285191842,161.60629070611324,6,1301.5863099314106,721028696090a854c4309d0f68e3d22fca38b431a84c2c9abe84ebe07c5aa691
1660,Vanguard Independent,Sapkal & Saxena,978.0030248175212,167.80897987026222,5,1313.6209845580456,468340333ee808c99b402f38348d51dbd44ce3dac9b957e48f04a476d3b7ffdb
1661,Harker,Li & Wu,977.9144738233078,166.73525324100657,6,1311.384980305321,fc6693374f296ff0225af7b2541a986b1d7028af0e127db156cea07db9080a95
1662,Lake Mary,Ahmar & Kuruvilla,977.7590230905528,165.19332268587857,6,1308.14566846231,ec47b2b858687c3e2dfc1cd282a3ad8944a88be67c551d5173c87bcfb9932a1c
1663,Montgomery,Baker & Britt,977.3463718049711,159.09280993504674,6,1295.5319916750645,74e12f4d330c344e8ce5a71b25132ef5d54c797275ac7875320b029656b5b49a
1664,North Allegheny,Durisheti & Liu,976.277119747517,101.76881816516642,23,1179.8147560778498,0de147c7264f9222b2766abfc8f0ecd7d7f545f3cd4b81fc0ee31aa7dd8653fb
1665,West Windsor Plainsboro South,Gupta & Srinivasan,975.9744339651083,159.205180170896,6,1294.3847943069004,0ff55a6c03bf5cf8df0c4a9a1c9f1d1941a2a6db259faf9428a6cf504039a297
1666,Potomac,Kohli & Yoon,975.4491415649486,152.4482575057957,6,1280.34565657654,0ec6b959d9499e4f8f6e3a89b1995a56e809837eb195e72e75ffb993fff405d3
1667,Loyola,Besada & Turse,974.9920673851518,110.95232807225013,16,1196.896723529652,030358d915bb4e2c6e944723fbe19eebe7938a71f05183460198d17b6d178a75
1668,Loyola,Hone & Pruitt,974.3408759020994,170.2503508667549,5,1314.8415776356092,8a934e695590d6267e89d35dffebd25dc8af039dea5e5306ee4b73e60303da5b
1669,Aberdeen Central,Ferguson & Torigian,973.9468395895597,181.31680080369756,5,1336.5804411969548,65587e1dcfd1ff841ed91fbd560150966a7c4cb0c7a4f524e900399cd34dcc4c
1670,Paradise Valley,Ganapathy & Karanam,973.5750574720264,160.98266847142722,6,1295.540394414881,7319a9de16c17a4f434c3bb49f2ef36e30a025acda2caa02a941b9ae0a6fd80a
1671,Newton South,Ciric & Kaur,973.4172726768659,162.8268451841542,6,1299.0709630451743,8357473b9cbe3543e4be622950ca5ce56362dd5504f748c0977ebf7d08e4fe71
1672,Dalton,Hale & Salazar,972.9751157672815,157.04691167642144,6,1287.0689391201245,c88830c86b9e0607763e6aaab5fe8f96a3075867067080a5da5bc8da073a72bd
1673,Canyon Crest,Ding & Kong,972.5253667519441,162.14471048595408,6,1296.8147877238523,22579a5745d7832f296496d430bd46d6b04c83c99133738e11798cc9704a0f9d
1674,Townsend Harris,Medage & Sharma,971.9298786034768,107.78362860929478,17,1187.4971358220664,0e4295995a6c9c5d5099bc38c666aaf799f76293b4aaaefe019b69e072cc97a1
1675,Isidore Newman,Breaux & Drew,971.8850337559948,154.32428442128673,6,1280.5336025985682,bd30b732b9aa37334c25de00fad84f62669cda2d98742491f47aa6a1568cb55a
1676,Cambridge,Lewis & Marsh,971.7830479659668,126.13289327533191,12,1224.0488345166307,4d4e7d720445153fca89e3320c4ec9d27e33f8113a08cf4f4d54a7cb9ae53431
1677,Eden Prairie,Kurudumale & Zhou,971.6876829447568,165.15162844276875,6,1301.9909398302943,9ba87e17092720e4289b496cb344af3ce7532197b9084d5b89a537ae32ffa13a
1678,Adlai E. Stevenson,Rajpal & Sriram,971.3656435008645,119.17241240007787,12,1209.7104683010202,0b8a46d35305b6790686ea5390544394ef9f731c190a1bbea9728254e7d0b690
1679,Collegiate,Kulman & Warner,970.675007968103,182.681253781562,4,1336.037515531227,ac0fb6e648eb5863c782458c61b0a7838f186c04cc107eb0a8a881244873f336
1680,Rowland Hall,Asad & Zhang,970.5428054009628,173.9913159777939,6,1318.5254373565506,1841dc2d22996dcf9cda481d7cc8986ccf84d757bf78b8b26693db602ae29d31
1681,Horace Greeley,O'Hara & Shah,970.1147992364741,125.7798968818867,12,1221.6745930002476,486acf0d7552d747d7afe9c6abedba853966d5939b21ee8fa208e9c1bd90a538
1682,Niskayuna,Gridley & Sung,969.7037124211697,168.84710693415192,6,1307.3979262894736,4b3c000202475c94b3c2c613352d232e18339b8192925fa336666e3641bf45cc
1683,National Debate Club (NDC),Indlamuri & Sharma,969.5852059944266,141.35884385968367,6,1252.302893713794,ddef766c648a7c3db5910f467762fe21ac322d30d7039ff4b705676e02c81e4e
1684,Denver East,Newman & Williams,969.3297671914149,159.0623738023767,6,1287.4545147961683,2731c00e25050ef9a72352fd8920a90d454a2137952d114c6dd6630fd62b18c2
1685,Brookfield East,Girish & Manne,968.8634233777999,176.94950042795625,5,1322.7624242337124,57fac4e2d1122cf5720934fe401eaf75c37be48aa62bf01f3d38a5e54018cc00
1686,University,Nadiger & Paramanova,968.562345593379,176.01619757889287,4,1320.5947407511646,400ff7988788bf26952eed93919c445c062444c7c5705f8d8cad9a2095c30dbe
1687,Lambert,Agarwal & Chatterjee,968.4774107988701,156.80480403703595,6,1282.087018872942,f3481d028fde5936b5e08c59c52c65156bbe7f5031206e72ea889c78a6bf8c48
1688,Dougherty Valley,Chatterjee & Ramanna,968.1350735787511,167.13986867548493,6,1302.414810929721,be2c9bc123a5b8872b0c1ecc400d68aa6c0af311984b851f0fcbfb6f57a0d360
1689,Acclive,Xu & Yu,967.9411359428907,170.32373370881044,6,1308.5886033605116,b393828bdd606dbaed49734c04d0ae6ec33fcef7b4d99b910dc1fa31b7b9c64b
1690,Glen Rock,Ceres & Feng,967.2755790257979,148.1283510654351,6,1263.5322811566682,091812d1f73debcc75442f8c2dae4f0eed5c721b568936680935a063442b0a8f
1691,Cardinal Spellman,Davis & DeJesus,967.1841284482746,171.1046133697379,5,1309.3933551877503,0faa0cc37dd90d1fd8b702e4708ceab28e66220dee241dcbecfd94930e0ef051
1692,CR North,DiCicco & Patel,966.8259049166148,168.4196231649102,5,1303.6651512464352,63210e40f66bd399ca696f02974beabada5a4a82414af8d50101184e82a855dd
1693,Lexington,Bende & Botla,966.5391266701702,134.3979796945612,11,1235.3350860592925,fa9c7dd20acd9ce90080956d429a5803b153451d4eb39ee96f9eb3fd91694628
1694,Quarry Lane,Li & Sharma,966.2101938002522,116.71363864394473,12,1199.6374710881416,af82b961deab0c37cdfdde5a9cfaa95d3b3ac0a573ae961c9b104443c737b3e3
1695,Quarry Lane,Mathur & Visal,966.1991304245478,162.3728776354468,6,1290.9448856954414,d58f0962b0d4e707fea82a51d0882ad68869a528d829f8dbe83dc2fc8587040f
1696,Duchesne Academy of the Sacred Heart,Bulk & Cantu,965.9259090889813,157.18975061119949,6,1280.3054103113802,89c39f645b9fff26867f0a946c01f63a41b9b1054c2fffbd9a5d5e3bb82afa46
1697,Olympic Heights,Hodson & Levy,965.3660222597559,162.86745703369937,6,1291.1009363271546,d78ecce9da4938c7b605c0fd5c6ae94154a154c86729e30ca4d927efb3ae272b
1698,Cambridge,Lewis & Zhou,964.6182753126126,156.09976193462222,6,1276.817799181857,9cf8803c7567e9cf01fd68d964fdc43513fd8a5356ffa48c804280c7c0b10ab4
1699,Germantown Friends,Chau & Noel,964.5503275501375,172.97373602853594,5,1310.4977996072093,c2a7e24591ae5074354cf4abacba1fd50f2af7c576908897a5b6d1394cceaef6
1700,McLean,Liu & Sandhu,964.5343644714267,163.54137023738693,6,1291.6171049462005,c7d288d39e479705a0046f36264abfc5a6a9842910def183b085ff28b69fffe8
1701,Regis,Kingston & Levens,964.530974755739,163.86129057869132,6,1292.2535559131215,86d5f42aea4d05a8ac157d103f23fcc1bc14563e6eff5d83cdfc6bb5a7860205
1702,Holton Arms,Kurbanova & Zhu,964.2169396195188,168.27091750917702,6,1300.7587746378729,69a7eb98869c2d9858e9b7be17ae484c890f0b89f46fab192bf610a9a2b26a7b
1703,McLean,Sandhu & Thomas,964.120984189584,166.0378690078307,6,1296.1967222052454,bcb99aba0d63a26c9bd9b6e84eb0a14537f99e93bbb726f64829f414f5a31615
1704,Nueva,Shah & Zhang,964.1195407905943,176.63013453611026,6,1317.379809862815,493b67dd610c7f4d4bc98b00f55ce5483e0a4783a949dccd3ee3228e2b5de483
1705,Maret,Flaherty & Hardy,963.7312888631993,178.3023435414833,5,1320.335975946166,3ad7de10abdccfecf67c14a645d85a78d6a8d4f85f778f736fd8cb1f21b76db7
1706,Georgetown Prep,Pierson & Villegas Vega,963.2756085730485,168.25381123988615,6,1299.7832310528208,29d3ca9d4d91333e717e17fc45f43c5180942d05178055bbe1390800e669c2aa
1707,Northwood,Girish & Reddy,963.1570743649736,166.31410307723363,6,1295.785280519441,b5e0e8f347ea9940569f1e234cee82d6b61c883fd597c140beba7d34fb0b4672
1708,Quarry Lane,Karthi & Mathur,962.8989040498341,178.08675887836168,6,1319.0724218065575,7788952e131301b59a6293183b9a29d3bdfdc364573382dccc1e1e3c0ac0772d
1709,ModernBrain,Talos & Wu,962.7638110868213,163.0790272512196,6,1288.9218655892605,24a93c48cec1ebc431020c9a7b5871d1fb08ee464c34aa01539db53641ad6dd9
1710,Cranbrook,Lee & Zhang,962.4954153582842,149.74710730109408,10,1261.9896299604723,112401c75dc1f9723646afc12158268acb54e3228755feddd2d7b69eacaa1df9
1711,College Prep,Boykin & Pak,962.4210027210304,163.41999204312836,6,1289.260986807287,0eac796def9e5435c4b890fca3ef87910dc0e3b2febd858f9ab16e873480bdaf
1712,Taft,Koneri & Wu,962.2645453641487,168.9161596151848,6,1300.0968645945184,e1f03824075eb44abca3e2cc956e98a0083845311f9ae504d1ae027ccffa02ce
1713,Marvin Ridge,Belur & Iyer,962.0113414967728,161.9396403660275,6,1285.8906222288279,5257e6f6b4ef7071c464cd4f93d94d9c7fe8757587d0a38b7fba155fbedad5e4
1714,Nova,Asif & Lewis,961.693984066397,169.85170848327937,6,1301.3974010329557,fdae8a2dfca691838650b4c05156e11864b715fa5a51abf31921f2d0fedd7b8e
1715,Skyline,Wu & Ying,961.445369289555,151.91505709350892,6,1265.2754834765728,2c548bfc2b71be7e49aa94665c74a61f67c895bc6b4155e4819f16232db5a9aa
1716,Cranbrook,Dong & Johnson,961.2035871574002,158.58396256600923,6,1278.3715122894187,4013e4e9392437d0d0c7670b85164792260e7a38ed73cca6ee902a05a29b4160
1717,Dougherty Valley,Nunes & Zhang,961.1965034005007,157.47315616486205,6,1276.1428157302248,d9de8970ab004d7ef599846ef7aed6d8a5e3355808334fdbc6e4131d820cf57e
1718,American Heritage Broward,Alvarez & Kellogg,961.0749891866632,159.6818517266624,6,1280.438692639988,3887beab496d94267feb274ae085d0ca80fbfc0204178ddeaefc1bbbc17bc395
1719,Marvin Ridge,Dadhania & Kale,960.398116413404,161.15970319407455,6,1282.717522801553,db02dc7f17700cabb645e68c620114b13c4292247fc49a3be89983f13aaa76fe
1720,Mission San Jose,Parikh & Sharma,960.3857232745474,170.32550509065084,5,1301.0367334558491,0ea24588f298d839acd73f6dba1224dd29d04b7dd359c6f4c077a11a92b8fc79
1721,DuPont Manual HS    Youth Performing Arts,Agrawal & Chaudhary,958.7179936952839,162.3891959776479,6,1283.4963856505797,90b9cf86061a6695a626146428186e16ce3a4b95dc652454be1f4bf0866e35c6
1722,Scarsdale,Dragovic & Papazoglu,958.6806622525476,169.84807280790105,6,1298.3768078683497,9019b94fbd3461a1291f65f11668054e3ee037543a3a4ae3be41c4f250a059bc
1723,New Horizons D.N,Capellan & Lugo,957.9029737608896,166.54654086000787,6,1290.9960554809054,7e9619db846e17b707ec01daf2e37802793bfc7ae3880943c0bd905f29eeca69
1724,Palo Alto,Aksoy & Wu,957.3398116070887,171.2816899385147,6,1299.903191484118,ff5ed9d79132ed9b2b291e2f105f669512b8449f0e95a06d074ad1deb26248e6
1725,Western,Nortman & Stewart,956.7206534400478,159.51870399878175,6,1275.7580614376113,1427349c52f20dc74a35e582eab968231204826bdb7caba379ed4492e8acae92
1726,Desert Vista,Fernandez Hernandez & Zhu,956.7097455068144,177.74628656698113,5,1312.2023186407766,2ed6d337cd180f2458162e3460af6f7b5964ed77b20aa4ce21de6b6a96e42643
1727,Archbishop Mitty,Venkatraman & Yang,956.6916733851549,165.90316103950173,6,1288.4979954641583,78b68c04bf4901486603cc9f8357fdbbb27be0592ffec08f6b6caa81ff69ef7a
1728,Arizona College Prep,Al-Sulaihim & Sankar,956.634550253943,164.38276549420303,6,1285.400081242349,c2a0bc14ab0b4e11ead81f11a498a7bedec1b00ad2edda24b906c58698f35e9b
1729,Math and Science,Gu & Thiegs,956.4388100497463,170.41992752174758,5,1297.2786650932414,955d66c53af56681985de378ebe150bf3720937eeb4494f66684a96ebf2c499b
1730,Mountain Brook,Williams & Zajac,956.0836668601194,161.26919346846887,6,1278.622053797057,0fce42d25d709d3ea1ae6d202df552a86f7cffac6436f6969eed4a70b95c7959
1731,Adlai E. Stevenson,Bhat & Raitani,955.9683975040518,161.82323984116613,6,1279.614877186384,cf72c2fb58df0de9c9467b35786f8e5592167497ed8e180f51128cccd098b36f
1732,William Fremd,Karanjkar & Soni,955.2073593508363,152.39116347055602,7,1259.9896862919484,2d1f2cf33fd5251090f23b45bf311ad4e53d527e130e32764055598d941f87ad
1733,American Heritage Broward,Belkhair & Thobani,954.7788241513385,171.47017629674642,6,1297.7191767448314,6fb98ba4dc7b731c7c0d797f59c576b79c87fe2375534e920a4993613ed611f9
1734,Everglades,Jones & Koottungal,954.3262740044752,156.695975662449,6,1267.7182253293731,6308b3d8ebc9b4a922c4e2e57c40fe1eb24c5e03e3ab1e41a2ada3ca66e9ec72
1735,Charlotte Latin,Narang & Ogbata,952.8050279799463,164.63217888459897,6,1282.0693857491442,b1d0c2a74ca19022cb5ba09715a01186534f3d6b447ca448eee47ba1618d794c
1736,Lake Travis,Ellis & Hobbs,952.4746153417337,169.93945655676572,6,1292.3535284552652,a3b31547a5a3dc2dbe0e93d7e7d3850587e973f3c6d593e02422a8d511d63e89
1737,Fairmont Prep,Ghaeli & Sadeghi,951.4054802067914,169.53151642354356,5,1290.4685130538785,131d8916a537064ec99d98db84dcd08a3fc376275d72e9f025a026089e4cf4d1
1738,Park City,McCarthy & Ziegler,950.7712746398134,160.46565191739052,6,1271.7025784745945,95ace0746c0c36331d12f9c8b9744e8293f271b29da49e4e99c1326caa090ca6
1739,Lake Mary,Druzen & Roberts,950.043775933304,166.7879740199074,6,1283.6197239731189,089e0f6e8704e797dfc61416288564622ab53cfc48fb6f278a9be7c1cb73c37f
1740,Sunset,Sun & Sung,949.6574822564355,165.94860197371793,6,1281.5546862038714,2bfbc44e9f6a211acc23e39056c63e2f91bf41284ee88ffd75bb1aa3c5eeb91a
1741,New Horizons D.N,Garcia & Pena,948.6776834111508,166.34279819685355,6,1281.363279804858,4563e3570dd5be2dcd4cc2d554d2bce32bd914c579e367aa0a358e7d52938b36
1742,Spence,Das & Sun,947.992893444804,157.16680304056246,6,1262.326499525929,6495b91802046c5b3e9511d4fcfbe6c0abfc1780125ebdee1ba2c4fa251acffe
1743,West Windsor Plainsboro South,Kandukuri & Srinivasan,947.8054740149096,163.3672514170786,6,1274.5399768490668,4db3d30de6fd41091258aacb88de9937ae0cb7851055a6c96919a936e6f20800
1744,Byram Hills,Cai & Zodda,946.9252508816477,157.7130636050876,6,1262.3513780918229,12693a669bab193b56859008532654dba7e1d3ec2cd2122faa48e37e7b3b5162
1745,Lakeville North,Mummidivarapu & Sreekumar,945.5092675241083,160.0811987631148,6,1265.6716650503379,633c9664f55093164acaaf84275f62bc5cf86d57951b22db57f549b382660101
1746,West Windsor Plainsboro South,Harish & Saini,945.0385597771212,160.74272668714673,6,1266.5240131514147,c654156af19bf3e051845c4a2a194d758ec6db63912c4ab4c67ab53b9fffcfd6
1747,Potomac,Dayananda & Zhang,944.7456098175762,129.23189491068925,11,1203.2093996389547,55006eba1d1316a49329902d92104633884ac3f2a2f2535e44c80675cedb52fe
1748,College Prep,Fiman & Perkins,944.7338053334714,117.32075186009803,17,1179.3753090536675,298d45e671252d0e25f840601c969849291a29133256c14b44709be28c6e3dc1
1749,(Frisco) Lebanon Trail,Dani & Mahadevan,944.6198285052109,168.112954792248,6,1280.8457380897069,93489f2498c1f1d755d062a3b089646f2ddc94598f2fad6029c178f127dfcc76
1750,George Washington,Sheehan & Stout,944.5227692452302,163.2615771840659,6,1271.045923613362,64696c830ec66adb8510e2b2844201bd7c61f8c5e5c469bb6ea0ead12ce44425
1751,Byram Hills,Tardieu & Van Anden,944.5147484506479,162.02336585931536,6,1268.5614801692786,53d1d14bd605cbea79ee11e8d55da767bc455f92821436dc0d649f2007c9952e
1752,Saratoga,Pradhan & Wang,943.9757188053577,174.93219006183054,6,1293.8400989290187,d266c902c8e695148dbe6e248ba649e5d75c76feb8dca8eeea43a54e8647166e
1753,Bishop Gorman,Jolly & Manuel,942.921650587037,156.86901170752685,6,1256.6596740020907,8a1a47c70c3d880d23caccd791d7d04183d16b6614e44195802faf64a9678a5d
1754,JR Masterman,O'connell & O'connell,942.4624546631707,155.5529680352608,6,1253.5683907336922,653d18da8ac6e955be0df0f82a10de6637776bc2cc5a1a9db67ebc2884bc0ef3
1755,Vista Del Lago,Simon & Srivallaba,942.325102840292,161.22546677689448,6,1264.7760363940808,f9f4c325b243dd80feb65a2446f16069a117414cb587dfd66536bd70953ad0ac
1756,Nueva,Arkin & Yi,942.2760063325406,165.45955301820356,6,1273.1951123689478,68e2e3ba282cd6abda11c65a93db9899464f5a21a8ec848ebf55e2ce43f8b768
1757,NAVI,Hu & Kim,941.6984808088766,179.75218847428766,6,1301.202857757452,b6f4628481a3876e4d1ae53f9e90897e81b9b09b52b19f87e7d042e7241fed40
1758,Harker,Anandikar & Li,940.8276716890091,158.79721109270096,6,1258.422093874411,5777b9dac0e987edeef0309a9a9915cd0e21156dcca85e7e40d707c2db7b8582
1759,DSST Cedar,Azzi & Ledesma,940.4342847774994,168.63972996484154,6,1277.7137447071825,9586ef6e0a21af1ee4078c5ccb8aa437766ae1130079c1b52ef73ae989c79362
1760,Wissahickon,Cesarone & Doll-Young,939.575647126094,167.99459730659643,5,1275.564841739287,81e17b8c914b57219545a079e9201d6ecfd80f55e5d806679266b99a22ae5ac1
1761,Lambert,Li & Sood,939.0235000107642,164.5591967932382,6,1268.1418935972406,57356f3f352da544d522254b9b7d291cba24397beefb7b579daa0872f9da553a
1762,Livingston,Govindsamy & Mei,938.652075943356,152.77449853016861,6,1244.2010730036932,65904d2a2a0b0c0dbf9582025875acb213d647e4f06d306186dadfcdc3827244
1763,Joaquin Miller Independent,Nicholson & Qi,938.453098070767,168.31427816925887,5,1275.0816544092847,47a9c28fbdb3b54d2915bdd569c41f8f52e77aece0f2ceaaac54ffde84171c17
1764,Newton South,Cheung & Sun,937.8064110138805,150.12513735766254,6,1238.0566857292056,73e88b4e346c02b27f640ecdc9ba25432186a18f97419b43f00652a835359dc0
1765,Cranbrook,Chen & Du,936.7974548342668,188.8878830504567,5,1314.5732209351802,01b2fb1449c35ccc13a3f9540d3b62fda383db7d589ba9f9cf5fffad9630accf
1766,Montville,Chen & Zhang,936.7619479967406,176.81693200402475,5,1290.39581200479,5510bdd72027a075e0d77436f28f83a41f9cd6ac9d2857acea35f523fd48ff26
1767,Dougherty Valley,Iyer & Santorsiero,936.6996490316031,169.16771622168864,6,1275.0350814749804,ce65d800f3ba6cdeab32d6bd8a652e51300836a9926acacc9d1aadfd569f9c3f
1768,American Heritage Broward,Chemuru & Mian,936.3977201775554,162.27119841507783,6,1260.940117007711,7fafe736501111b845346fcd0b0cdd31255db41122ef23503785e58256133885
1769,NSU,Chikara & Pearl,935.743630395619,154.88894336161806,6,1245.5215171188552,93b898d36ca67bae0a95df121492b1a049737c8fa5681ba7582118b7e225fed2
1770,Cupertino,Liang & Yao,935.2546272871041,167.05651133640097,6,1269.367649959906,c2171a0ff2e4a870e7bab7684a5511e3f582198083142cf477c21067309900e3
1771,BASIS Peoria Independent,Peddireddi & Sumesh,934.6934012936842,132.5213367095063,11,1199.7360747126968,651750db09694dd78518d5232facc2f94967a9b41fd8c7bb9c623269f3a91ddd
1772,Iowa City West,Abudagga & Dudeja,934.3304114751544,164.14042851804908,6,1262.6112685112525,3eb72592c89d41b059437c3cf04f74a4e43e9ca153baa091c24e5746da164446
1773,Newton S,Oliveira & Shraytah,933.7494554239589,192.82281875376765,4,1319.3950929314942,e3e5966b61318c79b1a8d10597c6282355f076e422417a32f51dcb294411f487
1774,Milton Acad,Ahmad & Xu,932.6311554090815,160.10450981179878,6,1252.840175032679,1a3415fffb85a2b83445d69968da7662119966e93f67398f79b6de4664a38a06
1775,Cranbrook,Nguyen & Yu,931.2021771625591,149.77276039650414,6,1230.7476979555674,e0049969f78d462c1b35b6a1d982f8495af77e44a7715a9b2c1af47642d75682
1776,Nueva,Cedar & Shah,930.9973372801344,172.19316234892275,6,1275.38366197798,b8a938365711ce104ee5b7406856b741f59f96a5f7e2d05efff5a19fc5974da1
1777,Success Academy HSLA-MANHATTAN,Aniagyei & Rahim,930.1870495901748,127.67516437012733,12,1185.5373783304294,4a771afa9be598466240a7300453239b3102a5c69b43d290944c17361e19d191
1778,Nova,Lewis & Porris,930.172215595085,176.1581330014621,6,1282.4884815980092,0701d5573d652f2f6c1f8ae0fa508d368d3bf1ec5dff0fc06d7afbb34f1cb5e5
1779,Seven Lakes,Mehta & Zhang,929.4927314226532,166.65624978532273,5,1262.8052309932987,198414cec0c141e344a7046b0af629f4e468c6be8642c74543ea455b577bf5c4
1780,Lexington,Botla & Do,928.2616586913689,156.23412324125346,6,1240.7299051738757,fe3eb7a2a9011fc00d21e287306f87c6943b152a803d3810d6ed93d64c525b89
1781,Brooklyn Technical,Ademi & Hetnarine,925.9906693678902,166.6265836798632,5,1259.2438367276166,8ff6a1cc8ffcdb976c83b3bbc70bcd46805024581e015471c50daa276984decf
1782,(Frisco) Lebanon Trail,Karnati & Nagpal,925.9276388877731,160.05786920466753,6,1246.0433772971082,bc9f3d0456a8ae905a90d770da336bbc62def6d2b1cf964d8663acdc104d1c58
1783,Mission San Jose,Bhattiprolu & Mandala,925.7763073996098,170.06718350860424,6,1265.9106744168182,5600f2ad65c60c32ab27ae60a1cf3d3e89144af14ea02462ff7c3de93bf4921c
1784,Bronx Science,Dugar & Patel,925.3865609890763,130.3765728948289,12,1186.139706778734,4a205f0131fa1566ad5df79615d64f0c1ebab4987e44a7e3a3cfe4308d50d9c0
1785,Loyola,Turse & Wong,924.392660149472,157.20230094548344,6,1238.797262040439,7edd5c75ccd6d66feccdb4d118b3d525ca9c05ec95e0a9cf0cd2c44c680ecf88
1786,SA Bronx,Diallo & Owusu,924.3333768423531,159.39558056505675,6,1243.1245379724667,b9a5dadca365fef81678b7ea2064b359015342b56ad1b0517f7c1a896f2d6991
1787,Bentonville West,Polavarapu & Wang,924.280404157121,166.90024792155023,6,1258.0809000002214,6cc94f321c97ce9ad3995214a48699ca4e01ef3c91f07706e12b0c4dd95cbb1d
1788,Palo Alto,Leins & Matsuzawa,923.1348203462858,170.37547556268532,6,1263.8857714716564,83b86a78b04116918ca6cbf12bcf4abdff24ec5bcac17dcec194f27523d35849
1789,Titan Independent,Saha & Venkatachalam,922.9871810525976,163.96360297895112,6,1250.9143870105,f3ed1d4a5d1b590b06c95ec17ddc3da8c73961fe6b34aacd4a1eceb83ec4e48e
1790,Bentonville West,Patterson & Vernetti,921.8173379723873,168.81870435058806,6,1259.4547466735635,7cf5a89b8e76c99225f768f6df31cb2edabe8a9eca6979946b3ab2b970c6bce6
1791,Brother Rice,Dashnaw & Schalk,920.9103726334367,165.3457900361863,6,1251.6019527058093,ca25d3ef43e58c55d0307bf1e3897150089dce7912214f09a87738b1fe86a7a3
1792,Palm Harbor,Chen & Keleny,920.2130780433458,164.12759511523473,6,1248.4682682738153,b4ab4abfd4c5061de0a6719b9a063262fb2ddee74b2dfadeb1a1ce87e9860a5b
1793,Newton S,Gao & Ziv Petreanu,919.9989264475436,168.68462017441885,6,1257.3681667963813,cb29cd8d8f10ae94a1efa73275408d9d62425e656b60f5947fe470ee7d053310
1794,Germantown Friends,Chen & Kim,919.865997504442,193.09014780356378,4,1306.0462931115696,7f992ca397f42ccbbcb5a503d100784b5d7b8c6313877780ec7d348d5d91a84c
1795,Strake Jesuit College Prep,Bhardwaj & Keswani,919.3595063261342,136.87009256874393,12,1193.099691463622,c3a7eace4461f79f25e12c6fabc2d6724d45323f385f6e607178c66ae15594e9
1796,Park City,Fellow & Hoffman,919.0580714490454,125.07719291138406,12,1169.2124572718135,c745a7a455b2b09b190770bff5b99ab9d10d3133765cb5b9f677a328409d9209
1797,Mountain House,Anneda & Panchaneni,918.5558756159444,160.95169948691125,6,1240.459274589767,bbd2021f5c6f40be24245a4ffee564554085057870ce81962ad40c62a7a94520
1798,Windward,Adelson & Schorr,918.5134488522451,153.38772353386346,6,1225.288895919972,e410edf2ba0c4cba033fc2f28ae7cfbddd05e5452bda2d4f0ee89e8b1be40c8f
1799,Bronx Science,Kanon & Shova,918.368030620029,168.72987988218088,5,1255.8277903843907,221746c6e64932093f0fdb7364a756d52355af198b80914ec07ea6e9c1ca6416
1800,West Des Moines Valley,Battani & Peterson,918.2543592566999,158.79655948202412,6,1235.8474782207481,90c4174fd211987d5a9e30f9726ec6d3efac5d82c752663ffd64cfe7b51bf34c
1801,BASIS Scottsdale,Batra & Pomatto,918.1218104437004,131.185440878213,10,1180.4926922001264,e263a6b4f8301ec81fa5270268f77858735c5ad5c707fdc9ba93970cb5665fe3
1802,Sigma Debates,Nukala & Pullela,918.1194573312104,167.09743456177358,6,1252.3143264547575,7b01b4b635c3e728b3ac6869182316d834c51081ea77fc4142da5abd1f3d8f52
1803,Northwood,Chalasani & Jin,917.7689783244107,163.3676766811158,6,1244.5043316866422,2e574bde25a3455a1288abe94168032a48f5af069a45ced64994e90ae88070d1
1804,Southlake Carroll,Farooqi & Mugilan,916.6397003282264,164.35921196503043,6,1245.3581242582873,53983abf9dd9a801db27c48520c024bf8d50e6737aecc7f2e540c204dc8316ce
1805,Brookfield East,Jonnada & Moorching,916.3852728829986,177.95440002064933,4,1272.2940729242973,3f0bcd354195758e17f247e863dee4ec07b9089bea94819b23a926e601e33961
1806,Keystone,Bell & Sana,916.2566734935508,158.41687557789217,6,1233.090424649335,2a683abd99bf577ff61b15e05935559aaad52f8929c918d7dc3e6a3ab014616c
1807,JR Masterman,Felderman & Seder,915.704263554077,157.10121737416446,6,1229.9066983024059,c317ab54c79935dfa66c9589f704aaf2ab66db9a8f2c4f438f50d68ac80c073f
1808,Middle,Herandez Garcia & Roark,915.3483322312959,157.71842695687187,6,1230.7851861450397,744240e884591c7d5485f9c45210de2c69d3c212199f1db39d3a38f8f8bff584
1809,Bronx Science,Chen & Wang,914.8872453161757,161.91737728144105,6,1238.7219998790579,351d8ffd16259cfad81acfd0d30f72ee12254f7fd0345348f442a7cc26dce482
1810,Plano East,Gonchigar & Patel,914.5348658620396,164.61048851183384,6,1243.7558428857074,aae78e44b92db131126e0a7b5cdef1b68a03ec8c8daeb883412f55a86479ac1f
1811,Charles W Flanagan,Quintero & Warner,913.92875218821,106.26261845459739,18,1126.4539890974047,9e5f64707e01e3e55e97f6c60138f86e058e9835dd6e075ad57909f7bf9ae2b3
1812,Emerald,Haile & Nutakki,911.7919776991405,162.23423944058814,6,1236.2604565803167,2625875e1e8c2baf01e2e2ec18c398096572debf94ce963fa7c3f2413f63cba3
1813,Taft,Perlin & Williams,911.6405873721261,162.1555274379703,6,1235.9516422480667,45583bd7c32778ff677967cb11f892c79f1d1f6ed61a040f2ae28523e67d61ae
1814,Half Hollow Hills HS East,Sachdev & Wasim,910.5654156941708,168.43728860411233,6,1247.4399929023955,c2063e84814fa56ae699e258b58ad2d7a92689ea1968b191b6e09af723e55002
1815,Dougherty Valley,Agarwal & Thacker,910.0307948283564,117.94116388700424,12,1145.9131226023649,d5c1b837208b148e2742412452058959eb0fb8b770673309a2143ec0f878beaa
1816,Strake Jesuit College Prep,Johnson & Johnson,909.8170710330796,162.31940546911406,6,1234.4558819713077,ad53e5ed70161e95b226aff79cd1ea1312ddfbc5b674958d5c83536472d02323
1817,Edgewood,Feagan & McVicker,909.6127702695757,164.355855116613,6,1238.3244805028016,003100f685bfac5eed4495a6a922f7c015e120e09f88a4840755703139976bb3
1818,McLean,Deng & Sandhu,909.6086391190499,125.45111524834248,12,1160.510869615735,eb09eb5c3fc30ac2a0d1dc4872e6aac68048305837ca656c527f299c2a703772
1819,BASIS Scottsdale,Azizi & Nalla,909.5025782299465,210.78392198366478,4,1331.070422197276,1b4370dbb407b224bd3ba9baf37acb64582ed93136da3a6de2d2ad1a7e65a234
1820,Maret,Easterly-Zebley & Houghton,908.4843153756849,178.78242548323462,6,1266.0491663421542,1c4e04fb5811c0a619919cbfcb4e9ab99c221b8e53181e815e91154ac723f49a
1821,Bergen,Mei & Tran,908.2987751304426,164.57838064072035,5,1237.4555364118833,e6ec862da2d1799ee9a7786c2661b77ac34fb41cbe2b1fe8d7dd8c5381ea5768
1822,DuPont Manual HS    Youth Performing Arts,Lin & Thakur,908.0272587672368,165.74267003054993,6,1239.5125988283366,8c7ac43ee3ac6a986944d2efc037515c89080cf1f24cff792a26f07e2281b7f6
1823,Canyon Crest,Hudson & Jin,907.9933524153503,163.50108506871473,6,1234.9955225527797,ea50a03ea591aa73b270d2e1de2a491834554c127aedfaef4652eea3770b6417
1824,University HS Charter,Altman & Morales,905.6669880986124,159.78661533799644,6,1225.2402187746052,eb88887847e061b364e2b7835e4c64bf8eeeef687b35b0be3a085bf839d4a8fd
1825,Mira Mesa,Brite & Wubbels,904.7640153587879,168.50927545428627,5,1241.7825662673604,74c27cb763b8ed2abe35d3d17d6a0e76a4551410aab9a210b108c5ad6411a666
1826,Cuthbertson,Song & Vadde,904.3308658412072,164.91830954402417,6,1234.1674849292556,fd742b8b499064ee86d6023f47ff3f2a42a9420329ba60ec41462749d2ec0a1d
1827,Brooklyn Technical,Johnson & Sarcos,904.2440857025067,110.65206304405628,23,1125.5482117906192,ef0207274e260c2e4291bf767140262e345d6dc13856ad195638958c2e1601ca
1828,Resurrection Christian,Browning & Salazar,904.0852852739984,158.1892634753831,6,1220.4638122247645,fe07247e510a2e86801dede42b08c896b3cbacea78ab6aa0088b26dcfe002ab6
1829,Brooks Debate Institute,Memon & Viswanathan,903.7561049011554,167.89195584117317,6,1239.5400165835017,7926f73310c50158a58941975f84dd47d93be5a39ec9b701790cb219a1c3d229
1830,Mira Loma,Gundimeda & Sharma,903.5540982451048,179.81927016593784,6,1263.1926385769805,d24164e468350d771713ffc8e1c69f56d7ffc77b22ca2e5e1b56ee4382ed204a
1831,Portsmouth,Doshi & Pinto,903.2736278385746,149.9731917498483,6,1203.2200113382712,2ff8758fa5863b4643cc0cc1234c3ca3527a89f858b7740446a7509ae52d162e
1832,JR Masterman,Branas & Dhiamandi,903.0924779967896,181.88939735255968,5,1266.871272701909,c09134bef966c552cf1bcbd7553807fb25edd555d2719d35d290529345f01261
1833,Mt.Carmel,Ganguly & Senthilkumar,902.607799761154,166.53962556004095,6,1235.6870508812358,e0579582190ea072335700d1ad6955e4cab51bc9c79033e375fed40c3dcb7b39
1834,Lake Travis,Kovvuri & O'Shannessy,902.1239944014003,171.57103540231424,6,1245.2660652060288,852a6a10d96199eb7cb9e24b1aa93909b26ef7295fde0ff66ec0f90a295e868e
1835,Roslyn,Clarke & Quadri,902.102861335944,178.54830557058037,6,1259.1994724771048,6a40c4d2355c204063e8d005e494341a5f9dcef55e2309373713972ed77c7977
1836,Berkeley Lake,Gupta & Li,901.8116823052472,176.77282519113697,5,1255.3573326875212,fb573b366056933d2599d1b0e0e14906d8c5996f531e854084732651c1382769
1837,Math and Science,Chunduri & Daniel,901.5641517028935,158.87543297822992,6,1219.3150176593533,071ed26419f2b3430b946765ff6599cf5e15df5ba26f70c40664482d78f1ae55
1838,American Heritage Broward,Avula & Lecompte,901.3016386737261,160.25051716652297,6,1221.802673006772,17f16c4abbae3746aa5c661cf307df89e27f17d4a2f2266aca141a8fa6f37241
1839,Ivy Bridge,Kalra & MacColl,900.3070631737967,163.8421695121217,6,1227.99140219804,460107ab46338f16d3e381653faf3859405629fe5e09f2127ad57d8bfbf3090d
1840,West Windsor Plainsboro South,Gupta & Tripathi,898.7746864263183,184.2598104666129,6,1267.294307359544,d86f27341674b39fa544aaa6fdf451207b902dcbf516f9c6ff38ce621a0d6c53
1841,Eagan,Khan & Rubin,897.9120184294522,172.7369879815901,6,1243.3859943926325,7075cb47b0d7edb780cb2c99e6fb19112eb8af2a33d00dffb06c7ab6426b2a25
1842,Monte Vista,Indukuri & Yao,896.7242635043847,171.73929737520382,5,1240.2028582547923,803358469ee47942cf703791d378f799807e957d1802276480b95b2d81d6df87
1843,Bronx Science,Cheng & Wang,896.4668578434037,162.66544973871683,6,1221.7977573208373,40d3d88e530ca7bbad00319218543133e7d067d32030ccaf452b5572033b57b5
1844,Arizona College Prep,Bagga & Kim,896.4663357544545,166.74669871059297,6,1229.9597331756404,7e36f50d924227f94280f925ced25a603b5a1954a5cb1b6b5ce6426a64bacaf6
1845,Lovett,Norlander & Van Os,896.3430956453747,163.2333283073037,5,1222.8097522599821,f7e539262a9ea576fde40e4b47c448cc36787e4b77f183c7bba35a0312fa9baf
1846,Grace Church,Olley & Waddell-Rodriguez,895.3178409201581,122.1174698949846,12,1139.5527807101273,497665f346574875a5a938862459f7e1ff99f0ac85c29d8efe550dc153f796d7
1847,Duck,Nemilikonda & Singh,895.1063892262018,174.7182454520171,6,1244.542880130236,8b10360046d031384324cb2558531de5b59de3c1a5f6cfe8cc29607724aca97b
1848,Mission San Jose,Chatterjee & Manadhata,894.2425537251507,166.92100370386612,6,1228.084561132883,8972cba40b81493667209233083697667c919a671d1676bdb3017605602ccbc9
1849,Summit,Mazo & Zarro,892.7081941739003,150.63020824422762,6,1193.9686106623556,e77048d63ce578ecbe58a5fa47fd5c8a9a855f53af3908fad800f8cc2271f004
1850,Peddie,Dandona & Tung,891.0512945786571,167.61307468966908,6,1226.2774439579953,ba04baf88e32cad76f5ef230787b12ca5b38f6edc9ad966010d17fc5f3a58620
1851,Polytechnic,Chiang-Zanoria & Hong,890.2370655488082,130.3654931455493,11,1150.9680518399068,77c88e17059ce98b8f477ae01cd71194dd17b732c9460120483e3c91a439bb58
1852,Cypress Bay,Bhondave & Malihot,890.1513101473379,166.3749672275178,6,1222.9012446023735,2f8fc1dde7a6f46f2ac2721426bf68bfd0c6243d12b06319ea912065b92bafb7
1853,George Washington,Bellamy & Sawyer,889.629331335487,158.64834464160154,5,1206.92602061869,8c21ea724b2f0c5ecfbbe652f7e7c2de7a903f150603d665f8c33dcc97975dde
1854,Byram Hills,Ouyang-Christiansen & Read,889.2238502413627,173.88660222435954,5,1236.9970546900818,91a19c0be3771787e79af2586fe4f584229906a4da0d422cd8a339a9bf52e83c
1855,Potomac,Bharatia & Lindhaus,888.5241443628379,173.02568419555652,5,1234.575512753951,7a27de254c2bf52e68f507ab00c1eb3e7d9a232054142dd02ef47c73e2fbe04a
1856,Edina,Fiddelke & Wu,887.18923984382,156.65266987604986,6,1200.4945795959197,dbeae21210c443e63b01515811e51e5b5f5f8c8871694754922cb24b6054cca3
1857,Ardrey Kell,Bethi & Vankayala,887.1327774363969,164.18819509687768,6,1215.5091676301522,0c3b2bc89c02f83c93d6b17f4669dfa0e0e863f142a0a4c130b78850c85a16c0
1858,Potomac,Thurow & Wang,887.0996394363906,152.32698190655765,6,1191.7536032495059,1addd7371057337df5a02c4640b40de44597147a5cc4c084b56a0f7afab1a228
1859,Success Academy HSLA-MANHATTAN,Allison & Iqra,886.8629004210281,113.63176780159745,17,1114.126436024223,ac4557dc4c7382560132265ad4261ef6cc154c844f6e5778458169f8ea09bcd4
1860,HS of American Studies,Coleman & Mendez,886.0876852027263,161.62472675442802,6,1209.3371387115824,60c46b64cd1d74890bea5b7a53e3151bca39a2c4eabdc7dad9bcba58e4019385
1861,Taipei American,Chen & Yang,885.9920792513233,124.56759496932467,12,1135.1272691899726,14ff703b1d41e76c2b3f23dd42ee9d93aaf19d123469078226843982297a58cd
1862,Horace Mann,Porres & Sun,885.6106043930363,164.56689973436957,5,1214.7444038617755,f6ab8fb977cb9014959bc2e59aae3976386617587bb0c2af48f697c1c2f17d14
1863,Hunter,Hurwitz & Pravda,885.5185285271432,172.26659763893926,5,1230.0517238050218,5207e9c0c7ac0a6fe97fc949c0b27cadf2b4ac4aa3925eebef03820e4cfef470
1864,"Ridgewood HS - Ridgewood, NJ",Gaddam & Rajadhyaksha,884.6396891072775,165.02319161873706,6,1214.6860723447517,52c607d39540fc8e5fa8c5cca31a552b46fb9b96b83da3bdee2333c5b5e99dbf
1865,Carrollton,Aggarwal & Stuart,883.5211352592116,175.91749619830588,6,1235.3561276558235,bdda96023d04b67dc21bd8cd6e5c88500994974879c2d6a0395bdf02c6afe923
1866,JR Masterman,Dhiamandi & Santoro,882.7264892520362,167.8289514003888,5,1218.3843920528138,2fcd49da3c1714cace781bd331211b48f684fabd7dc415b0d6b982c63c3eb395
1867,Mountain House,Bharathiraja & Somashekar,881.8782310082322,161.54914706372108,6,1204.9765251356744,7ea0089d0a62da4195adf67e0c171becc79810f9c99d5bff77c02923eb2c2e77
1868,Granite Bay,Dhillon & Siddique,881.8551387198177,151.67641889780205,6,1185.2079765154217,a4d8138c56480c176622a26826fe7b9e7ed2d9a7e721885726369348fe48bd75
1869,Fairmont Prep,Ahmed & Wan,881.6626836003343,164.14785066481616,6,1209.9583849299665,7327eae18c68cd04ab421c1240df9b99a449a5c1c46ec2321aa31f34aa243c99
1870,Gunn,Barile & Mejia Palacios,881.5301863961078,120.16132208450195,12,1121.8528305651116,269a315c20d8d1160f658cdcda30c93168647524e11ceed2015af736eedb4d01
1871,Amador Valley Independent,Jain & Jawahar,881.2693554218183,134.97213890622413,10,1151.2136332342666,80123eec1ff9a40e420af7ff3288f6184eb0385b4eb70b3c84fff0af2cf5c3c3
1872,New Horizons,Carmona & Pena,880.84486075176,154.37426602902826,6,1189.5933928098166,6f9b582facf1c36d210483534ba37f11a0fcc4a46fe353848bd308cfbcd2dcaf
1873,Wayzata,Gupta & Khan,880.3625301738011,185.40903669529527,6,1251.1806035643917,f2559d8c322849369946becfe4cfe0e28c0a0595035e687472dc24e932bc3719
1874,Able2Shine,Ballon & Zhang,880.124554547084,150.23102795076593,6,1180.5866104486158,d35cb32cf567153569eef7adc032367f9bc0080df23f7871bebf98396bb3519b
1875,Los Altos,Ku & Kumar,879.8029679149838,137.11153647797838,12,1154.0260408709405,eabaf064bb33e1373726f8e9f43b87b3c8fe88f2216ad53ae3421643dbe9e5e3
1876,Windward,Litt & Shooshani,878.2436644849236,160.0282475672125,6,1198.3001596193485,f3dfa68b2c0ff4ced8190f894b0ac3206a6709a5e2cdd4102cc578c26f3bace1
1877,Dougherty Valley,Choi & Prashanth,876.7062519587737,164.1459563944699,6,1204.9981647477134,3b97ee5d1764c78c096acba538d2b9a4ebae42560e95982e5f2865071c0f9cee
1878,Foothill Independent,Bhogisetty & Hyun,876.4491089523889,178.77341703485678,5,1233.9959430221024,32927f6edaca1720a2012f21435b615111a6f0ed4577d26b15ed7c0a3c10b1f2
1879,Leland,Dubey & Qamar,876.3432164938824,117.19122219059068,18,1110.7256608750638,993d3691d8c0b46f6472285a1d2d2fac18e5dda4fa780d62069730047572ea2b
1880,American,Joseph & Kothakota,874.3422488717819,161.33860079276127,5,1197.0194504573044,287ab0a9005b733ddd7ae3dbf28f29704dc5ad17f71d8e5b3edd22a20d553527
1881,Adlai E. Stevenson,Mehta & Wu,874.3197018301369,180.66519753875,5,1235.650096907637,acaa22965dec7bccfde2135f65a26beb1805f53f48876b6b70b39bddcb68952b
1882,Benjamin,Azqueta & Sluiters,873.5427412714835,160.66805205962757,6,1194.8788453907387,219fec47b13a940b244109f490efb648870bda77cd72c6c6865c7b4cc8ce3898
1883,Monta Vista,Gupta & Shenoy,873.1184745815071,172.93991466644886,5,1218.998303914405,57bc5ff956f8840e19a0ca1aab9c9690c9b115d96b9a5f258997ad23795adbf6
1884,Brooklyn Technical,Persad & Zhang,873.0298903479168,152.9942167987344,6,1179.0183239453856,058b9bd46fbbaf4de6824758ef2ebada99ed7f38ecd0caca24eb76224d1ba360
1885,Central,Lian & Liang,871.3160214462871,175.87487496270288,5,1223.0657713716928,2b826c0bc81c98c51713c2ed17e20ff92a35fa6c6673a8b02e3acf0196863cc9
1886,Cranbrook,Ezhil & Kiraly,870.8352335910251,173.26498127271688,6,1217.365196136459,c5f6fd40a69dc57a469749a64c26f78a8e56c858f2772b3ea1ed14bc3bd735f8
1887,Horace Mann,Ayromloo & Tong,870.8150061402881,161.55701669952515,6,1193.9290395393384,08c2189014a7c6d15ce0359319be6d702e80b6ab428adc3547d442db310e301e
1888,Bronx Science,Dominici & Hia,870.7405645809617,160.4739144118719,6,1191.6883934047055,d38be114690482cba42a409961264ab35f6706ee45de5bf9269357d9a81a081b
1889,Northwood,Guddeti & Kamat,870.4013765281702,174.4699686541255,6,1219.3413138364213,8dbe9ed367288d8517317b3c188f5f648c494f653996e199565ad14db24f6f4d
1890,Lakeville North,Deepak & Menon,870.2656037490078,160.0718612675189,6,1190.4093262840456,b27ce62ee3d328b772d9a4ceb075632dc180c9f192613fc648ab3194b1c282f5
1891,NAVI,Choi & Jin,870.2544193725757,164.35913918128384,6,1198.9726977351434,5d0ed4af87dda56d944b97bf4b3ec00b57973cd086e468ec98a52ba0f99f014a
1892,Bronx Science,Fang & Hamid,870.0129756004249,180.15491732801027,5,1230.3228102564453,9243d7cda7f1c684a54274234f459bdf71063bb231d921847259b675da80958b
1893,Southern Lehigh,Bozorgnia & Kunnath,870.0018528075525,154.12826328465087,6,1178.2583793768542,044e1ffde034fbaefbc0803cc586d72e3f0e8d4b289da3f7d861224c4d310425
1894,McLean,Lee & Nguyen,869.5175101574262,127.3250870772429,11,1124.167684311912,11ec138b50363cdd58d4c69aa61cb229646ddf3240e7e04b8f6dd257e143a5fc
1895,Palm Harbor,Totah & Totah,867.8479015770408,162.47459637112635,6,1192.7970943192936,95bd0e9e5116c09e609288b870af376bf2abb43a3f519d10ec70a8ebf52810b8
1896,Hill,Hu & Huang,867.7054072914682,153.55268002908392,6,1174.810767349636,fea2887f73e4a38216d01cf87ed7960a13eed3dcef3833ed84859f739707193c
1897,Rowland Hall,Ali & Llewellyn,867.4145452632231,161.78450861261635,6,1190.9835624884558,0c9e3d61f75deca9b7cbcf7f195b62f5f2d48e87e97eba6beb366c81f74c759d
1898,Brophy,Lemieux & Ondrachek,867.3941028797674,144.11473385716644,7,1155.6235705941003,e6c6e562a309c0bd102400f4d2e4ac0a77d02c6e6b76a09eab5fab50bbda9d78
1899,Mountain House,Dhruv & Kumar,867.3203451968602,163.82800742796124,6,1194.9763600527826,8dce59dd06ba1dd4a7abbfa03ece3314b41a83e7ddf3a7e89379fb35d8638782
1900,Math and Science,Jayanth & Kesharwani,864.5852419105111,152.52849052154798,6,1169.642222953607,9049842866314c5c76a2005889d6008ab0b27fd4e2824c60bd50ec2f7b9a8d12
1901,Dougherty Valley,Kadiyala & Nanda,863.5238947277414,184.59908186114941,6,1232.7220584500403,5e9dece6ea842d19d8ee5b5630f324de90f17f1631791c4fd6d23a30d85441d4
1902,George Washington,DeBoskey & Mulvany,862.1543337120249,153.8966097852184,6,1169.9475532824617,fc0c0750fed1a485f690794f630ea6263bd54df3ed99d1d6ce44bf73b0b6c488
1903,Charles W Flanagan,Borges & Libreros,861.9108419283618,125.64342840103117,15,1113.1976987304242,1c69b710c88d248f650969179e608c422190efddb50b88cd623f336c6051c5a8
1904,Cranbrook,Nguyen & Zhang,861.3808470841615,166.7775689906236,5,1194.9359850654087,60eab00a04741636db4c5098a488db79b52b093eb1896fbfdc29c29987b315a2
1905,Cranbrook,Ambrose & Johnson,861.1189686165847,150.33066317622536,6,1161.7802949690354,610dcf72d071531597f2b8014e5a46b7d7c4d4e53ea1df21e132e28fc5c824d1
1906,SA Hudson Yards,Lucero & Teller,860.8599061701505,155.8415073781035,6,1172.5429209263575,0d0db03f13c38055b062df0d7dfdd7838508411f06438ccc3a34cf2adbb1fbfc
1907,Nightingale Bamford,Lee & Weld,860.7518603897646,159.65141947140074,6,1180.054699332566,5d339edba735d08d61cdd139984e959aab9e6bdd3d29ae26dce61f49db063dee
1908,Dowling Catholic,Nielsen & Raymond,860.5294916454436,156.56267456134034,6,1173.6548407681244,fe68838e2d90cd1213c337b3a786818501a42987bf718dcdde78cbc52c672d3e
1909,Cypress Woods,Artham & Konduru,860.5064910569115,157.7126355143131,6,1175.9317620855377,d82e1ba327ee4da8ef1f735a34fc741ebe669c708f7ddfa383a53f356c402ad7
1910,Arlington,Atherton & Potere,860.0895829729805,136.82780170777866,12,1133.7451863885378,f8b5246be0e3adbb38cc704c28ba2c06a24298d0174f8e72ea79d7c854172b37
1911,Freehold Township,Young & Young,859.9715168310395,133.15553935778885,12,1126.2825955466171,2178608ef3a6d1c2af98632fd4d852a1de53b85e3ecacda69baa9e534bd06e3b
1912,Memorial,Lu & Yao,859.8024830623849,204.05797828181963,4,1267.918439626024,da91c3ade2213c0f97248818e29f170b59ea7b935a7f27643958ab213ca0acc4
1913,Collegiate,Srivastava & Uribe,859.1987226291137,165.59888409228427,5,1190.3964908136822,ef64765b550c00cbb0f271e62d0f4bd4c9375b5018d6eb935ab8b243e82059ec
1914,Round Rock,Siddhaiyan & Thakar,858.901621324575,180.1036678789105,5,1219.108957082396,db29e46093355f1f46b3b810e5423b5b98b8dca35cff625c365f95ae51ce4b5a
1915,Potomac,Abraham & Phelps,858.8994813769357,168.7142402256167,5,1196.327961828169,d8e5130e4728cf2028391b38831de271c0a9c5d248064a95e84a956711d22b4d
1916,Mission San Jose,Bhatt & Devineni,858.8938349109807,158.71094001620708,6,1176.3157149433948,7458e79c748196d0c74dd787e6c5f70fbf8d27c01146c7dcd9b17d70faf95d83
1917,San Marino,Mak & Tao,858.7351739110453,147.77666952744624,11,1154.2885129659378,ae0bcca16f4c9e75f1e9b498938eb6d44b955ca41cb8ca4dd5265390518ca90e
1918,Quarry Lane,Sharma & Wang,858.591011866967,177.03081001706772,6,1212.6526319011025,25c4fec432956a02e8b5d9d97ce54ed5e4ab42268f1da51bacc72ac7aa5b18e6
1919,College Prep,Boscardin & Zedlewski,858.5114463433492,179.18780388510154,5,1216.8870541135523,f94cf8f6e03ff23b27eb2051fed3af89bc9f4e3a00b948704287b8c6e855044d
1920,Potomac,Abraham & Kostrov,857.9766756683943,165.45079985806404,5,1188.8782753845223,52a0700e713b9ff74a3ed45029b0868dbc000653eab8fcbff9bdb3f08c69c926
1921,Ivy,Chandra & Iyer,857.5529931119199,172.90636576603742,5,1203.3657246439948,8d6bd104e12210b70600f0c6c1cb1682e078ab143fd0f51c2ddf1226e8593786
1922,Loyola,Kyle & Uyeunten,857.4832119931864,127.81862700294684,12,1113.1204659990801,bda180263393e9f826d773aff7700de9e9088ef0b663f0cb1ae4f7b50faf2e2d
1923,Princeton,Mogha & Srivastava,856.2069247233202,159.79613569695113,7,1175.7991961172224,6f67da7b7d733a8e342c74349ea5bdd123eb25d7ccad1ce40ac332ced39dd29b
1924,Flintridge Prep,Wong & Zhang,855.732405217721,188.03878991687066,5,1231.8099850514623,602f658234ea6cbe1d1a4b61f28b2a2ab64f38843cd33a32961a491b9e221656
1925,Southern Lehigh,MacDonald & Markle,855.2735726518804,176.78913373732777,5,1208.851840126536,0b3cb92ed6037fbb5c240af50fc8b004b6b6c95e484db6262de20ad375b82bf2
1926,Johnston,Bethanapalli & Shi,855.1625745930908,180.72252576686256,5,1216.6076261268158,d361ed43edc0caa062cab0f9ae98870cc2ccfbf6b4cd77e56b133751b312ace7
1927,Collegiate,Kahn & Kulman,854.9910511181992,127.60153350074874,12,1110.1941181196967,51241b59726ca18c5b4ef8edadabb17c3fc7570dfc23a96b3d6f9d37243d2c7e
1928,Wayzata,Lam & Singh,854.3129402281847,170.65309237233774,6,1195.6191249728602,33a0d1481184d60813a777aaff4d4bfc9f9acb0ea48a43c562a69481929e6b6c
1929,Germantown Friends,Chen & Ho,853.6188779465995,181.53600127697518,5,1216.6908805005498,80ec3dcc4508d80b5b0359b948a047e9ad3baec715840004b204df1364900022
1930,San Angelo Central,Pina & Story,853.3330348566869,160.0235859275979,6,1173.3802067118827,35f115aa9a464c9721257cb93a9a980d44f38ce80b408ac4bd4741d5223e0a9d
1931,Unionville,Childs & Rayos,852.7739425781708,185.4505965426596,5,1223.67513566349,b3a3229c4104e54a1584ee4bfd12ad496fc2809000ceb2dc80d41ffa3ff0a89d
1932,Benjamin,Allen & Olbers,852.227861658165,169.86566841075077,5,1191.9591984796666,d88bc2a4e7af8aa7dc2ebfd0af2a748f8cb6d1e502fd5418c84d6bdd4478fcb9
1933,East Ridge,Gan & Mahajan,851.9562988480819,158.77261926026887,6,1169.5015373686197,c0597eb42b93213e6b4770bdcbbb59c00684c73a679202de829bb5f1082126a8
1934,Miramonte,Kim & Yap,851.2114945159706,172.19021469950414,5,1195.591923914979,73aeeebbfa92df87af84b45e36c17e14ca74f1b41fb1f4a313e184d81f603a5e
1935,Westborough,Addagudi & Pargaonkar,850.7973781103294,159.26499080015458,6,1169.3273597106386,fe49734ce70f7b11534ac88fe1e8b71f2cbe4675b1e1f7d3ec918793e23e9f51
1936,Cabot,Chambers & Culpepper,850.3179969783332,185.8925576381416,5,1222.1031122546165,92046c1ef748246cbb9ea3dbb8b46266818db138447fd7a594c18e87cdcb99e9
1937,Ivy,Anand & Kotturi,849.2330880081283,158.43312889849855,6,1166.0993458051255,9fea1e77d6546c51bd8d06d57a6b058211b2b6049c1e5e7d098ce573d71af4a9
1938,BASIS Scottsdale,Battu & Zhou,849.1751877941607,165.6896286696313,6,1180.5544451334233,6bb36ab3afb72c905deaa909996d6f7c5d45b265d87cea6adbcdb34624763754
1939,Loyola,Cucher & Kim,849.0729560224543,116.34603641679249,17,1081.7650288560392,0f554958f96f7ca77667fd6b0c623088586d87a059b1f63b073009c1c4cc4e54
1940,Fairmont Prep,Chang & Sarhangnejad,848.5321809818349,155.0570983712689,6,1158.6463777243728,fa2eb097c184817dd318a304443640e1145b7772778c17151e51ace0edb76ce8
1941,San Marino,Wang & Wang,848.4481800908353,129.25311979311363,12,1106.9544196770626,ad89e827d2f2a89ffc1af642bb98a9a73d631cccf34d9a82b9da671f2807ec1f
1942,Dulles,Chippalthurty & Grover,848.44597155407,130.62807891147204,12,1109.702129377014,d50acf485432a8553ffc2eaa96758d99f9c0989e8cb414af7f66df34c8a5deef
1943,Lexington,Kuchibhotla & Meka,848.1034843168231,164.42436917902918,6,1176.9522226748816,25a2908d645fdf283086905183a0334d2c4c6c436db99de7a32cef5fbc1d844e
1944,Nexus Independent,Adler & Wu,848.0537746593443,158.49681698300978,6,1165.047408625364,8297deb0013465282f76a71fb2db0309bf6edeeae82fb58787c50c4fee5f893b
1945,Oxbridge,Bruneau & Martindale,847.8428982666586,156.250104650958,6,1160.3431075685746,2f59f78d08a79118fdcbc50ac231430999b74f338ba8ea166c157ff4a8e05570
1946,Milton,Huang & Xie,847.3014753567734,162.1778432352604,6,1171.6571618272942,5dd60cf01dd2e23a875654eed9c84a528dc2c4412d3b0a24da9ff8c632505df4
1947,Ivy,Ahilan & Jiang,846.5350365514894,160.65851344990074,6,1167.8520634512909,51917fd0c0f20db1b013156801bef704ff7e56ac7d222b9d88232610bc3571ac
1948,Quarry Lane,Bademi & Visal,846.3663594070465,213.47157662413574,4,1273.309512655318,858766e1cb6b084831e86b24db35dac55012e953e15d59257e375cf272888bc8
1949,Hewitt,Allen & Berman,846.1144070723765,154.7990375903056,6,1155.7124822529877,45456223c395a6fcbd44eb103fbf813319df615c1daa399f12a00da0bbc42263
1950,Midtown,Hadjinitchev & Hyken,845.8836946305184,190.86470313639893,6,1227.6131009033163,38544c069975fd0c37e84a3cb59b3406aba28b6d46bb081cd7767a91fbe8d39e
1951,Cherokee Trail,Kershaw & Macmillan,845.6464353754516,169.738626411544,6,1185.1236881985396,bfaee10279fab8f274be5c841ef57ca1778d6847265b8d659b7faec3e971a67c
1952,Hamilton,Grewal & Hassan,845.050967237041,159.60921364008138,6,1164.2693945172039,f2459cb4efa40656ac054982a01a06119f8aec94c95efc3e4c0a5917c5deea79
1953,Harker,Lin & Zhang,845.0034447452406,165.0066517314925,6,1175.0167482082256,57e50d5e1422a4a0bb2f18e4cf3dc63ff0409fec78ffa0b80058b2c5bcf977bd
1954,Golden State,Parhar & Wei,844.8336908237294,158.7712868596107,6,1162.3762645429508,ff46f618560ed9758fc05934760689743bafb81f8acac268976eef4912d87c4f
1955,CR North,Acereda & Haroon,843.7459434517464,172.9225154132735,5,1189.5909742782933,b6fbf8d58f53b53433f9508ec29ea4caa5dab96545963ddc70a56fab30c6fd54
1956,Honor,Chung & Lee,843.5143881022756,148.8086717161604,6,1141.1317315345964,551a301fc151a84ebf92726eed51ae9dc9d296e59c6892923d7c5b944ce7934e
1957,Bronx Science,Leem & Pasman,843.4410208487491,143.79684871496008,12,1131.0347182786693,35cac531caa76a71e333ab24fd22f577ce1a8b8a065374aac09d0107be75ce27
1958,Mountain Brook,Bradford & Brasher,842.9981587514314,162.3135496350961,6,1167.6252580216237,8ec49fdcab89572791bd34e55b5663fec35f470798e6bb349f20745f932124e3
1959,MSTW Independent,Bansal & Malkari,842.9843787398602,179.7128142780792,5,1202.4100072960186,b78b1226f8b21360c41421e4206eee13af82cf54296fff94e3510cc65b2bb505
1960,Lakeville North,Menon & Usmani,842.2169764496609,161.66290452473189,7,1165.5427854991246,b620529cc566dd6f99686c6c1ca9aaeb49ede670618dceeeb0679a74ea389ae3
1961,Frist Institute,Ganesh & Tauro,841.542057525206,175.45400045268138,5,1192.4500584305688,d0b58d56a1ad0ce9f310e08fd2a9b6d1fea24ee298784185e86fab716a780b57
1962,Argument Institute,Chan & Sawhney,841.4902851236973,179.28211788993679,5,1200.0545209035708,d786ac435f7bf4771793090ae7e04ebe38f606d672b67a3f45e00b57a597ebb6
1963,Harrisburg,Sharma & Winter,841.2872341366334,180.3325184845324,5,1201.9522711056982,ff1f509f55bbc79870db26f9fa8bf7c1248562258e04fa4c31eaefb9c9c6843b
1964,Millard North,Pal & Shaik,841.2409006769915,169.77061085437674,6,1180.782122385745,982722ce0e69483645f825d882b7c29977f5d1fedf6bf9e2c48d81ea97ff00a3
1965,Brooklyn Technical,Ademi & Olim,840.3846755652343,163.332279078069,6,1167.0492337213723,1eee5e3a27f040617b7424474b24d75edd411776e774658acdf93b714084da6b
1966,University HS Charter,Blake & Carrillo,840.2366641631049,180.4863840237375,5,1201.20943221058,cac9c867d56c49373ff47d24b37844d6aee34bcf344baf2495d873a569d67b08
1967,Ardrey Kell,Dommety & Ghorpade,840.1835579044105,159.76267672816735,6,1159.708911360745,d3782560c25e97e33f13854c637f368ec13f6afe0f3f6d1d37aa6576578c38b7
1968,Strake Jesuit College Prep,Chen & Choi,839.7494261458157,129.28156351385414,11,1098.312553173524,45b16293c14bddb0979a5352773a00a9911c4fc687e1de6481712889eee95b6e
1969,Langley,Conners & Kosandal,839.5401359640312,171.68147740642772,6,1182.9030907768865,adbe8e0fc0298ed39c05c64d2e12671d4e6114c53cbfd8934e5c89e8afa064dc
1970,Saratoga,Burgmeier & Narayan,839.2886499974359,176.46041715973766,5,1192.2094843169111,eecf3b5e260ab651f30dfe5870ba34228606200453734cbee9f2d5fa58f0c787
1971,Lassiter,Gardner & Giusto,838.8631896405941,183.946748992438,5,1206.75668762547,2cd6c10ef90afa75f22d36966cc1293e53a71713c7dc6241485f09f751d3b355
1972,DSST Cedar,Pursell & Stenberg,837.8712250000037,166.0590843870226,6,1169.989393774049,f451b8eb251eea3e88436184ec00d9b7652662f298804ecf32baa891a16154b1
1973,Quarry Lane,Gupta & Nandan,837.5874431012016,154.33771214901705,6,1146.2628673992358,0fb9f515ae38c0b8784bcdf3cb1a359667fe313fe6e2e0787623f018afffd519
1974,Cardinal Spellman,Arias & Felix,837.1795053583714,157.2597772210536,6,1151.6990598004786,0afca4f72443467c09b8954e79e3307ca4b81d3bb7656fb8f6ac2c91ff5e0a83
1975,Notre Dame San Jose,Gandhi & Varshney,836.6983541205786,166.24871023051514,6,1169.195774581609,885e0ec7e67d6b55c8061b6048eb07a30b9683c8903cb7405d479b790305767d
1976,Ardrey Kell,Ahmed & Pattan,836.6051006129544,101.8001044405247,23,1040.2053094940038,f09e5416ad96883a98b22651e49ee9d3f1af722c38231f8e3cc9466b3d7cde9a
1977,Lawrenceville,Lee & Soni,836.1603650931099,175.5302203722418,5,1187.2208058375936,45fc6a874b5167ff6b526b0d09c739441f767059c2adbb7aa8f78db9bd6cbb0d
1978,Harker,Georgiev & Harms,835.8867986242892,172.0353890295232,6,1179.9575766833357,bc4334bf948d1ca0478056a9d20b119dd34d1e53019aa766fc4413b10093b4cf
1979,Stevens,Birch & Burdick,835.7039555055155,181.15365211435642,5,1198.0112597342284,352d536b5d7307622f2a4c1294dd4e30d91e50ce287051d22e6ee83aec4b125a
1980,MSTW Independent,Dedhia & Parikh,834.2529748328902,161.74334514578626,6,1157.7396651244628,a68118666431b01762b5b904ff7fedc3bd5f8256de70845eecbbc60795cb1957
1981,Olympic Heights,Cohen & Levy,834.2284932565383,161.28863822628614,6,1156.8057697091106,ecb9c3ff2ba8c03e781294537511a29b39384bfd8c4fdbb357dab19f2e25e6ea
1982,NSU,Annese & Lindley,833.6077572929604,102.12273278920959,19,1037.8532228713796,8a3763957d85717f1fd9dfd9ba62b66fd045d30b0d044ffc6f99af8cc4bc6c6a
1983,Vanguard Independent,Saxena & Verdan,833.4546195260318,155.9143081631937,6,1145.2832358524192,105f40a8c371bd58edbdfee589e4bb33ff46e02497dd37428dd8c4874d775ad5
1984,Collegiate,Ewart & Yan,832.3461941991752,176.28856417505645,5,1184.923322549288,51f9476d2be4aa3176ed682af6223037514beea3daac84f29eed15a53ae9c9dc
1985,Mira Mesa,Nguyen & Phung,832.2234850847356,174.6888959540595,5,1181.6012769928545,fca3d91a7c1e8dcb911ce30c433058e134c86a617fa517dc4a3827eda77e3d59
1986,Gulliver Prep,Hug & Schwartz,830.4939219879432,163.61267002397574,6,1157.7192620358946,fe628b3de65dc580ab6e3e87855740b982c040754a58d1d05b263dd9dde6e0f3
1987,Cardinal Spellman,Kanu & Summers,830.2362620718318,168.26744019739942,6,1166.7711424666306,0ba85f0231ba2287ea7113dd2a4b25bf4f492b4bf832a23c836b80d777e59908
1988,Townsend Harris,Noor & Nozaki,829.5558161550024,166.9853887354646,6,1163.5265936259316,d2e3771114c1c62a761f48b670e1c964fde9e38a2dc304504b6735dc88f480a6
1989,Oyster River,Bussey & Milutinovich,828.7976866341828,161.18483768096806,6,1151.1673619961189,dc5eb786e724b4c5ea6b573d0aa40c53bf05e8b295a1db880ebe2a3a792f4bc0
1990,Awty International,Sami & Sarva,828.7944837117927,159.3597517306185,6,1147.5139871730298,9afd1884cb2deecb2592de55dfab9d6ead6ba67dae35af6fa9c435b6bd96107e
1991,Rowland Hall,Gerhardt & Gerhardt,828.1684762733405,164.28399912996875,6,1156.736474533278,5e688998cd8b75d2cff769dda763bc7705ae866e28f79b1dfd188244a316ea68
1992,Discourse Power,Biju & Sisodiya,826.9982448959438,178.39820397369382,5,1183.7946528433315,56779f7e33e471805bbdb1502efef45443206efc15a7829348f9ad321aba71db
1993,Carrollton,Berg & Pace,826.4403115766152,156.53963952339015,6,1139.5195906233955,11821cce892e48fa8524b2aea5cd464f101d1c843373ac879263e5ff29bfb8a4
1994,Westlake,Swamy & Zhou,825.8784530534496,161.98836140327995,6,1149.8551758600095,90366f768eb6a5325b96c00058cd8f4fe0fb847e655817b1a39f0374ccda4c9b
1995,Menlo,Fan & Yuan,825.7915798624495,182.63387397471658,5,1191.0593278118827,01e9c02fc764794d2b3130e3f2796ce3db34a0bff0822c75c7d07ef70c3db55a
1996,Lennox,Oltmanns & Sitter,825.5072891429036,180.2150221520452,5,1185.937333446994,133006bd4517446d1007366de17520f75df3f95ee88f3e524c0f07cc2dd72f5d
1997,Able2Shine,Nguyen & Zhou,825.4537423339812,154.51779902803855,6,1134.4893403900583,636d6fce9c3d2f2ef21ee19162a52cad625a18af90039c05624ddccfb7523a2f
1998,Cranbrook,Kumbar & Lee,825.3112398010104,175.00054629239565,4,1175.3123323858017,460f04dcfc4a3e71cdb664d8935b0e7ae0e7a60d85274df50f6be7615122ea12
1999,Newton S,Kapasi & Xiong,825.2281010439108,167.9928315349714,6,1161.2137641138536,71fa845e70301b784aa6d17e333bc4969e49ac3f10b2ab79fedd09ce8ae379ad
2000,Fairmont Prep,Thavornvach & Woo,824.1186510549257,167.26271460609124,6,1158.6440802671082,8d35d06552d1625323d49790944d76a46c38b94b1dc2acce22aeddc6139457b5
2001,Fremont,Bidarkar & Kopel,823.7499969849428,167.3216725687914,5,1158.3933421225256,5dafa07f31ee766475d9da441c10b551cc1481ff2b711b8701bb7bf3a033e3e2
2002,Hopkinton,Mathur & Samaga,822.4521214574186,153.77217755098025,6,1129.996476559379,b40df842e104f3aa720b6faa69ab6fbb7e6615b4ddd23416b166c51d19f0ef15
2003,Durham,Hackman & Wilber,821.8492496110266,175.98859625648822,6,1173.826442124003,6d599e6651365f5aac11bf486f6cae51424d8f75ddd820eb2d509247c21d80b0
2004,Gulliver Prep,Schwartz & Tabatchnik,821.4222385123485,162.60265316959374,6,1146.627544851536,f7051b3fda5f57bec2984feae9bea3b10ee93d5e91b71bd15dc5624b5f4ead59
2005,Brooklyn Technical,Hetnarine & Taormina,821.402940234145,163.20227921560033,6,1147.8074986653457,bbf81dd2c7ea8346486419d2c0ae2a8105665a04d385479edfe8c91de5d500cf
2006,Ardrey Kell,Nelatoor & Saraswatula,820.5404381130577,162.3645061334346,6,1145.2694503799269,0ac1af083f4b93c5d9d7d0072fcd766f3d893b94df3c93aa414e9e8fb32da7cb
2007,Harker,Gupta & Sharma,820.3343076317218,166.11722963231313,6,1152.568766896348,202602412d4e3a4e014592fbac2ada2a6644cf6c38009f4476e991a91cdce72c
2008,ModernBrain,Shen & Song,820.205174442021,185.56054998402297,6,1191.3262744100668,01d7b87fb666139b424e5e78f4ceb82073013051cb58a5f8d061087fa24717bd
2009,Masters,Jansky & Rolston,819.4425735686318,166.1772561286639,6,1151.7970858259596,6c8e9c11266dddb24d880ba2a04a01edcd52438190c4ff838c09f72b01357508
2010,Chapin,Kahn & Nussbaum,819.0808314800228,186.1360197845193,6,1191.3528710490614,e641938c15491ff8eb877d726d1cfb704f47419c9586accb1008102621b2d491
2011,Cambridge Rindge and Latin,Lkhagvajargal & Mazumdar,818.863221992978,178.14534771975343,5,1175.1539174324848,624597354bf4b0bafc913396518e7b6cb2dda6a99ff3a108a9cd5cd7baa07fb3
2012,Fort Atkinson,Crossman & Yin,818.7593411073708,159.23857767488377,5,1137.2364964571384,0193dc2616d4267beb00746d01c16b033bd0ca8e2c8715cfdb361dca093eb9ae
2013,Alliance,Dingare & Tirumareddi,817.3929851507849,166.36860113595512,6,1150.1301874226951,af4f3a401734f5f63331bbf24ac2c3b953c54b597776972294b654132d37c867
2014,Overlake,Bheemarasetty & Zhou,816.6897226886581,175.9783677341894,6,1168.646458157037,cddad8908d53f62ba008c6ceab304b3cced460c387c94481a48187e1001dfdcd
2015,Horace Mann,Ergin & Scheinfeld,814.6863041771544,200.08291591915668,4,1214.8521360154677,d41fa5a3e324709f1dafbab2566edcf5f3db0b21eb1a6b8dfb9696e47fa49bbd
2016,Quarry Lane,Giri & Lanka,814.5444386105195,160.66513317059804,6,1135.8747049517156,35dd8fc16a392f3ea3d13e46aa73eed02a0e96ac836921858ca27101b8e92f51
2017,Math and Science,Duangphouxay & Thiegs,814.4979509774846,165.33773925611544,6,1145.1734294897155,d70950cec268fff6018055b42b3727c633eed3cddb2ca23a18dc35b411f1399b
2018,Harker,Cheng & Eyal,814.2066721115306,142.26012622071931,12,1098.7269245529692,23fa04687c2b469d8f5e334206f43a9a43a69c3e07af8a509db342612169a682
2019,Paradise Valley,John & Khandelwal,813.9420543241417,179.77593788629667,6,1173.493930096735,f1e34f46af8977ec23863208ef3cf8d985b95477fcfcd2b4e72a20fd285d62e4
2020,Molloy,Satyanarayana & Vanegas Molina,813.9034962458626,129.41705618666316,12,1072.737608619189,8a27241b620b2fd86b28f931e88b603df1bbbd47e34118227794e0825c5b5207
2021,Lawrenceville,Greenwood & Griswold,813.8099630809174,171.97930233870582,6,1157.768567758329,99bf4a0a701619977a51edb670965ae975fbfa48f40ddf9a25c25154ef2d803c
2022,Mountain House,Seelam & Sudheendra,813.7560132188679,161.42026769192006,6,1136.596548602708,4bc007febc7fae42a0f1a006b26e6cd25da0b209fbb3c6b2c9a866e1f19c9ce7
2023,Oakwood,Kreilkamp & Robin,813.6917448549075,192.59504338969577,4,1198.881831634299,4638f3e8ba179ab5d380fd552b485b0df8a1df2cb5b2f1a7f136eeb389b01b8c
2024,Bronx Science,Boughal & Mamgain,811.8309921510435,124.30421650481033,11,1060.439425160664,3f547e841234762a138155c3cfd0d59ea35669347e25ffd10f7d7e895c857404
2025,Brooks Debate Institute,Joshi & Lai,811.5553608315768,156.49194861783394,6,1124.5392580672446,7e29284a3b7c585db07b406ba45b321eb3c8d05cb9e2afce56606b699340742c
2026,Honor,Jeong & Ziniewicz,811.4054395431564,155.14677574965373,6,1121.6989910424638,ad0db09cc3e795b938f9c530a5c76d3eacb297751266027998b8961562d53c1c
2027,NSU,Malka & Szapiro,810.9059703738386,164.66397846369938,6,1140.2339273012374,e2299dd46d6447e3f3b6a61828f2bf59c7a96fb3937ccb3ddd07c3d119852450
2028,Mountain Brook,Noel & Williams,809.5263849664202,166.98388769162514,6,1143.4941603496704,bbe565c49f88a909dc24c0c551e3183b68cfd7239a12af72fa35d3f163204282
2029,Quarry Lane,Bademi & Rankupalli,808.2846666862895,125.39726853929336,12,1059.0792037648762,04cdb0d534726c7daeeb03cf3db13c71117cc9e3661d575f0fef4c39e19ced71
2030,Campbell Hall,Fierro & Livingston,807.8082226337625,161.05108071728904,6,1129.9103840683406,b5817fa7a42515798651c0c6c6e8c54efb70fb4e899918474869a7f22d2f5207
2031,Mission San Jose,Prasant & Thunuguntla,807.2922034424278,163.0902198252139,6,1133.4726430928556,21fca336c108d8a9d16f1ec442f8f65a69cd022b6242f119eddfc3864ab64e75
2032,Lake Mary,Di Vicenzo & Plourde,806.8985673843898,173.3443302820504,6,1153.5872279484906,64e2805b380d0bb039c6a2e8d1d43a857c9b3d6ea188e69c7d8d81b82944fe70
2033,Hanover,Saemann & Trombley,806.8264826701451,156.05228024844547,6,1118.931043167036,5f685236023635c42bf34c81336d0a4f13d31c4103dcc67b0648739b79a31d42
2034,Dalton,Fogelman & Schaaf,806.0021197558535,168.88289056204852,6,1143.7679008799505,8d0daf1fae6e2495d2f2c9423ff20a79dd5ad5f7be9a18303aeab979ecafe704
2035,Nueva,Arkin & Hui,805.7224353680072,168.70698146376256,5,1143.1363982955322,a75fc29e3762cd4b76d4107ef47943524aff4db32f916adfeff6a2fb41aa2cbd
2036,Dripping Springs,Galindo Rios & Hernandez,805.4005747966489,167.12326115754107,6,1139.647097111731,b948137b602fa1616bc536252d7bfc4d42d18aac5d472232147697168e599156
2037,St John's,Lalani & Sultan,804.8689934053616,165.8308237628514,6,1136.5306409310645,e6f421857e7c5706ae9b8b9a76d58959e4cbbb98f39ad9d16c4adda9241b00ea
2038,NSU,Ali & Redondo,803.1040499327287,151.77221283208357,6,1106.6484755968959,6cb6ae8ac58cd174b625a4ff0c8f8640e7994f246834875ce837fce4c0b782c4
2039,Newton North,Kristo & Unniraman,802.516851329025,152.13407607917998,6,1106.785003487385,90897943797d5694f3ebccd918b80c2330259e50c864abf1413d06c67d8ce981
2040,East Ridge,Dilip & Mikkilineni,801.7585062138894,162.30826370092242,6,1126.3750336157343,48ce8427ff4887ccecd7b7fd2a371bb9246882d72ba4b7dab434b74839581397
2041,Brooklyn Technical,Kenneally & Persad,800.8397829384836,159.34124091846746,6,1119.5222647754185,44a381e26a145b7c015e97a1fb59d4bc21034967565b03b32485053c09dfcbfd
2042,Loyola,Wilson & Yiu,800.2563978031885,139.16292716710697,10,1078.5822521374025,cf7ebded7abe395035605a250e046dd047ce01325478a2705a2ab5d94188a312
2043,Cambridge,Lee & Werner,800.0,350.0,0,1500.0,7145a8e1023984de02602fc45711deb6fb9b391b7934ca9dd81cf4868d694a9c
2044,Ivy,Ahilan & Shyamal,800.0,350.0,0,1500.0,aa56742b1a824b74d9593a611a3da96e9850d8e575ab066581f35407413f81fa
2045,Canyon Crest,Agrawal & Mehringer,800.0,350.0,0,1500.0,797f6f688d6131be83df39b83da1c08ce5e54bf1549eb20c0d46c2390b031343
2046,Cambridge,Chee & Wen,800.0,350.0,0,1500.0,266dda46084cf8f6f5715e71bcf0a8964a03181571026f2cc1521814b374a469
2047,Ivy,Jois & Shipekar,800.0,350.0,0,1500.0,26b953172ff526249e73f7bfeb7177a10bcdb7cc5a82ec27c3682ed5354e7f9d
2048,Cambridge,Glomsrud & Yang,800.0,350.0,0,1500.0,8a3a4f2596e679e1e9ce18abb7e9aed2f3217d1626bb49e700f12e579ca7837a
2049,Cambridge,Chan & Xu,800.0,350.0,0,1500.0,af63a1c8c1a71bcb174d517409ea3541898a55f77a341d623c2f18619d50f777
2050,Cambridge,Duffield & Ng,800.0,350.0,0,1500.0,2a444942447858126d28cfc24f317356b3b4c40c449e06c4094c6d7c1878d2c9
2051,Cranbrook,Chan & Huang,799.5268417007169,130.70057822067724,11,1060.9279981420714,98509ad28c5b0eac2e2370970a954ea4b7f153f58521b9e0978696c3c4bc9c30
2052,Charlotte Country Day,Varanese & Varanese,799.4857754869327,161.59991450868074,6,1122.6856045042941,a154e814747ac15b908366f5d09a5d8df7ceb110cf3f9180cc30f7f5f2852024
2053,DuPont Manual HS    Youth Performing Arts,Kemp & Tangelloju,799.316403234176,178.002422049979,5,1155.3212473341341,96610c2aa3b8a7b991ecda94dfa7e7fbc5fe40851fd4ed3c0be3ef4f88ad1b46
2054,Palo Alto,Leung & Wong,798.8639333858137,184.29150191769747,5,1167.4469372212086,fe56176356a600e89c017fe8da25af0afa4933666009aceb54c1e1877a1654d8
2055,James Logan,Advani & Juvekar,797.9753221595857,158.57602846107892,6,1115.1273790817436,bafd76d1a7e2f8c601d73f586f94d17054bd273c9ef1b239e04f5bc9ad5f19b6
2056,Oxbridge,Multack & Sosin,797.8473773963291,164.08742599966314,6,1126.0222293956554,4c30215b155adc752b1468b378d419339c7f4821e5e916f8561719ab8415554a
2057,Belen Jesuit Prep,Kleszczewski & Rhodes,797.1104028047693,160.76133434829632,6,1118.6330715013619,f1eb504a5406e616d8b7d59319364f1b5a2a5cbfb4b941824f09c0a64d41a6a7
2058,Greene School -,Gronberg & Sprayregen,796.4568598567732,160.9067386390958,6,1118.2703371349648,7cef66302a691abb925d381c65e53a97dd1c67473462de60a8fcb7525378e910
2059,Phoenix,Ahilan & Jiang,795.4809228042973,160.6610108831395,6,1116.8029445705763,8e29e913c91696fe4a9f28748b64989e41cbbac2926ff43859b60824adab37b2
2060,Winchester,Chong & He,795.3774901629461,155.5751152115901,6,1106.5277205861262,a54ba4f66d38a1ec8512d6ecacf83ab82a19110eb724b24a423600b43e2e4655
2061,Brooklyn Technical,Banik & Jones,795.1651850491978,152.7510254008993,6,1100.6672358509963,9aa5225f530eb588f5598069a7048e01c8d44004f33e210bf84a9ea4f6486d15
2062,Nova Classical,Coleman-Harrell & Delgado,793.4715127224758,163.00565779149053,6,1119.482828305457,a994575dc9e14d31f95303d10b1a1a39a9c7ee0ee81ddb6a15883f7bda13a834
2063,Cypress Woods,Goldsmith & Sharma,793.4315245402634,160.40386716856065,6,1114.2392588773846,9376fdac263d6334c71c9a4e65450dfbfe7e535612fd2c7c5dfc3122bb97f26d
2064,Columbia Secondary COMPASS,David & Sangare,792.9880730228069,161.31309208128445,6,1115.614257185376,01a9ad9608de09f8f40f5c97088b19eb307769260200e8c77fafce62e877b21a
2065,Central,Chen & Liang,792.138180787138,170.75528432775732,5,1133.6487494426526,7a62569b97f6d41950a788d552f74e23a7cd80489870a8a108c759cad100e5ae
2066,West Broward,Duggaraju & Paul,791.8765023163935,163.62350468651672,6,1119.123511689427,4dd669971a1728f28a6e3a0dc10730fc9f1af37c04573149faa3a1dbe5e7714c
2067,Theodore Roosevelt,Erwin & Rossow,791.7347396529644,159.25068220845003,6,1110.2361040698645,cd554655d5b141d62424344f2efb6db5101a9d470856facc9e2e5e456bd65d96
2068,Nova 42,Sundaravadivelan & Yaokasin,791.6258196835645,155.84339301248806,6,1103.3126057085406,eb1da82153b1d0fa7950ef1a4cd1e00e3a3bf2eb327b794dceb98b1efc1fcc53
2069,Fairmont Prep,Allana & To,790.7078081037735,169.68411952309012,6,1130.0760471499536,f666531ca552bddf92a42a50552c5c071f0a13285930db8da9166b855d06bc47
2070,North Allegheny,Abdulmajeed & Bharaneedharan,790.3858062875391,163.20623885152105,6,1116.7982839905812,262ee213081119701b60b596b2f66950595e00354e609de94fbb98fcd52fb8f3
2071,Gabrielino,Phung & Phung,790.231545591688,165.03960964398144,6,1120.3107648796508,5ec32a14d7988ed44bfee49bf79967989e81624b5e28cf8e2a266932d506e96b
2072,Bellarmine College Prep,Gokul & Ren,790.1000108979958,173.25371727090248,5,1136.6074454398008,69e9c9f60451aa1e1111023bb894bc0ab43d935a304c73875cdfa7af5e88cfff
2073,Denver East,Goodman & Saavedra,789.9337855901268,167.1408663057477,5,1124.2155182016222,698ed449ecce1364d0b46284bfc5b0b3f760aa1cc117baf4c7deb056cffcb595
2074,Cranbrook,Chang & Wu,789.5206807012555,162.3962756983167,5,1114.3132320978889,43d6abddfa963d467b8704c30ec33a03a074d925c2ed289fbc0ebd8a3d304ce6
2075,Math and Science,Kamisetty & Senthilkumar,789.3893494416247,160.5672267571033,6,1110.5238029558313,9980e3e1ce4ff06c3e237f8ee928c052ac2ee14faa4dac6571ce228e925a58c5
2076,Isidore Newman,Plymale & Wentz,788.259148886861,165.4887501500295,6,1119.23664918692,01a43ef8df9fb47a817e616ccb41e09ed59fd519fe1ef02c506299d6479c8637
2077,Montgomery Blair,Li & Mane,787.9034792756905,150.72245214320645,6,1089.3483835621034,24235014907c7871169d15e09c202294decbe5991b5ec168ba49370adbac6147
2078,Ardrey Kell,Gulkanat & Saha,787.7416441878815,163.16238866514706,6,1114.0664215181757,c07dd47c72785b53fe17ac1fb9fa226f63f09b7d01575e3efbc639ba7b7261d2
2079,Taipei American,Han & Lee,787.138827989897,165.4451952054728,6,1118.0292184008426,a769263e6dfeab880be87e816975164610c945b644fcb08e88a5c40554a57ec9
2080,Weston,Ding & Vance,786.7343310575942,168.95509599958024,6,1124.6445230567547,3c8227e353586c917d185766db8c533399f10c59743ea32f22c570ad39e8e202
2081,West Windsor Plainsboro South,Dharma & Gupta,784.5906224724567,164.34722601278918,6,1113.285074498035,ff46a897f80737589acdc1146dcdf4d465b02d7dc3061a17f5a9d76a2cfe8aa6
2082,West Windsor Plainsboro South,Cadenillas Bedoya & Dharma,784.1275007195336,152.56970960732647,6,1089.2669199341865,80e2f4e12f2b8ed16bbaafd4786de4f4f1dcc2922d37c32da0c2f24f309a6fa7
2083,HS of American Studies,Hardouin & Kolaj,783.5084264362694,161.06798640829737,6,1105.644399252864,97ae9ae38f38d99a575de9cb6137a79e5c543350df447421bc06f031010d4910
2084,Hawken,Honda & Pollock,783.0585716395059,154.67416229038196,6,1092.4068962202698,c83f9187a4ad62fa7c4a489c0396398bab00fca124fcaf7c9d76b248d5fec3a1
2085,Mission San Jose,Sood & Vashisht,782.5414957614081,165.02801246556982,6,1112.5975206925477,0199eac8188709f098f6d3f5c10eadaf82fbdef1c7e1674f3a1e7dfa929fbe81
2086,Mountain View,Liu & Rajput,782.4757068567346,181.17698222860338,5,1144.8296713139414,b8af738a70a43afae8080a0156b202b45dbe8c3bfcb8bf086d508e9b3754954b
2087,Wissahickon,Perilstein & Saro,781.2368069941105,167.27232888341513,5,1115.7814647609407,722efd29f1fa85134cc9f13e1f7452e636d69989e0f7f15b5da5be3ec564a42a
2088,Quarry Lane,Li & Mathur,778.4227071503558,166.17635353277015,6,1110.775414215896,42c8562264634af48a97a0cdb43893a29f2f502be5e0e848047900814f324535
2089,Molloy,Liu & Xiao,777.2824075521246,168.12334488159186,6,1113.5290973153083,e6d92ed39b6be8edd23b9647d0e1dff300e452b7071cdfbbddee2bf6dd4b4a48
2090,West Windsor Plainsboro South,Jayamohan & Nerkar,776.8462577613828,167.4478507556193,6,1111.7419592726214,f4ab03eba043ebd84a09cfb8790532ccdf5c22099e726181aa1fc6d46355838b
2091,Lodi,Butler & Mendez,775.7549778908824,204.48731540545214,3,1184.7296087017867,4f84efe4144b38cb46d0197945c16fb2957751102d07b91af0845e4e5e0066f9
2092,Torrey Pines,Mahendran & Singhai,774.3082008555836,140.28916791009868,11,1054.886536675781,b5575fcbc35f3c15d815ff960f39c03b7b9d77925a6f73c70767258adc18f5b7
2093,Natick,Avitzur & Benoit,773.9671973313777,163.0874951182857,6,1100.1421875679491,2418a0be70c7124f424cb7b9d29f3b478818eca611d1fdb1a5149879124dc3be
2094,Cary Acad,Canes & Vainateya,771.669747956272,161.78149994822024,6,1095.2327478527125,8617370bdbdba3b844df72217c487154dca2349193a5328a7e28f2f3801798f5
2095,Washington,Biswakarma & Tamang,769.4640070907083,176.17120304837184,5,1121.8064131874519,4fa5e4ecbf8c02ecf3fb650dea594828395f14ff2ab0b3b2bada1f650e433d65
2096,Canyon Crest,Hudson & Yi,768.4686259312773,171.17551981462262,5,1110.8196655605225,6cbb9da2497e72277bd76ca0d28a8d8eac4ca5deab048b21342e3de9fb9f28d3
2097,Cranbrook,Zhang & Zuo,767.3331951004619,168.93301397136435,6,1105.1992230431906,2c4bb1646fcb572980406f9a406648083a96d1195031dfa21097fd505594d358
2098,Cranbrook,Modi & Swami,766.9231686899795,117.64671621009106,17,1002.2166011101617,b4b317637f9905c84883e675070469321a9b54fe639751b2b9d3f3a5340649e2
2099,Miami Palmetto Senior,Diebold & Esperanza,766.7357606910906,156.91691102624742,6,1080.5695827435854,4a04f8a1cec8ea69d23db6d0e2612c53454a3bb984512cb3830cfc90bbe1bc22
2100,JR Masterman,Miller & Seder,766.2749072522163,152.2439096539879,9,1070.762726560192,f36a579982f2962d7ab8c4b50976bb897428ba3ecb09f661e6d2d4fb5fc6813e
2101,Bentonville West,Mustafa & Panigrahi,764.5628102920097,167.4738745835935,6,1099.5105594591967,379187384621d7735381a927f7c69939e4dcafb6fa63a40e774db74b64dacec2
2102,McDowell,Ahmad & Allen,763.2846999288174,138.8937596097896,11,1041.0722191483967,36f206fdf1b43806e5531ddf57f6f5077ef06aaaddd4df53a7aad5f5756f993a
2103,Taipei American,Park & Tsai,763.1778498369715,165.66585471891025,6,1094.509559274792,4412b937515875caa726d7aeac4541792562fbcc257b1b0f7bdeb25ad34707cf
2104,Midwood,Le Seur & Yakhayeva,762.8177207193569,156.61315427291277,6,1076.0440292651824,0d7d6142fd521850fcd3dc65323abcb04e5c79e57a913794a6b4938d5216e0df
2105,Everglades,Fernandez & Medina,761.158837797665,171.50224843599946,5,1104.163334669664,8853aff251bba412f4e6674a6d6055e1cb2d2401665ae86d637ec691f5702062
2106,Harker,Moodalbail & Sanghvi,761.1359363954865,176.94915625486516,5,1115.0342489052168,003c1a3f29b9c9fd761391e9832232abdcd3c48ec3a27c3176b8314d16870bb2
2107,Winchester,Gierga & Yang,760.7910329026946,163.17670415531228,6,1087.1444412133192,928f6cadd8d227603343ead06dcc3a584e45327a3a34c0da44f9030688a937a2
2108,Acton-Boxborough,Sivasenthil & Thaduru,760.0430917765229,212.0858757744791,3,1184.214843325481,1c09afcc7429d93df9c0bc25cf74f9238726993987bda2f03a44d9fd4fc5de82
2109,HS of American Studies,Brindle-Khym & Brittelle,759.8321139763761,167.19889216345203,5,1094.2298983032802,7b99c0b0364525eee08f2e0236300030f9c343c41003b0b9602deb692b9687b5
2110,Golden State,Brahmbhatt & Zhao,759.8086204082526,167.67565225247574,6,1095.1599249132041,c6ac3d99b2c42f620b80ba9685aa7f8984c0aeb28ae44e4a7632ae17fa517771
2111,Olympia,Cumberbatch & Thibault,758.2753337877683,178.43873990736103,4,1115.1528136024904,bb8d0b701e9e610614b216c36dd7ec052b3369ca67871ba76ad1fb8a75e3d24b
2112,Wissahickon,He & Meng,755.2854044145151,179.5599321939619,5,1114.405268802439,d6b25ec01ddd6856d9cc65c5ce00f8a53759a823df7dd3b7b13fe8551f1c3a14
2113,Westmont,Lee & Nellayappan,754.0629228284816,176.17952357973383,4,1106.4219699879493,f0c4ab19e25facf18dcf1cc0f9fbf9c1670ecef1a0cf64abde4c13e3587dab7d
2114,Success Academy HSLA-MANHATTAN,Mabry & Mckenzie,751.4785268660435,110.08291558717858,18,971.6443580404007,52a472cd855d68c3016d61775353a67e06ef07eaf6be9a50a686954f70bb45fa
2115,Midwood,Chen & Uguzovas,751.0533037996503,161.17771980817116,6,1073.4087434159926,43fbca25d906fa115cd5240aa3a2a5bef092d5712dd073f10bb0f131816e2d80
2116,Bronx Science,Chen & Sooriyakumar,750.4945870480351,179.30855680549533,5,1109.1117006590257,96d7bcfd71e1418242db4563ac1f42966f51e5e52e1f2aaf78b791e9feaf0fb5
2117,Torrey Independent,Mahendran & Singhai,749.650241688466,177.49087027386366,4,1104.6319822361934,f3f68a50cc1c2691c86c28eeeb3fe9188dbe65fb6b2ff9d6eb68ed93203f9f6c
2118,University Neighborhood,Corlette & Nguyen,748.8517388104665,162.00621310573396,6,1072.8641650219345,d66d9989b91281f884116aaa53edaed3b8d02f6151bac2a169715cb4e90c3671
2119,Waring,Hennessey & Lorber Goodman,747.8158177729417,128.69896131144256,12,1005.2137403958268,f6a208fe68b11853a7372dccbb94d7ca200f69b1a70a506d2a7ec8f2e171b71f
2120,Unionville,Liu & Pampati,747.7439326243145,167.0566842959595,6,1081.8573012162335,adaf3bd5c18f334a31b6cd6eecad1177052ba37e3fe9b79d35b1beb209c7abfa
2121,Newtown,Ammerman & Feder,745.3443222024669,160.77582788095762,6,1066.8959779643822,1e1a76855d4f87d2b518651f4a12fc4fedbc0481c259e1bfb7fc4b9acedd24e7
2122,Lincoln,Altamirano & Inene,742.5794029974197,183.2450240250868,4,1109.0694510475932,295c5292544eebbde1574c3fd9c371c6c28144a1eacb7e11a4b2e4215ce55da0
2123,Walt Whitman,Rucaj & Shailesh,742.5714641077415,164.28147863863825,6,1071.134421385018,6cebb2e1500717b488aa6e8ca910bb61499e68ca8f9d7f98d897e6f1effcefb1
2124,Stephen F Austin,Kos & Thakur,742.2042367713032,162.03122263620563,6,1066.2666820437144,1881d79ef8f1484370adbe25235bb1b2d6282a848b7c88078fa3b7f9f4b85b15
2125,Lincoln East,Ng & Suh,740.8496703678094,171.4072538508995,6,1083.6641780696084,30ddacfe05f440b59e628aaa9817ae88cd93c6cea9b7d15f9873c724bd2b25fc
2126,St Mary's Dominican,Johnston & Ricca,739.9480653141165,167.85749990360333,6,1075.6630651213231,48a4d2992c0c6d6c21a61f3eb4a30f79505dc658841b33a7b14d6e84ffac5821
2127,Rancho Bernardo,Brizard & Vulovic,739.5568178305555,162.48935240488333,6,1064.5355226403221,e379c599267ca54098251c19839a9e459cd17217bf62efdb9a26c69641c8ef7f
2128,Dr. Phillips,Metre & Thomas,738.4043406788221,168.2863158935468,6,1074.9769724659157,f09e59e940747cea8dd8a7d4a6ba54d315728e0707916be92260d5e87386f31e
2129,Cranbrook,Ali & Newman,734.8135102045171,199.0427397482666,5,1132.8989897010504,5fc0be7bbb33b08973587ff94634bcd2081c12682f07941f7c8a9d595c2bc4a8
2130,West Windsor Plainsboro South,Kalra & Sadana,734.7556358028102,167.73310588824876,6,1070.2218475793077,7353a8e5309d2b668f3b946df3dd832c002e0617a74852c0ce3b054ea274b651
2131,Foothill Independent,Lu & Zhu,734.3649101504047,164.4624564738749,6,1063.2898230981546,4365619461189f781b92f166ecd14483de9aab6d1aa24b366bcefa16dfc9f054
2132,Math and Science,Jayanth & Pawar,732.9080224593902,158.36307247705224,6,1049.6341674134947,b123eb21ffa8366b84fca0422c1444e47a56a068283b2b3d69bab0d96b1d6861
2133,Ravenwood,Raj & Ravilla,731.4648935086415,164.28402803755222,6,1060.032949583746,6ff2f593b5bde56b73ce0fcf32f884b718d7bb20975d80692a4ac2eadf8669c6
2134,Brooklyn Technical,Sharma & Zhang,731.078265219509,170.7879095890293,6,1072.6540843975677,f8ee181cb13c248f00d149d49ae252567272495ff331785cb92a92cc7f98f149
2135,Oakwood,Garcia & Khosla,729.3594723239349,172.22494625693258,5,1073.8093648378,4ff7a3dbef31b7e1f69b6b4c83fe5e683f5d740ed9b555c0b5ee90a12debc583
2136,Nueva,McLaughlin & WOJIN,726.2471270868152,163.6395740510723,6,1053.5262751889597,acb223672955858f42eb2841cd20c11c1044b3f797b5caea99750de88ad525f2
2137,Byram Hills,Dantu & Ghelarducci,725.808838553424,132.6489767812803,12,991.1067921159847,5cc00aebf7d56556e45f664d66a44a296cf5ab66c7bc16094f23ff770a7d54c2
2138,Paul Laurence Dunbar,Mardini & Vaish,724.7038220673581,205.13315999545222,5,1134.9701420582626,39d6b7e054391cbfd50647db7566247b9f014b0a391a8fd0873ae9cda6e1d711
2139,Collegiate,Mena & Warner,724.010153235684,190.21956555276694,6,1104.449284341218,0818e5534693bda9d9292ec114ede3b35569171c27c3065010d02141a43b4af8
2140,Madison West,Gresch & Sydnor,722.0461148358975,177.45212434992303,5,1076.9503635357435,2fd0c2bf062bdb43ec0e5d003a1a06cfc5661eafd96126c7bc6caaded403a269
2141,Math and Science,Deepak & Foster,720.8928418855035,151.76027764248974,6,1024.413397170483,8b3280a82575e559a945278984650799f9e7f28c4774f60d0216782ef4c0ee1b
2142,Los Altos,Avidan & Liu,720.6348210387401,163.53739630377953,6,1047.7096136462992,544af7322f025f045b752501fd85cbf6d7513f40c5889469e59f82845e3fcf44
2143,Des Moines Christian,De Mello De Santos & Hein,720.3300545246776,205.9761832296146,4,1132.2824209839068,e0e7ac1e069d8dab08dd6821c46fde6eaed42cf520d535f659cd5e9ae7a05532
2144,Round Rock,Plant & Rajkumar,718.7117158247415,161.27184434446562,6,1041.2554045136728,9045e4bbb72974e4e7c8dc7334c4f46c44e9f6d22f4a736f83ca4162a73f788a
2145,James Logan,Mendoza & Nguyen,717.1298416315477,190.05444122092825,5,1097.2387240734042,9c249b5201b302eebd6e6b9b8b1e9b734b1717e2808dabb8974f19a8c7c30730
2146,Emerald,Bala & Jha,716.0101301346406,144.8767613443924,11,1005.7636528234254,27d65757d496ef6ae4d390df2b9f74667128d885caa5172c7f4e7419f5a953d1
2147,St John's,Arnold & Sanchez,715.6954120827905,161.6358537888854,6,1038.9671196605614,662fed4fc4ced837b3cf937fab8a1a92778d9e8ce34c56c933f4b2d9495887bb
2148,Bettendorf,Buntemeyer & Newman,715.4830168379576,134.62331209985538,12,984.7296410376684,7fa3b3c4e133010145e0ee88259e4b632c7c8708926611071088e9fc33c7ce53
2149,Brooks Debate Institute,Agarwal & Parasumanna,713.0831270626963,177.11905155596926,5,1067.3212301746348,992969c78152d9b8658dea97e5f4650c7ae3686aee31b6e7beb01e35bec8b72c
2150,Jordan,Bui & Wu,711.3206018050689,180.56392970673588,5,1072.4484612185406,9f8b9c7e2b011c3a5db3f95a89ea0284ec846812b46e1584621dc78db46124fc
2151,Byram Hills,Contreras & Gish,711.0626011329441,142.64609515325694,10,996.354791439458,cfbc168c3bd8d206bde441d073429cab4e30fcc08e01562e5934d3974f3383d0
2152,Lake Mary,Klaus & LaRose,710.9201807538425,181.8994980609161,5,1074.7191768756747,4848d9d2f97da19687fd5c9dae6b8a44231b9d907fc09511ce86f6d5503d5fd6
2153,Hunter,Du & Wang,710.1856066145062,163.87300358090238,6,1037.931613776311,a2d0a62bdf39527a729a396a27af43a496286f329df8ee335bb47a783866bfce
2154,Dr. Phillips,Lopez & Salles,708.762760139025,168.62975702488976,5,1046.0222741888044,b14194887f223fc7a9db64aee3e573eb04137fddf612dea3bf705163dcfd9a19
2155,Duchesne Academy of the Sacred Heart,Balderas & Holifield,708.3997147880547,185.7807018593639,5,1079.9611185067824,b1ff4fe1be6881c4ca8d3e6a787a66c8556a5a6632d0a5d8e8f8194330a2b32d
2156,ModernBrain,Hu & Zhou,707.5921032814753,167.51232336237643,6,1042.6167500062281,29a62bb5a7c3699f597888479aad7bb3cfc8b37e1ff487744d791b64449268f1
2157,Loyola,Kedeshian & Novshad,706.5566045295311,135.8896798976422,10,978.3359643248156,a6589049009b6bd26d1f042a60ff600a4f8a2702875fbde17f5234721308ee54
2158,Northwood,Godse & Obando,704.82427154897,178.21681719980904,5,1061.2579059485881,40da1535659042dd110eaa4e114449f822da2db3f2b4a747a8a7baf6c268fe09
2159,American,Rao & Viswanath,699.61693600058,161.36764730157415,6,1022.3522306037283,5078b00a01aa060cd77d2c3d749341acebb611ffad4a98e85eade9976962326e
2160,Western,Savin & Wagner,699.1633129966513,204.90141880734208,5,1108.9661506113355,2e6aeefe307f632f8d7d6901a268c50e939cc2c08f6a6b248c39ad4bab3e42c6
2161,Phoenix Independent,Mohan & Shin,696.4252001623097,167.25304838528132,5,1030.9312969328723,a098f0caa9afe6ca45cf15c8db0d74a08bb68c4c7b63183e07c5a4b1892c496f
2162,Oakwood,Gonzalez & Stern,696.3974351731649,162.94145433209928,5,1022.2803438373635,19e808b68394dc68ec4bde41edb4f7103a2fe463002927ee4197af269959433c
2163,Mission San Jose,Gunasekaran & Gupta,696.1381775200116,159.20764280032833,6,1014.5534631206683,bf6f49ffb8825025ef934afb8834e71c0cbc2028010bdbc860e151b8e7c11dc1
2164,Golden State,Damireddy & Li,695.7794184251804,163.7600707001158,6,1023.299559825412,d75154a3f287867dfcaa75b2174d398ac20c11577861a8d1928b9e6079a88f85
2165,Roslyn,Hsiao & Kaufman,688.6477289745592,189.73972626291365,5,1068.1271815003865,9b14fa41c07f884b5641118baedbc18256bdbfdf87b912946e4d5093d7275614
2166,Columbia Secondary COMPASS,Authers & Doumbouya,687.8808238326119,162.85331750789112,6,1013.5874588483941,89b582df7764450abfa3a662cd324cf3eea7382538397a76b8df78ef5fe2fb25
2167,Marriotts Ridge,Hagan & Hwang,684.2016875655158,168.86212826606547,5,1021.9259440976468,e8eb2e5cb2bc03df8f8e5fc257b5a020ff69a1b47dd67ed5b64af1dee6a2b60a
2168,Belen Jesuit Prep,Conde & Kleszczewski,683.3927629935711,166.400613036615,6,1016.1939890668011,d34afc0f2fcdfc5732d1a2a3cfe49d471bb911743938bd47b062d27508cca02d
2169,Cranbrook,Ding & Li,682.9707882351126,162.38167232716015,6,1007.734132889433,7bf390d7cf0050edb14fe6afeba8e36d0298068471e2e79cef6c208f60e6cd34
2170,Berkeley Carroll,Hirsch & Moody,680.9990214455643,176.86237023098957,5,1034.7237619075433,1336ffe0c67c72b1e7202100bb202c3df3c4bac70a062b57d7beb274c20c6af5
2171,Dougherty Valley,Chen & Singh,680.3639851249417,157.77199575107107,6,995.9079766270838,08b58024fd236623dbe582b7a6f042e056bd2f23254b7533a6adcfcf91905f57
2172,BASIS Independent McLean,Hiu & Tashkhanov,679.1346790117823,186.38380248747328,5,1051.902283986729,3b28dd24be5baa7c4f6c201330bd9d7df6c01af193f79ffda89a31d40031e29b
2173,Freehold Township,Mena Moss & Wadhia,678.367803268935,167.23266592141331,6,1012.8331351117616,4f7a788fb1fa6a78856164dfd28033d025072d4e5e3c84e8b7b0f00b4c0fbdff
2174,Quarry Lane,Dambe & Giri,676.0360509539095,159.39584677582405,6,994.8277445055576,abbbd0c3d32ab11ce31d295ec5e8fa5c9243a73b9f4d750fdb4da32dedce9fb6
2175,Cypress Bay,Guzman & Shetty,675.7810021045566,165.2718096324173,10,1006.3246213693913,0d98d402499f4bcbf2fc9470a348cce82fb42c8e324e598fa39282c9b5e7d033
2176,Valley Christian,Handy & Xiong,675.5962291243395,171.50098401996033,5,1018.5981971642602,a52c96ca6f912c87f1eab0cfd62a46fc301de165d1aceb1bbb4d18deabcc714b
2177,James Bowie,Diaz & Lamm,672.0261845394118,179.35931815159606,5,1030.744820842604,1eb7b62bc9ece02c1f1ea8c7ec8e7cf508dc7a965a506d8a3141e9aa52d1399b
2178,Bishop Moore Catholic,Olivia Nadeau,671.7547767072383,185.22627722926947,5,1042.2073311657773,327d1b4da3bb6fa6f8eb220d73d9b9e863d99d52bbe4b04f4b3a1ae841aae422
2179,Cranbrook,Lee & Wang,670.861196371279,175.5163330021173,6,1021.8938623755137,277619cc3efaf6e8f671aae1c6175215ea0ee55e2aff397d28f77a1687563c68
2180,Central,Adjepong & Pirok,670.6943054434338,170.87746220661552,5,1012.4492298566648,0425a7a397df7b6d2484afb6989ca4c2d138c256408a4e2271b399f157199a84
2181,Cypress Woods,Desai & Krancher,670.2774378742772,174.16310823002723,5,1018.6036543343317,4f7d8033e1c929a2539f861ddb842ac17a4f8e989b8fd6256aaa06554cff0953
2182,Independence,Nguyen & Tong,666.8318209613112,191.66220589761727,5,1050.1562327565457,4453503387e7b0471d7dfa22d8819510ad210600aef6bf78a354bb0c27a734d0
2183,Ardrey Kell,Choudhary & Nemalikanti,666.3797945082462,163.3540279752745,6,993.0878504587952,73759928dc9b347144583196e9d5e07a86878cfdeda502a06454d49b35aecc21
2184,Loyola,Lally & Wong,665.4118129390137,204.69527237682036,4,1074.8023576926544,8c9640103073a255904c3b17d6fa776bebd8460a408b5fd0e7ebaebf44fa117b
2185,Valley Christian,Wu & Zhu,662.0459673220516,165.51441066849392,5,993.0747886590395,812940c2415fb4c6db05d9cac1fa26c40bf190d707cb0d9ed18d96cebbe24354
2186,Schreiber,Dhillon & Messina,660.7656494953264,157.468259339637,6,975.7021681746004,e33f7b81ece642beaec5a85ac5ac114fda07ae091948d680d36df01ebd3d1086
2187,Cranbrook,Guo & Weizer,659.6784505789734,170.3247393256076,6,1000.3279292301886,1b568e2f497951a14baeaa6d2ef9abaf34365f25ecaa17cd7d58181080ca5aee
2188,Omega,Jiang & Malia,657.6556749489132,170.38287107660267,5,998.4214171021185,ca3d48f465e4a7e8afd7bbaefde4b71864a56db65ee93f14e955044a711f037e
2189,Westborough,More & Pargaonkar,656.612869852947,175.41234823561427,5,1007.4375663241756,73276d19cfd32304ecd4f0130d90961ec0e2c3436399d188bbc2ce9319554741
2190,Lexington,Mishchenko & Vadlamani,656.2545787576175,170.46079215796678,5,997.1761630735512,05328075381790955ff18076096803fc02be9a095cee3dc40bfe61290458d360
2191,Brophy,Perrin & Raghavan,656.2531758717316,184.09157057162724,5,1024.4363170149861,ef4e1ccfd326400f2bc8c0954e2ceb96dc58bde7911fd19be6759a6ba3728960
2192,"Young Genius, Bay Area",Jiang & Saraswati,655.3838946287585,157.58128132185155,6,970.5464572724616,55ff1d069b2160621f8a14feb9b054d4e2f67aa44938b7352ea1c8c04b0f4f8a
2193,SA Bronx,Akowuah & Boamah,652.8309488507789,168.98999681808667,5,990.8109424869522,f32e10a7457518459e9d73a7765f4c944f4ee6ec9961cd7ea5b4043cd85cfc33
2194,Math and Science,Gilbert & Pawar,651.8036193840511,157.40394790951456,6,966.6115152030802,d8f6e1e3a85c04db9995bd59f88ebc878211e85412116fdecec72298fd8792e7
2195,HS of American Studies,Boon-Bordenave & Dillon-Eirich,651.685786445766,159.54418894613428,6,970.7741643380346,07cdc4bd6190ce624806033d9c91875b8e2bccc3b7b0d84b17605cbbbc329d39
2196,St Ignatius College Prep,Hwang & Lee,649.2739874726838,162.66998802343997,6,974.6139635195638,70354d4d427b3d2ab38f07a71aca09bf3ad926629f8106746f0c6d0b8382ac2f
2197,Germantown Friends,Kennedy & Quiroz,649.1737643457293,165.16785702732895,5,979.5094784003871,6431eb90afc3f3ff13f08008420f09c2bd13e18ebf00c43d8af94618405f2a23
2198,Denver East,Cavens & Mohare,646.613105837856,160.80447853248455,6,968.2220629028251,12bef9aa25380649a8c5eaf6634a80539fc7bdb64842b4cfbb023beb1c40c2f9
2199,Palo Alto,Ali & Woo,643.780376068248,174.9483977572528,5,993.6771715827535,b6e1de7943c08a546f00dcf70af94aa4a76365f17bee28f9ed3615bff1ff6437
2200,CR North,Jain & Luce,643.0039559934619,184.58705192112868,5,1012.1780598357193,ed5eb7b4d4b3e6bb0945df13742e8675f93ab753e92f3393efbcd926d07032ad
2201,Gabrielino,Mai & Zhen,641.8409850079114,173.53687448886922,5,988.9147339856498,30c11d717c868c7da93aa991fa9645c99ccab3b4ea657a5cddfcf1a9f3f438b5
2202,Layton,Black & Williams,640.696617153889,169.07477740108845,6,978.8461719560659,6a49984238e0866a8dbf8f9ac1057286136250a6a0617567cf87bf22a58329d2
2203,Lambert,Du & Lin,634.1044512188389,181.86600286365513,5,997.8364569461492,c010a6e165c33fec1787ae6f7ac1a3bf372a524cc9b763b120b7105d440b2ec6
2204,Marvin Ridge,Gunderson & Wilson,633.8585131514567,163.7967663298344,6,961.4520458111255,9ebe9b179449ab5a76955c155f84ba30511693d96e232bc072dc5a8a2bebc8bd
2205,Benjamin,Jean-Baptiste & Pedroni Spinola,633.0777879038282,192.546174123443,4,1018.1701361507141,7ef8c3a0e710e93727579926928ba7cdbe20ae2170cf0080e601b156a07310b7
2206,HS of American Studies,Caswell & Esparza,630.9714426530948,163.49774458973664,6,957.9669318325681,4df4cd39a2516b45f8ac7519ec6ffbce6af2699095b8632141170a75de58441d
2207,Palm Harbor,Daniel & Sandusky,629.1023802962111,158.81488537610372,6,946.7321510484185,b47c850d0dd3be1f3aa335bc6a3c4147b5534238164af13f5ae8ffb27f43d8b7
2208,Long Branch,Mendoza & Roman-Gil,626.3905495922301,155.55696304899897,6,937.504475690228,d3bd655b79422084a7554d46977c4011aff5abbeb5a01c276d7630ef09420889
2209,New Orleans Charter Science And Math,Schreiber & Warren,626.2445226599666,147.8541974057135,9,921.9529174713936,9cd8e58a2672d0ae009da90a516d2ce5b07f192891f5fd4a39d9469e4e5044d8
2210,Charles W Flanagan,Diaz & Sanjudo,624.8217587327506,155.56315074406425,8,935.9480602208791,85431abf7c4de4d1382715737b94e408db04610ff7c46162d8f27eabf6e6f01d
2211,Clear Lake,Cook & Falls,624.5860497544173,163.81335575320094,6,952.2127612608192,7b82c42ecf1c1870917c8e4f5e5633dc50c92137ecd7f2313bc01e971f41b2cf
2212,Pusch Ridge Christian,Calhoun & Urias,624.5390871135937,155.0860838099983,6,934.7112547335904,ab73f030116f2ca3a25fe07a334f46c4e878366658fd4d1b48231679825e8c1a
2213,SF Roosevelt,Nathan Mekibeb,623.1610463239765,181.36757883267077,5,985.8962039893181,940e5c1f590825a59e0ee2e1789eba56a15ffd83e0f29a420f6c90d744bb88da
2214,La Salle College Prep,Carr & Panay,621.7148860508485,188.85416815468704,5,999.4232223602226,1814b6fe96629e81789e39db708d3c5d362c8ef614044d0cb57fa27775dfde80
2215,Hawken,Williams & Zhou,620.8825390420129,178.37656783592192,5,977.6356747138567,af626f7921990dbe66fc3cfb644d65f9bcbadbd5da01793b7ac171657538958e
2216,SA Hudson Yards,Ibrahim & Kounga,615.8910158024858,186.33501435484902,4,988.5610445121838,b89d458d2af3ba1fd92f9234b22c2a015051f17247893cacb98868ef63893edb
2217,Harker,Hu & Kong,615.6491142796754,185.61897132851126,5,986.8870569366978,d16e61fa0ae88aac8f88f7fda35aa680b1ddf203feeb616911cc27d0f82cadcb
2218,HS of American Studies,Liu & Metzner,613.8576243259986,161.11047841760083,6,936.0785811612002,8119e5ea0556d408483d43acaf894492faa11e2879d55e4e374df5f76ea634fb
2219,Bishop Gorman,Khachoyan & Latimer,612.4927612565841,163.8770009473569,6,940.246763151298,05001845b18bd543af6da4332583b92d4a2fd3ad782634c68b9fd2a01f8d0917
2220,West Windsor Plainsboro South,Cadenillas Bedoya & Wang,610.055419160965,166.69534029075749,6,943.44609974248,6d67c93fd8ff98571f18b7c3625a19f163e19b536d9548138769a3ded3023b65
2221,Loyola,Kwon & Raofi,609.0298724191664,187.4499526898271,4,983.9297777988205,54e2d0a713c8423fffdf656c406c79a6e48bde21f3eb460516a59a0b7a78cd0f
2222,Loyola,Diab & Kim,599.4029871388501,170.05869055473966,6,939.5203682483294,43dd5a77ffac32c19bf02407772090bc356917d070954524f90534467aff5382
2223,Brooklyn Technical,Jones & Toya,598.2673391248096,189.5041709362651,6,977.2756809973398,902fe68edf29a76c84bd9a975a005b387726b5657826e9982baee2367acf48b4
2224,Edina,Allocco & Ma,596.5270463023396,164.39740027367571,6,925.321846849691,5aa11ecb0858e35eb6a3caa80fd667f6f5ac8a9cc5de9ccd2d940f016860986f
2225,Mountain Brook,Bradford & Pringle,584.8783690285818,164.17718939857727,6,913.2327478257363,89133aa48485be49386f7b626a1e1e4f2af941e39631c8f692129080ac5c3d13
2226,Edward R Murrow,James & Martinez,582.5555013747735,163.07252907768896,6,908.7005595301514,5c65e2d71d7e43bc63e70387e88a316d90b9f315f54095763dbe8140f6d5a138
2227,Montgomery Township,Khurana & Nagireddy,579.7541835355136,164.08998589745067,6,907.9341553304149,ecc779471d5f6a3b24b3cd161b16325f5e0b220d58d00211a9e855f48f8afbda
2228,Winchester,Albers & S,572.8266477980833,160.29880811093184,6,893.4242640199469,3ad3dd338578d8cb2057e90cc1078094d0136ad797f8a556f96caebce0b74475
2229,Gulliver Prep,Bailey & Landi,570.3313222786883,181.43645584008937,5,933.204233958867,f342cf6e1111f54238f576cde7cfca4a3c9130bd8cb6b35b89a76ab70a048633
2230,Schreiber,Chernosky & Loftus,568.7216895884936,157.77743338973357,6,884.2765563679608,0105841930a09997a94c2df150683ce5055c950bb184a148785998fe4230a13e
2231,SA Midtown West,Huang & Sofi,557.5826481450259,159.65735224454806,6,876.8973526341221,ccc358fd2123fc49fdf8d77d22d306e5918c98e6111e85bbd6297224b6920c37
2232,ModernBrain,Mu & Wayne,554.976414309454,185.32733476050063,4,925.6310838304552,48b693059f8f23b350f53b043fea132ff5c91db61dae517762883a7982a6e8f8
2233,Chapin,Gooden & Yi,549.6203080342138,164.7032614850428,6,879.0268310042994,9cb20251c6da57f954fcb9297922d5b4e182e68f8955a2f586363edca1c5c0f2
2234,Lake Travis,Klopp & Mir,545.8043844197528,212.4456980058558,5,970.6957804314644,8bdd6bee122ef08821ab4dc83d410fc977c0f3cf631230837e528649e9265d33
2235,Round Rock,Ganesh & Mallu,536.4967708642233,173.03645306388995,6,882.5696769920032,c8c2b0658cc2cf69f36239c721d51d6cd8a932215a0f94f84ad03df05c9c0e22
2236,Marriotts Ridge,Agarwal & Nwosu,525.9289713321534,188.503549223119,5,902.9360697783915,16965b483a4bf529686dff9f1640a9368eb791a24d8942f7f680ea0a57db85c7
2237,Bishop Gorman,Khachoyan & Rankin,524.7246535770144,187.87070261749514,6,900.4660588120046,a08d9078dc5ce9bb6ed85d5d12c5367e89ecdea8652fd9ad10e30d0bcbead264
2238,Valley Christian,Huang & Xu,522.6512462463804,164.61498396145367,10,851.8812141692878,f8d1954c08b33112856187e03987f6fc3a50b4a792d4c9f670b2b7a8d3d645b4
2239,Weston,Kim & Szeto,517.9697744275425,168.14541649601588,5,854.2606074195742,806c7cd7a5a610769b1b023af3f383e76e937d97d7a971f37f3599a5722e4b8f
2240,Dougherty Valley,Liu & Paluru,515.1838206845732,190.95749818458287,5,897.098817053739,465adb00d257b704c395128ff5a78d8ad943ab336d3d0c2ff0a89afe7eeaf879
2241,Kinkaid,Chery & Papadopoulos,507.67405922747537,235.15888630189954,3,977.9918318312745,293b7e4527aa16f63705c7f572e497fcbd54dedf3434312454ed0aeab49f5ca0
